source,target,relationship,evidence_type,source_note
asset::ilm01_(gaia-aβ),company::illimis_therapeutics,OWNED_BY,E3,Scorecard__ILM01_(GAIA-Aβ)__20260806
asset::ilm01_(gaia-aβ),"target::amyloid-β,_especially_oligomeric_aβ;_tam_receptors_tyro3_axl_mertk_as_t_ba5985eb",TARGETS,E3,Scorecard__ILM01_(GAIA-Aβ)__20260806
asset::ilm01_(gaia-aβ),moa::aβ_binding_plus_engineered_gas6-mediated_tam_receptor_clustering_activa_103fe530,HAS_MOA,E3,Scorecard__ILM01_(GAIA-Aβ)__20260806
asset::ilm01_(gaia-aβ),modality::protein_biologic,HAS_MODALITY,E3,Scorecard__ILM01_(GAIA-Aβ)__20260806
asset::ilm01_(gaia-aβ),indication::early_symptomatic_alzheimer's_disease;_exact_intended_clinical_populati_44d70da0,HAS_INDICATION,E3,Scorecard__ILM01_(GAIA-Aβ)__20260806
asset::ilm01_(gaia-aβ),theme::neuroimmune,MAPS_TO_THEME,E3,Scorecard__ILM01_(GAIA-Aβ)__20260806
asset::ilm01_(gaia-aβ),cluster::교세포_향상성,MAPS_TO_CLUSTER,E3,Scorecard__ILM01_(GAIA-Aβ)__20260806
asset::ilm01_(gaia-aβ),scorecard::ilm01_(gaia-aβ)_20260806,HAS_SCORECARD,E3,Scorecard__ILM01_(GAIA-Aβ)__20260806
asset::ilm01_(gaia-aβ),competitor::eisai_biogen_leqembi_(lecanemab),HAS_COMPETITOR,E3,Scorecard__ILM01_(GAIA-Aβ)__20260806
asset::ilm01_(gaia-aβ),competitor::eli_lilly_kisunla_(donanemab),HAS_COMPETITOR,E3,Scorecard__ILM01_(GAIA-Aβ)__20260806
asset::ilm01_(gaia-aβ),competitor::eli_lilly_remternetug_(ly3372993),HAS_COMPETITOR,E3,Scorecard__ILM01_(GAIA-Aβ)__20260806
asset::ilm01_(gaia-aβ),competitor::roche_trontinemab,HAS_COMPETITOR,E3,Scorecard__ILM01_(GAIA-Aβ)__20260806
asset::ilm01_(gaia-aβ),competitor::acumen_pharmaceuticals_sabirnetug_(acu193),HAS_COMPETITOR,E3,Scorecard__ILM01_(GAIA-Aβ)__20260806
asset::ilm01_(gaia-aβ),source::illimis_therapeutics_company_intro_ncdp_202601_skbp_share,USES_SOURCE,E3,Source__Illimis_Therapeutics_Company_Intro_NCDP_202601_SKBP_share
scorecard::ilm01_(gaia-aβ)_20260806,source::illimis_therapeutics_company_intro_ncdp_202601_skbp_share,SUPPORTS_SCORE,E3,Source__Illimis_Therapeutics_Company_Intro_NCDP_202601_SKBP_share
asset::ilm01_(gaia-aβ),source::https_illimistx.com_en,USES_SOURCE,E3,Source__Illimis_Therapeutics_official_website
scorecard::ilm01_(gaia-aβ)_20260806,source::https_illimistx.com_en,SUPPORTS_SCORE,E3,Source__Illimis_Therapeutics_official_website
asset::ilm01_(gaia-aβ),source::https_illimistx.com_en_sub_platform%26pipeline_pipeline.php,USES_SOURCE,E3,Source__Illimis_Therapeutics_official_pipeline
scorecard::ilm01_(gaia-aβ)_20260806,source::https_illimistx.com_en_sub_platform%26pipeline_pipeline.php,SUPPORTS_SCORE,E3,Source__Illimis_Therapeutics_official_pipeline
asset::ilm01_(gaia-aβ),source::https_illimistx.com_en_sub_platform%26pipeline_platform.php,USES_SOURCE,E3,Source__Illimis_Therapeutics_GAIA_platform
scorecard::ilm01_(gaia-aβ)_20260806,source::https_illimistx.com_en_sub_platform%26pipeline_platform.php,SUPPORTS_SCORE,E3,Source__Illimis_Therapeutics_GAIA_platform
asset::ilm01_(gaia-aβ),source::https_illimistx.com_en_sub_investor%26media_news.php_bid=16&idx=282&mod_5a2ae7b8,USES_SOURCE,E3,Source__Illimis_Therapeutics_$42M_Series_B_press_release
scorecard::ilm01_(gaia-aβ)_20260806,source::https_illimistx.com_en_sub_investor%26media_news.php_bid=16&idx=282&mod_5a2ae7b8,SUPPORTS_SCORE,E3,Source__Illimis_Therapeutics_$42M_Series_B_press_release
asset::ilm01_(gaia-aβ),source::https_illimistx.com_en_sub_platform%26pipeline_conference.php,USES_SOURCE,E3,Source__Illimis_Therapeutics_conference_presentations
scorecard::ilm01_(gaia-aβ)_20260806,source::https_illimistx.com_en_sub_platform%26pipeline_conference.php,SUPPORTS_SCORE,E3,Source__Illimis_Therapeutics_conference_presentations
asset::ilm01_(gaia-aβ),source::https_illimistx.com_data_aaic%202025_abstract_illimistx.pdf,USES_SOURCE,E3,Source__AAIC_2025_GAIA-Aβ_abstract
scorecard::ilm01_(gaia-aβ)_20260806,source::https_illimistx.com_data_aaic%202025_abstract_illimistx.pdf,SUPPORTS_SCORE,E3,Source__AAIC_2025_GAIA-Aβ_abstract
asset::ilm01_(gaia-aβ),source::https_www.nature.com_articles_s41591-022-01926-9,USES_SOURCE,E3,Source__Anti-inflammatory_clearance_of_amyloid-β_by_a_chimeric_Gas6_fusion_protein
scorecard::ilm01_(gaia-aβ)_20260806,source::https_www.nature.com_articles_s41591-022-01926-9,SUPPORTS_SCORE,E3,Source__Anti-inflammatory_clearance_of_amyloid-β_by_a_chimeric_Gas6_fusion_protein
asset::ilm01_(gaia-aβ),source::https_www.biospectator.com_news_view_28887,USES_SOURCE,E3,Source__BioSpectator_interview_on_ILM01_preclinical_program_and_planned_2027_cl_e077b90f
scorecard::ilm01_(gaia-aβ)_20260806,source::https_www.biospectator.com_news_view_28887,SUPPORTS_SCORE,E3,Source__BioSpectator_interview_on_ILM01_preclinical_program_and_planned_2027_cl_e077b90f
asset::ilm01_(gaia-aβ),source::https_www.fda.gov_news-events_press-announcements_fda-converts-novel-al_2dfaf7af,USES_SOURCE,E3,Source__FDA_traditional_approval_of_Leqembi
scorecard::ilm01_(gaia-aβ)_20260806,source::https_www.fda.gov_news-events_press-announcements_fda-converts-novel-al_2dfaf7af,SUPPORTS_SCORE,E3,Source__FDA_traditional_approval_of_Leqembi
asset::ilm01_(gaia-aβ),source::https_www.fda.gov_drugs_news-events-human-drugs_fda-approves-treatment-_abbc72bc,USES_SOURCE,E3,Source__FDA_approval_of_Kisunla
scorecard::ilm01_(gaia-aβ)_20260806,source::https_www.fda.gov_drugs_news-events-human-drugs_fda-approves-treatment-_abbc72bc,SUPPORTS_SCORE,E3,Source__FDA_approval_of_Kisunla
asset::ilm01_(gaia-aβ),source::https_trials.lilly.com_en-us_trial_548297,USES_SOURCE,E3,Source__Lilly_TRAILRUNNER-ALZ_3_remternetug_trial
scorecard::ilm01_(gaia-aβ)_20260806,source::https_trials.lilly.com_en-us_trial_548297,SUPPORTS_SCORE,E3,Source__Lilly_TRAILRUNNER-ALZ_3_remternetug_trial
asset::ilm01_(gaia-aβ),source::https_clinicaltrials.gov_study_nct07169578,USES_SOURCE,E3,Source__ClinicalTrials.gov_trontinemab_Phase_3_study_NCT07169578
scorecard::ilm01_(gaia-aβ)_20260806,source::https_clinicaltrials.gov_study_nct07169578,SUPPORTS_SCORE,E3,Source__ClinicalTrials.gov_trontinemab_Phase_3_study_NCT07169578
asset::ilm01_(gaia-aβ),source::https_acumenpharm.com_altitude-ad,USES_SOURCE,E3,Source__Acumen_ALTITUDE-AD_sabirnetug_study
scorecard::ilm01_(gaia-aβ)_20260806,source::https_acumenpharm.com_altitude-ad,SUPPORTS_SCORE,E3,Source__Acumen_ALTITUDE-AD_sabirnetug_study
asset::ilm01_(gaia-aβ),source::https_alz-journals.onlinelibrary.wiley.com_doi_10.1002_trc2.70251,USES_SOURCE,E3,Source__Alzheimer's_disease_drug_development_pipeline_2026
scorecard::ilm01_(gaia-aβ)_20260806,source::https_alz-journals.onlinelibrary.wiley.com_doi_10.1002_trc2.70251,SUPPORTS_SCORE,E3,Source__Alzheimer's_disease_drug_development_pipeline_2026
asset::ilm01_(gaia-aβ),source::https_alz-journals.onlinelibrary.wiley.com_doi_10.1002_dad2.12497,USES_SOURCE,E3,Source__Estimating_prevalence_of_early_symptomatic_Alzheimer's_disease_in_the_U_65d8288f
scorecard::ilm01_(gaia-aβ)_20260806,source::https_alz-journals.onlinelibrary.wiley.com_doi_10.1002_dad2.12497,SUPPORTS_SCORE,E3,Source__Estimating_prevalence_of_early_symptomatic_Alzheimer's_disease_in_the_U_65d8288f
asset::ilm01_(gaia-aβ),source::https_www.eisai.com_news_2023_news202302.html,USES_SOURCE,E3,Source__Eisai_U.S._pricing_approach_for_Leqembi
scorecard::ilm01_(gaia-aβ)_20260806,source::https_www.eisai.com_news_2023_news202302.html,SUPPORTS_SCORE,E3,Source__Eisai_U.S._pricing_approach_for_Leqembi
asset::ilm01_(gaia-aβ),source::https_investor.lilly.com_news-releases_news-release-details_lillys-kisu_5dbfd133,USES_SOURCE,E3,Source__Lilly_Kisunla_approval_and_limited-duration_treatment_cost
scorecard::ilm01_(gaia-aβ)_20260806,source::https_investor.lilly.com_news-releases_news-release-details_lillys-kisu_5dbfd133,SUPPORTS_SCORE,E3,Source__Lilly_Kisunla_approval_and_limited-duration_treatment_cost
asset::ilm01_(gaia-aβ),source::https_www.alz.org_getmedia_ef8f48f9-ad36-48ea-87f9-b74034635c1e_alzheim_55918ed3,USES_SOURCE,E3,Source__2026_Alzheimer's_Disease_Facts_and_Figures
scorecard::ilm01_(gaia-aβ)_20260806,source::https_www.alz.org_getmedia_ef8f48f9-ad36-48ea-87f9-b74034635c1e_alzheim_55918ed3,SUPPORTS_SCORE,E3,Source__2026_Alzheimer's_Disease_Facts_and_Figures
asset::wt-1108,"company::hangzhou_westan_pharmaceutical_technology_co.,_ltd",OWNED_BY,E2,Scorecard__WT-1108__20260621
asset::wt-1108,target::p2x3_receptor_p2rx3,TARGETS,E2,Scorecard__WT-1108__20260621
asset::wt-1108,moa::selective_p2x3_receptor_antagonism_intended_to_reduce_atp-mediated_airw_a0f471fe,HAS_MOA,E2,Scorecard__WT-1108__20260621
asset::wt-1108,modality::small_molecule,HAS_MODALITY,E2,Scorecard__WT-1108__20260621
asset::wt-1108,indication::refractory_or_unexplained_chronic_cough_(rcc_ucc),HAS_INDICATION,E2,Scorecard__WT-1108__20260621
asset::wt-1108,theme::others,MAPS_TO_THEME,E2,Scorecard__WT-1108__20260621
asset::wt-1108,cluster::others,MAPS_TO_CLUSTER,E2,Scorecard__WT-1108__20260621
asset::wt-1108,scorecard::wt-1108_20260621,HAS_SCORECARD,E2,Scorecard__WT-1108__20260621
asset::wt-1108,competitor::merck_&_co._msd_gefapixant_lyfnua,HAS_COMPETITOR,E2,Scorecard__WT-1108__20260621
asset::wt-1108,competitor::gsk_bellus_health_camlipixant_blu-5937,HAS_COMPETITOR,E2,Scorecard__WT-1108__20260621
asset::wt-1108,competitor::shionogi_sivopixant_s-600918,HAS_COMPETITOR,E2,Scorecard__WT-1108__20260621
asset::wt-1108,competitor::jiangsu_hengrui_guangdong_hengrui_hrs-2261,HAS_COMPETITOR,E2,Scorecard__WT-1108__20260621
asset::wt-1108,competitor::hansoh_pharma_hs-10383,HAS_COMPETITOR,E2,Scorecard__WT-1108__20260621
asset::wt-1108,competitor::createrna_langlai_technology_qr052107b_relicpixant,HAS_COMPETITOR,E2,Scorecard__WT-1108__20260621
asset::wt-1108,source::https_westanpharma.com_products.aspx,USES_SOURCE,E2,Source__Westan_products_page
scorecard::wt-1108_20260621,source::https_westanpharma.com_products.aspx,SUPPORTS_SCORE,E2,Source__Westan_products_page
asset::wt-1108,source::https_www.changbaicao.cn_trialsdetail-id-20793.html,USES_SOURCE,E2,Source__Changbaicao_CTR20254063_trial_page
scorecard::wt-1108_20260621,source::https_www.changbaicao.cn_trialsdetail-id-20793.html,SUPPORTS_SCORE,E2,Source__Changbaicao_CTR20254063_trial_page
asset::wt-1108,source::https_synapse.patsnap.com_drug_0b28edb3230146bca084e523c94678b2,USES_SOURCE,E2,Source__Synapse_WT-1108_drug_page
scorecard::wt-1108_20260621,source::https_synapse.patsnap.com_drug_0b28edb3230146bca084e523c94678b2,SUPPORTS_SCORE,E2,Source__Synapse_WT-1108_drug_page
asset::wt-1108,source::https_pubmed.ncbi.nlm.nih.gov_35248186,USES_SOURCE,E2,Source__Lancet_COUGH-1_COUGH-2_PubMed_record
scorecard::wt-1108_20260621,source::https_pubmed.ncbi.nlm.nih.gov_35248186,SUPPORTS_SCORE,E2,Source__Lancet_COUGH-1_COUGH-2_PubMed_record
asset::wt-1108,source::https_www.gsk.com_en-gb_media_press-releases_gsk-reaches-agreement-to-a_c4beb605,USES_SOURCE,E2,Source__GSK_BELLUS_acquisition_press_release
scorecard::wt-1108_20260621,source::https_www.gsk.com_en-gb_media_press-releases_gsk-reaches-agreement-to-a_c4beb605,SUPPORTS_SCORE,E2,Source__GSK_BELLUS_acquisition_press_release
asset::wt-1108,source::https_www.bioduro-sundia.cn_company-news_westanpharma-ind-approval-p2x3.html,USES_SOURCE,E2,Source__BioDuro-Sundia_PharmCube_WT-1108_IND_article
scorecard::wt-1108_20260621,source::https_www.bioduro-sundia.cn_company-news_westanpharma-ind-approval-p2x3.html,SUPPORTS_SCORE,E2,Source__BioDuro-Sundia_PharmCube_WT-1108_IND_article
asset::wt-1108,source::https_www.delveinsight.com_report-store_chronic-refractory-cough-market,USES_SOURCE,E2,Source__DelveInsight_chronic_refractory_cough_market_page
scorecard::wt-1108_20260621,source::https_www.delveinsight.com_report-store_chronic-refractory-cough-market,SUPPORTS_SCORE,E2,Source__DelveInsight_chronic_refractory_cough_market_page
asset::wt-1108,source::https_www.westanpharma.com,USES_SOURCE,E2,Source__Westan_official_site
scorecard::wt-1108_20260621,source::https_www.westanpharma.com,SUPPORTS_SCORE,E2,Source__Westan_official_site
asset::wt-1108,source::https_www.ema.europa.eu_en_medicines_human_epar_lyfnua,USES_SOURCE,E2,Source__Gefapixant_Lyfnua_source
scorecard::wt-1108_20260621,source::https_www.ema.europa.eu_en_medicines_human_epar_lyfnua,SUPPORTS_SCORE,E2,Source__Gefapixant_Lyfnua_source
asset::wt-1108,source::https_link.springer.com_article_10.1007_s00408-022-00592-5,USES_SOURCE,E2,Source__Sivopixant_S-600918_source
scorecard::wt-1108_20260621,source::https_link.springer.com_article_10.1007_s00408-022-00592-5,SUPPORTS_SCORE,E2,Source__Sivopixant_S-600918_source
asset::wt-1108,source::https_pubmed.ncbi.nlm.nih.gov_38198010,USES_SOURCE,E2,Source__HRS-2261_source
scorecard::wt-1108_20260621,source::https_pubmed.ncbi.nlm.nih.gov_38198010,SUPPORTS_SCORE,E2,Source__HRS-2261_source
asset::wt-1108,source::https_www.hspharm.com_news_news-detail-513247.htm,USES_SOURCE,E2,Source__HS-10383_source
scorecard::wt-1108_20260621,source::https_www.hspharm.com_news_news-detail-513247.htm,SUPPORTS_SCORE,E2,Source__HS-10383_source
asset::wt-1108,source::https_www.prnewswire.com_news-releases_createrna-announces-positive-top_fc58721f,USES_SOURCE,E2,Source__QR052107B_relicpixant_source
scorecard::wt-1108_20260621,source::https_www.prnewswire.com_news-releases_createrna-announces-positive-top_fc58721f,SUPPORTS_SCORE,E2,Source__QR052107B_relicpixant_source
asset::wt-1108,source::https_www.hra.nhs.uk_planning-and-improving-research_application-summar_0bed49ad,USES_SOURCE,E2,Source__HRA_gefapixant_mechanism_summary
scorecard::wt-1108_20260621,source::https_www.hra.nhs.uk_planning-and-improving-research_application-summar_0bed49ad,SUPPORTS_SCORE,E2,Source__HRA_gefapixant_mechanism_summary
asset::wt-1108,source::https_www.merck.com_news_merck-receives-positive-european-union-chmp-op_29185acb,USES_SOURCE,E2,Source__Merck_CHMP_press_release
scorecard::wt-1108_20260621,source::https_www.merck.com_news_merck-receives-positive-european-union-chmp-op_29185acb,SUPPORTS_SCORE,E2,Source__Merck_CHMP_press_release
asset::wt-1108,source::https_www.merck.com_news_merck-provides-u-s-and-japan-regulatory-update_5ebeacc7,USES_SOURCE,E2,Source__Merck_Japan_regulatory_update
scorecard::wt-1108_20260621,source::https_www.merck.com_news_merck-provides-u-s-and-japan-regulatory-update_5ebeacc7,SUPPORTS_SCORE,E2,Source__Merck_Japan_regulatory_update
asset::wt-1108,source::https_link.springer.com_article_10.1007_s00408-022-00553-y,USES_SOURCE,E2,Source__Gefapixant_pooled_Phase_3_analysis
scorecard::wt-1108_20260621,source::https_link.springer.com_article_10.1007_s00408-022-00553-y,SUPPORTS_SCORE,E2,Source__Gefapixant_pooled_Phase_3_analysis
asset::wt-1108,source::https_pubmed.ncbi.nlm.nih.gov_40043302,USES_SOURCE,E2,Source__Camlipixant_Phase_2b_PubMed
scorecard::wt-1108_20260621,source::https_pubmed.ncbi.nlm.nih.gov_40043302,SUPPORTS_SCORE,E2,Source__Camlipixant_Phase_2b_PubMed
asset::wt-1108,source::https_bydrug.pharmcube.com_investgo_company_detail_1b0943a3d0a44519a9d5_4e2ff7d3,USES_SOURCE,E2,Source__ByDrug_Westan_profile
scorecard::wt-1108_20260621,source::https_bydrug.pharmcube.com_investgo_company_detail_1b0943a3d0a44519a9d5_4e2ff7d3,SUPPORTS_SCORE,E2,Source__ByDrug_Westan_profile
asset::wt-1108,source::https_www.zhihuiya.com_news_info_2271.html,USES_SOURCE,E2,Source__Zhihuiya_WT-1108_news
scorecard::wt-1108_20260621,source::https_www.zhihuiya.com_news_info_2271.html,SUPPORTS_SCORE,E2,Source__Zhihuiya_WT-1108_news
asset::wt-1108,source::https_westanpharma.com_aboutus.aspx,USES_SOURCE,E2,Source__Westan_about_page
scorecard::wt-1108_20260621,source::https_westanpharma.com_aboutus.aspx,SUPPORTS_SCORE,E2,Source__Westan_about_page
asset::wt-1108,source::https_finance.sina.com.cn_stock_aigc_ywsygs_2025-10-11_doc-inftnueu7432084.shtml,USES_SOURCE,E2,Source__Sina_WT-1108_Phase_IIa_news
scorecard::wt-1108_20260621,source::https_finance.sina.com.cn_stock_aigc_ywsygs_2025-10-11_doc-inftnueu7432084.shtml,SUPPORTS_SCORE,E2,Source__Sina_WT-1108_Phase_IIa_news
asset::ux-ep001_uxep-001,"company::shanghai_unixell_biotechnology_co.,_ltd",OWNED_BY,E1,Scorecard__UX-EP001_UXEP-001__20260621
asset::ux-ep001_uxep-001,target::undisclosed,TARGETS,E1,Scorecard__UX-EP001_UXEP-001__20260621
asset::ux-ep001_uxep-001,"moa::undisclosed_for_ux-ep001._if_confused_with_ux-gip001,_the_moa_would_be_cf2be7de",HAS_MOA,E1,Scorecard__UX-EP001_UXEP-001__20260621
asset::ux-ep001_uxep-001,"modality::synapse_lists_tcr-t_cell_therapy_for_ux-ep001,_but_this_is_not_corrobor_f837809e",HAS_MODALITY,E1,Scorecard__UX-EP001_UXEP-001__20260621
asset::ux-ep001_uxep-001,indication::epilepsy,HAS_INDICATION,E1,Scorecard__UX-EP001_UXEP-001__20260621
asset::ux-ep001_uxep-001,theme::e_i_balance,MAPS_TO_THEME,E1,Scorecard__UX-EP001_UXEP-001__20260621
asset::ux-ep001_uxep-001,cluster::network_modulation,MAPS_TO_CLUSTER,E1,Scorecard__UX-EP001_UXEP-001__20260621
asset::ux-ep001_uxep-001,scorecard::ux-ep001_uxep-001_20260621,HAS_SCORECARD,E1,Scorecard__UX-EP001_UXEP-001__20260621
asset::ux-ep001_uxep-001,competitor::neurona_therapeutics_ucb_nrtx-1001_rezanecel,HAS_COMPETITOR,E1,Scorecard__UX-EP001_UXEP-001__20260621
asset::ux-ep001_uxep-001,competitor::unixell_biotech_ux-gip001,HAS_COMPETITOR,E1,Scorecard__UX-EP001_UXEP-001__20260621
asset::ux-ep001_uxep-001,competitor::encoded_therapeutics_etx101,HAS_COMPETITOR,E1,Scorecard__UX-EP001_UXEP-001__20260621
asset::ux-ep001_uxep-001,competitor::stoke_therapeutics_biogen_zorevunersen_stk-001,HAS_COMPETITOR,E1,Scorecard__UX-EP001_UXEP-001__20260621
asset::ux-ep001_uxep-001,source::https_synapse.patsnap.com_drug_0f29bad183a3471187fd29db65e62bd7,USES_SOURCE,E1,Source__Synapse_UX-EP001_asset_page
scorecard::ux-ep001_uxep-001_20260621,source::https_synapse.patsnap.com_drug_0f29bad183a3471187fd29db65e62bd7,SUPPORTS_SCORE,E1,Source__Synapse_UX-EP001_asset_page
asset::ux-ep001_uxep-001,source::https_www.unixell.com_en_technologyplatformsandproductpipelines_index.aspx,USES_SOURCE,E1,Source__UniXell_Technology_Platform_and_R&D_pipeline
scorecard::ux-ep001_uxep-001_20260621,source::https_www.unixell.com_en_technologyplatformsandproductpipelines_index.aspx,SUPPORTS_SCORE,E1,Source__UniXell_Technology_Platform_and_R&D_pipeline
asset::ux-ep001_uxep-001,source::https_www.unixell.com_en_companynews_info.aspx_itemid=307,USES_SOURCE,E1,Source__UniXell_UX-GIP001_IND_news
scorecard::ux-ep001_uxep-001_20260621,source::https_www.unixell.com_en_companynews_info.aspx_itemid=307,SUPPORTS_SCORE,E1,Source__UniXell_UX-GIP001_IND_news
asset::ux-ep001_uxep-001,source::https_www.biospace.com_press-releases_unixell-biotech-receives-ind-clea_1d38ec1e,USES_SOURCE,E1,Source__BioSpace_PRNewswire_UX-GIP001_FDA_IND_clearance
scorecard::ux-ep001_uxep-001_20260621,source::https_www.biospace.com_press-releases_unixell-biotech-receives-ind-clea_1d38ec1e,SUPPORTS_SCORE,E1,Source__BioSpace_PRNewswire_UX-GIP001_FDA_IND_clearance
asset::ux-ep001_uxep-001,source::https_www.ucb.com_newsroom_press-releases_article_ucb-to-acquire-neuron_5495d099,USES_SOURCE,E1,Source__UCB_acquisition_of_Neurona
scorecard::ux-ep001_uxep-001_20260621,source::https_www.ucb.com_newsroom_press-releases_article_ucb-to-acquire-neuron_5495d099,SUPPORTS_SCORE,E1,Source__UCB_acquisition_of_Neurona
asset::ux-ep001_uxep-001,source::https_www.unixell.com_en_index.aspx,USES_SOURCE,E1,Source__UniXell_official_website
scorecard::ux-ep001_uxep-001_20260621,source::https_www.unixell.com_en_index.aspx,SUPPORTS_SCORE,E1,Source__UniXell_official_website
asset::ux-ep001_uxep-001,source::https_www.unixell.com_en_aboutthejump_index.aspx,USES_SOURCE,E1,Source__UniXell_About_page
scorecard::ux-ep001_uxep-001_20260621,source::https_www.unixell.com_en_aboutthejump_index.aspx,SUPPORTS_SCORE,E1,Source__UniXell_About_page
asset::ux-ep001_uxep-001,source::https_encoded.com_programs_etx101-for-dravet-syndrome,USES_SOURCE,E1,Source__ETX101_source
scorecard::ux-ep001_uxep-001_20260621,source::https_encoded.com_programs_etx101-for-dravet-syndrome,SUPPORTS_SCORE,E1,Source__ETX101_source
asset::ux-ep001_uxep-001,source::https_pubmed.ncbi.nlm.nih.gov_41780062,USES_SOURCE,E1,Source__Zorevunersen_STK-001_source
scorecard::ux-ep001_uxep-001_20260621,source::https_pubmed.ncbi.nlm.nih.gov_41780062,SUPPORTS_SCORE,E1,Source__Zorevunersen_STK-001_source
asset::ux-ep001_uxep-001,source::https_www.neuronatherapeutics.com_nte001,USES_SOURCE,E1,Source__Neurona_NTE001_study_page
scorecard::ux-ep001_uxep-001_20260621,source::https_www.neuronatherapeutics.com_nte001,SUPPORTS_SCORE,E1,Source__Neurona_NTE001_study_page
asset::ux-ep001_uxep-001,source::https_www.cell.com_cell-stem-cell_fulltext_s1934-5909%2823%2900044-9,USES_SOURCE,E1,Source__SISBAR_Cell_Stem_Cell_paper
scorecard::ux-ep001_uxep-001_20260621,source::https_www.cell.com_cell-stem-cell_fulltext_s1934-5909%2823%2900044-9,SUPPORTS_SCORE,E1,Source__SISBAR_Cell_Stem_Cell_paper
asset::ux-ep001_uxep-001,source::https_www.cell.com_cell-stem-cell_abstract_s1934-5909%2825%2900369-8,USES_SOURCE,E1,Source__SphereDiff_Cell_Stem_Cell_paper
scorecard::ux-ep001_uxep-001_20260621,source::https_www.cell.com_cell-stem-cell_abstract_s1934-5909%2825%2900369-8,SUPPORTS_SCORE,E1,Source__SphereDiff_Cell_Stem_Cell_paper
asset::ux-ep001_uxep-001,source::https_www.innostarbio.com_en_news_693.html,USES_SOURCE,E1,Source__InnoStar_UX-GIP001_FDA_IND_support
scorecard::ux-ep001_uxep-001_20260621,source::https_www.innostarbio.com_en_news_693.html,SUPPORTS_SCORE,E1,Source__InnoStar_UX-GIP001_FDA_IND_support
asset::lnk01006_blkr201,"company::lynk_pharmaceuticals_co.,_ltd",OWNED_BY,E3,Scorecard__LNK01006_BLKR201__20260621
asset::lnk01006_blkr201,target::tyk2,TARGETS,E3,Scorecard__LNK01006_BLKR201__20260621
asset::lnk01006_blkr201,moa::oral_allosteric_tyk2_inhibitor_targeting_the_jh2_pseudokinase_regulator_cc811ca3,HAS_MOA,E3,Scorecard__LNK01006_BLKR201__20260621
asset::lnk01006_blkr201,modality::small_molecule,HAS_MODALITY,E3,Scorecard__LNK01006_BLKR201__20260621
asset::lnk01006_blkr201,indication::phase_1_healthy-volunteer_study;_intended_development_positioning_inclu_d38001b6,HAS_INDICATION,E3,Scorecard__LNK01006_BLKR201__20260621
asset::lnk01006_blkr201,theme::neuroimmune,MAPS_TO_THEME,E3,Scorecard__LNK01006_BLKR201__20260621
asset::lnk01006_blkr201,cluster::cytokine_신경조절,MAPS_TO_CLUSTER,E3,Scorecard__LNK01006_BLKR201__20260621
asset::lnk01006_blkr201,scorecard::lnk01006_blkr201_20260621,HAS_SCORECARD,E3,Scorecard__LNK01006_BLKR201__20260621
asset::lnk01006_blkr201,competitor::neuron23_neu-627,HAS_COMPETITOR,E3,Scorecard__LNK01006_BLKR201__20260621
asset::lnk01006_blkr201,competitor::alumis_a-005,HAS_COMPETITOR,E3,Scorecard__LNK01006_BLKR201__20260621
asset::lnk01006_blkr201,competitor::bristol_myers_squibb_deucravacitinib_sotyktu,HAS_COMPETITOR,E3,Scorecard__LNK01006_BLKR201__20260621
asset::lnk01006_blkr201,competitor::takeda_zasocitinib_tak-279,HAS_COMPETITOR,E3,Scorecard__LNK01006_BLKR201__20260621
asset::lnk01006_blkr201,competitor::roche_fenebrutinib,HAS_COMPETITOR,E3,Scorecard__LNK01006_BLKR201__20260621
asset::lnk01006_blkr201,competitor::sanofi_tolebrutinib,HAS_COMPETITOR,E3,Scorecard__LNK01006_BLKR201__20260621
asset::lnk01006_blkr201,source::https_www.prnewswire.com_apac_news-releases_lynk-pharmaceuticals-announ_9f29a386,USES_SOURCE,E3,Source__Lynk_FDA_IND_announcement
scorecard::lnk01006_blkr201_20260621,source::https_www.prnewswire.com_apac_news-releases_lynk-pharmaceuticals-announ_9f29a386,SUPPORTS_SCORE,E3,Source__Lynk_FDA_IND_announcement
asset::lnk01006_blkr201,source::https_www.formation.bio_press_formation-bio-licenses-phase-1-ready-cns-_be31f330,USES_SOURCE,E3,Source__Formation_Bio_licensing_page
scorecard::lnk01006_blkr201_20260621,source::https_www.formation.bio_press_formation-bio-licenses-phase-1-ready-cns-_be31f330,SUPPORTS_SCORE,E3,Source__Formation_Bio_licensing_page
asset::lnk01006_blkr201,source::https_www.prnewswire.com_news-releases_lynk-pharmaceuticals-and-formati_31aa61aa,USES_SOURCE,E3,Source__Lynk_and_Formation_licensing_agreement
scorecard::lnk01006_blkr201_20260621,source::https_www.prnewswire.com_news-releases_lynk-pharmaceuticals-and-formati_31aa61aa,SUPPORTS_SCORE,E3,Source__Lynk_and_Formation_licensing_agreement
asset::lnk01006_blkr201,source::https_www.prnewswire.com_news-releases_formation-bio-doses-first-partic_a8856057,USES_SOURCE,E3,Source__Formation_first_participant_dosed
scorecard::lnk01006_blkr201_20260621,source::https_www.prnewswire.com_news-releases_formation-bio-doses-first-partic_a8856057,SUPPORTS_SCORE,E3,Source__Formation_first_participant_dosed
asset::lnk01006_blkr201,source::https_clinicaltrials.gov_study_nct07501039,USES_SOURCE,E3,Source__ClinicalTrials.gov_NCT07501039
scorecard::lnk01006_blkr201_20260621,source::https_clinicaltrials.gov_study_nct07501039,SUPPORTS_SCORE,E3,Source__ClinicalTrials.gov_NCT07501039
asset::lnk01006_blkr201,source::https_synapse.patsnap.com_drug_565a5da0689043fb8f26295eeae190fa,USES_SOURCE,E3,Source__Synapse_LNK-01006
scorecard::lnk01006_blkr201_20260621,source::https_synapse.patsnap.com_drug_565a5da0689043fb8f26295eeae190fa,SUPPORTS_SCORE,E3,Source__Synapse_LNK-01006
asset::lnk01006_blkr201,source::https_www.lynkpharma.com,USES_SOURCE,E3,Source__Lynk_official_website
scorecard::lnk01006_blkr201_20260621,source::https_www.lynkpharma.com,SUPPORTS_SCORE,E3,Source__Lynk_official_website
asset::lnk01006_blkr201,source::https_www.pnas.org_doi_10.1073_pnas.2422172122,USES_SOURCE,E3,Source__Central_TYK2_inhibition_PNAS
scorecard::lnk01006_blkr201_20260621,source::https_www.pnas.org_doi_10.1073_pnas.2422172122,SUPPORTS_SCORE,E3,Source__Central_TYK2_inhibition_PNAS
asset::lnk01006_blkr201,source::https_atlasofms.org,USES_SOURCE,E3,Source__Atlas_of_MS
scorecard::lnk01006_blkr201_20260621,source::https_atlasofms.org,SUPPORTS_SCORE,E3,Source__Atlas_of_MS
asset::lnk01006_blkr201,source::https_www.ocrevus.com_patient_cost.html,USES_SOURCE,E3,Source__Ocrevus_pricing
scorecard::lnk01006_blkr201_20260621,source::https_www.ocrevus.com_patient_cost.html,SUPPORTS_SCORE,E3,Source__Ocrevus_pricing
asset::lnk01006_blkr201,source::https_neuron23.com_neuron23-announces-publication-in-pnas-highlighting-_98044a46,USES_SOURCE,E3,Source__NEU-627_source
scorecard::lnk01006_blkr201_20260621,source::https_neuron23.com_neuron23-announces-publication-in-pnas-highlighting-_98044a46,SUPPORTS_SCORE,E3,Source__NEU-627_source
asset::lnk01006_blkr201,source::https_investors.alumis.com_news-releases_news-release-details_alumis-an_5c9ebe89,USES_SOURCE,E3,Source__A-005_source
scorecard::lnk01006_blkr201_20260621,source::https_investors.alumis.com_news-releases_news-release-details_alumis-an_5c9ebe89,SUPPORTS_SCORE,E3,Source__A-005_source
asset::lnk01006_blkr201,source::https_news.bms.com_news_details_2022_u.s.-food-and-drug-administration-_19dd85b7,USES_SOURCE,E3,Source__Deucravacitinib_Sotyktu_source
scorecard::lnk01006_blkr201_20260621,source::https_news.bms.com_news_details_2022_u.s.-food-and-drug-administration-_19dd85b7,SUPPORTS_SCORE,E3,Source__Deucravacitinib_Sotyktu_source
asset::lnk01006_blkr201,source::https_www.takeda.com_newsroom_newsreleases_2026_zasocitinib-outperforms_b6fb7e68,USES_SOURCE,E3,Source__Zasocitinib_TAK-279_source
scorecard::lnk01006_blkr201_20260621,source::https_www.takeda.com_newsroom_newsreleases_2026_zasocitinib-outperforms_b6fb7e68,SUPPORTS_SCORE,E3,Source__Zasocitinib_TAK-279_source
asset::lnk01006_blkr201,source::https_www.roche.com_media_releases_med-cor-2026-04-21c,USES_SOURCE,E3,Source__Fenebrutinib_source
scorecard::lnk01006_blkr201_20260621,source::https_www.roche.com_media_releases_med-cor-2026-04-21c,SUPPORTS_SCORE,E3,Source__Fenebrutinib_source
asset::lnk01006_blkr201,source::https_www.sanofi.com_en_media-room_press-releases_2025_2025-12-15-06-05_61888b0d,USES_SOURCE,E3,Source__Tolebrutinib_source
scorecard::lnk01006_blkr201_20260621,source::https_www.sanofi.com_en_media-room_press-releases_2025_2025-12-15-06-05_61888b0d,SUPPORTS_SCORE,E3,Source__Tolebrutinib_source
asset::small_molecules_to_antagonize_trpm7,company::vivavision_biotech,OWNED_BY,E2,Scorecard__Small_Molecules_to_Antagonize_TRPM7__20260622
asset::small_molecules_to_antagonize_trpm7,target::trpm7,TARGETS,E2,Scorecard__Small_Molecules_to_Antagonize_TRPM7__20260622
asset::small_molecules_to_antagonize_trpm7,moa::trpm7_antagonist_inhibitor;_channel_closed-state_stabilization_is_suppo_2a2e465e,HAS_MOA,E2,Scorecard__Small_Molecules_to_Antagonize_TRPM7__20260622
asset::small_molecules_to_antagonize_trpm7,modality::small_molecule;_exact_compound_and_platform_undisclosed,HAS_MODALITY,E2,Scorecard__Small_Molecules_to_Antagonize_TRPM7__20260622
asset::small_molecules_to_antagonize_trpm7,"indication::market-source_description_includes_oncology,_ophthalmology,_cardiovascu_6b2c47da",HAS_INDICATION,E2,Scorecard__Small_Molecules_to_Antagonize_TRPM7__20260622
asset::small_molecules_to_antagonize_trpm7,theme::e_i_balance,MAPS_TO_THEME,E2,Scorecard__Small_Molecules_to_Antagonize_TRPM7__20260622
asset::small_molecules_to_antagonize_trpm7,cluster::ion_channel,MAPS_TO_CLUSTER,E2,Scorecard__Small_Molecules_to_Antagonize_TRPM7__20260622
asset::small_molecules_to_antagonize_trpm7,scorecard::small_molecules_to_antagonize_trpm7_20260622,HAS_SCORECARD,E2,Scorecard__Small_Molecules_to_Antagonize_TRPM7__20260622
asset::small_molecules_to_antagonize_trpm7,competitor::vivavision_biotech_small_molecules_to_antagonize_trpm7,HAS_COMPETITOR,E2,Scorecard__Small_Molecules_to_Antagonize_TRPM7__20260622
asset::small_molecules_to_antagonize_trpm7,competitor::academic_research_tool_cct128930,HAS_COMPETITOR,E2,Scorecard__Small_Molecules_to_Antagonize_TRPM7__20260622
asset::small_molecules_to_antagonize_trpm7,competitor::academic_ns8593_sduy-225,HAS_COMPETITOR,E2,Scorecard__Small_Molecules_to_Antagonize_TRPM7__20260622
asset::small_molecules_to_antagonize_trpm7,competitor::academic_university_research_vpc01091.4_vpc4,HAS_COMPETITOR,E2,Scorecard__Small_Molecules_to_Antagonize_TRPM7__20260622
asset::small_molecules_to_antagonize_trpm7,competitor::university_of_hawaii_system_academic_natural_product_research_waixenicin_a,HAS_COMPETITOR,E2,Scorecard__Small_Molecules_to_Antagonize_TRPM7__20260622
asset::small_molecules_to_antagonize_trpm7,competitor::vivavision_biotech_vvn539,HAS_COMPETITOR,E2,Scorecard__Small_Molecules_to_Antagonize_TRPM7__20260622
asset::small_molecules_to_antagonize_trpm7,competitor::genentech_roche_and_others;_device_procedure_ecosystem_alteplase_tenect_30f72285,HAS_COMPETITOR,E2,Scorecard__Small_Molecules_to_Antagonize_TRPM7__20260622
asset::small_molecules_to_antagonize_trpm7,source::https_www.vivabioinnovator.com_portfolio_viva-vision,USES_SOURCE,E2,Source__Viva_BioInnovator_portfolio_Viva_Vision
scorecard::small_molecules_to_antagonize_trpm7_20260622,source::https_www.vivabioinnovator.com_portfolio_viva-vision,SUPPORTS_SCORE,E2,Source__Viva_BioInnovator_portfolio_Viva_Vision
asset::small_molecules_to_antagonize_trpm7,source::https_www.vivabiotech.com_news_789.html,USES_SOURCE,E2,Source__VivaVision_Series_D2_financing_and_pipeline_summary
scorecard::small_molecules_to_antagonize_trpm7_20260622,source::https_www.vivabiotech.com_news_789.html,SUPPORTS_SCORE,E2,Source__VivaVision_Series_D2_financing_and_pipeline_summary
asset::small_molecules_to_antagonize_trpm7,source::https_www.marketresearch.com_global-markets-direct-v3480_glaucoma-drugs_f451f4c7,USES_SOURCE,E2,Source__MarketResearch_GlobalData_glaucoma_pipeline_report
scorecard::small_molecules_to_antagonize_trpm7_20260622,source::https_www.marketresearch.com_global-markets-direct-v3480_glaucoma-drugs_f451f4c7,SUPPORTS_SCORE,E2,Source__MarketResearch_GlobalData_glaucoma_pipeline_report
asset::small_molecules_to_antagonize_trpm7,source::https_www.marketresearch.com_global-markets-direct-v3480_stroke-drugs-d_51a7d3b9,USES_SOURCE,E2,Source__MarketResearch_GlobalData_stroke_pipeline_report
scorecard::small_molecules_to_antagonize_trpm7_20260622,source::https_www.marketresearch.com_global-markets-direct-v3480_stroke-drugs-d_51a7d3b9,SUPPORTS_SCORE,E2,Source__MarketResearch_GlobalData_stroke_pipeline_report
asset::small_molecules_to_antagonize_trpm7,source::https_www.ncbi.nlm.nih.gov_gene_54822,USES_SOURCE,E2,Source__NCBI_Gene_TRPM7
scorecard::small_molecules_to_antagonize_trpm7_20260622,source::https_www.ncbi.nlm.nih.gov_gene_54822,SUPPORTS_SCORE,E2,Source__NCBI_Gene_TRPM7
asset::small_molecules_to_antagonize_trpm7,source::https_www.nature.com_articles_s41467-023-38362-3,USES_SOURCE,E2,Source__Structural_mechanisms_of_TRPM7_activation_and_inhibition
scorecard::small_molecules_to_antagonize_trpm7_20260622,source::https_www.nature.com_articles_s41467-023-38362-3,SUPPORTS_SCORE,E2,Source__Structural_mechanisms_of_TRPM7_activation_and_inhibition
asset::small_molecules_to_antagonize_trpm7,source::https_link.springer.com_article_10.1186_s12974-024-03292-4,USES_SOURCE,E2,Source__TRPM7_contributes_to_pyroptosis_and_status_epilepticus
scorecard::small_molecules_to_antagonize_trpm7_20260622,source::https_link.springer.com_article_10.1186_s12974-024-03292-4,SUPPORTS_SCORE,E2,Source__TRPM7_contributes_to_pyroptosis_and_status_epilepticus
asset::small_molecules_to_antagonize_trpm7,source::https_www.vivavisionbio.com_en,USES_SOURCE,E2,Source__VivaVision_official_website
scorecard::small_molecules_to_antagonize_trpm7_20260622,source::https_www.vivavisionbio.com_en,SUPPORTS_SCORE,E2,Source__VivaVision_official_website
asset::small_molecules_to_antagonize_trpm7,source::https_www.vivabioinnovator.com_news_vvn539-a-dual-target-innovative-dru_6bd2c1f0,USES_SOURCE,E2,Source__VVN539_Phase_II_announcement
scorecard::small_molecules_to_antagonize_trpm7_20260622,source::https_www.vivabioinnovator.com_news_vvn539-a-dual-target-innovative-dru_6bd2c1f0,SUPPORTS_SCORE,E2,Source__VVN539_Phase_II_announcement
asset::small_molecules_to_antagonize_trpm7,source::https_pubmed.ncbi.nlm.nih.gov_38192683,USES_SOURCE,E2,Source__VVN539_Phase_2_publication
scorecard::small_molecules_to_antagonize_trpm7_20260622,source::https_pubmed.ncbi.nlm.nih.gov_38192683,SUPPORTS_SCORE,E2,Source__VVN539_Phase_2_publication
asset::small_molecules_to_antagonize_trpm7,source::https_patents.google.com_patent_cn118340775a_en,USES_SOURCE,E2,Source__VVN539_patent
scorecard::small_molecules_to_antagonize_trpm7_20260622,source::https_patents.google.com_patent_cn118340775a_en,SUPPORTS_SCORE,E2,Source__VVN539_patent
asset::small_molecules_to_antagonize_trpm7,source::https_rupress.org_jgp_article_156_1_e202313419_276399_analogs-of-fty720_995336bc,USES_SOURCE,E2,Source__JGP_FTY720_analogs_inhibit_TRPM7
scorecard::small_molecules_to_antagonize_trpm7_20260622,source::https_rupress.org_jgp_article_156_1_e202313419_276399_analogs-of-fty720_995336bc,SUPPORTS_SCORE,E2,Source__JGP_FTY720_analogs_inhibit_TRPM7
asset::small_molecules_to_antagonize_trpm7,source::https_pubmed.ncbi.nlm.nih.gov_37433006,USES_SOURCE,E2,Source__Science_Signaling_TRPM7_kinase_activity_and_amyloid-beta_degradation
scorecard::small_molecules_to_antagonize_trpm7_20260622,source::https_pubmed.ncbi.nlm.nih.gov_37433006,SUPPORTS_SCORE,E2,Source__Science_Signaling_TRPM7_kinase_activity_and_amyloid-beta_degradation
asset::small_molecules_to_antagonize_trpm7,source::https_www.cdc.gov_stroke_data-research_facts-stats_index.html,USES_SOURCE,E2,Source__CDC_Stroke_Facts
scorecard::small_molecules_to_antagonize_trpm7_20260622,source::https_www.cdc.gov_stroke_data-research_facts-stats_index.html,SUPPORTS_SCORE,E2,Source__CDC_Stroke_Facts
asset::small_molecules_to_antagonize_trpm7,source::https_www.stroke.org_en_about-stroke_types-of-stroke_ischemic-stroke-clots,USES_SOURCE,E2,Source__American_Stroke_Association_Ischemic_Stroke
scorecard::small_molecules_to_antagonize_trpm7_20260622,source::https_www.stroke.org_en_about-stroke_types-of-stroke_ischemic-stroke-clots,SUPPORTS_SCORE,E2,Source__American_Stroke_Association_Ischemic_Stroke
asset::small_molecules_to_antagonize_trpm7,source::https_www.cell.com_cell-reports_fulltext_s2211-1247%2824%2900436-4,USES_SOURCE,E2,Source__CCT128930_source
scorecard::small_molecules_to_antagonize_trpm7_20260622,source::https_www.cell.com_cell-reports_fulltext_s2211-1247%2824%2900436-4,SUPPORTS_SCORE,E2,Source__CCT128930_source
asset::small_molecules_to_antagonize_trpm7,source::https_synapse.patsnap.com_drug_fc93832996cf23becaadb14833e7a0a4,USES_SOURCE,E2,Source__Waixenicin_A_source
scorecard::small_molecules_to_antagonize_trpm7_20260622,source::https_synapse.patsnap.com_drug_fc93832996cf23becaadb14833e7a0a4,SUPPORTS_SCORE,E2,Source__Waixenicin_A_source
asset::small_molecules_to_antagonize_trpm7,source::https_www.mdpi.com_1422-0067_25_2_719,USES_SOURCE,E2,Source__https_www.mdpi.com_1422-0067_25_2_719
scorecard::small_molecules_to_antagonize_trpm7_20260622,source::https_www.mdpi.com_1422-0067_25_2_719,SUPPORTS_SCORE,E2,Source__https_www.mdpi.com_1422-0067_25_2_719
asset::small_molecules_to_antagonize_trpm7,source::https_www.ahajournals.org_doi_10.1161_strokeaha.116.015822,USES_SOURCE,E2,Source__https_www.ahajournals.org_doi_10.1161_STROKEAHA.116.015822
scorecard::small_molecules_to_antagonize_trpm7_20260622,source::https_www.ahajournals.org_doi_10.1161_strokeaha.116.015822,SUPPORTS_SCORE,E2,Source__https_www.ahajournals.org_doi_10.1161_STROKEAHA.116.015822
asset::hy209_nucerin,company::shaperon_inc,OWNED_BY,E3,Scorecard__HY209_NuCerin__20260622
asset::hy209_nucerin,target::gpcr19_tgr5_with_downstream_p2x7r-nlrp3_inflammasome_modulation,TARGETS,E3,Scorecard__HY209_NuCerin__20260622
asset::hy209_nucerin,"moa::hy209_tdca_activates_gpcr19_tgr5_and_modulates_gpcr19-p2x7_interaction,_4c969749",HAS_MOA,E3,Scorecard__HY209_NuCerin__20260622
asset::hy209_nucerin,modality::small_molecule,HAS_MODALITY,E3,Scorecard__HY209_NuCerin__20260622
asset::hy209_nucerin,indication::alzheimer’s_disease,HAS_INDICATION,E3,Scorecard__HY209_NuCerin__20260622
asset::hy209_nucerin,theme::neuroimmune,MAPS_TO_THEME,E3,Scorecard__HY209_NuCerin__20260622
asset::hy209_nucerin,cluster::cytokine_신경조절,MAPS_TO_CLUSTER,E3,Scorecard__HY209_NuCerin__20260622
asset::hy209_nucerin,scorecard::hy209_nucerin_20260622,HAS_SCORECARD,E3,Scorecard__HY209_NuCerin__20260622
asset::hy209_nucerin,competitor::eisai_biogen_bioarctic_leqembi_lecanemab,HAS_COMPETITOR,E3,Scorecard__HY209_NuCerin__20260622
asset::hy209_nucerin,competitor::eli_lilly_kisunla_donanemab,HAS_COMPETITOR,E3,Scorecard__HY209_NuCerin__20260622
asset::hy209_nucerin,competitor::nodthera_nt-0796,HAS_COMPETITOR,E3,Scorecard__HY209_NuCerin__20260622
asset::hy209_nucerin,competitor::ventyx_biosciences_vtx3232,HAS_COMPETITOR,E3,Scorecard__HY209_NuCerin__20260622
asset::hy209_nucerin,competitor::ventus_therapeutics_vent-02,HAS_COMPETITOR,E3,Scorecard__HY209_NuCerin__20260622
asset::hy209_nucerin,competitor::olatec_dapansutrile_olt1177,HAS_COMPETITOR,E3,Scorecard__HY209_NuCerin__20260622
asset::hy209_nucerin,source::https_shaperon.com_en_sub_pipeline.html,USES_SOURCE,E3,Source__Shaperon_official_pipeline_page
scorecard::hy209_nucerin_20260622,source::https_shaperon.com_en_sub_pipeline.html,SUPPORTS_SCORE,E3,Source__Shaperon_official_pipeline_page
asset::hy209_nucerin,source::https_shaperon.com_en_main_main.html,USES_SOURCE,E3,Source__Shaperon_official_homepage
scorecard::hy209_nucerin_20260622,source::https_shaperon.com_en_main_main.html,SUPPORTS_SCORE,E3,Source__Shaperon_official_homepage
asset::hy209_nucerin,source::https_www.frontiersin.org_journals_immunology_articles_10.3389_fimmu.20_fc7b5288,USES_SOURCE,E3,Source__Frontiers_Immunology_GPCR19_P2X7R_NLRP3_AD_mouse_paper
scorecard::hy209_nucerin_20260622,source::https_www.frontiersin.org_journals_immunology_articles_10.3389_fimmu.20_fc7b5288,SUPPORTS_SCORE,E3,Source__Frontiers_Immunology_GPCR19_P2X7R_NLRP3_AD_mouse_paper
asset::hy209_nucerin,source::https_www.centerwatch.com_clinical-trials_listings_nct06533878_evaluate_75da78f2,USES_SOURCE,E3,Source__NCT06533878_HY209_Phase_1_listing
scorecard::hy209_nucerin_20260622,source::https_www.centerwatch.com_clinical-trials_listings_nct06533878_evaluate_75da78f2,SUPPORTS_SCORE,E3,Source__NCT06533878_HY209_Phase_1_listing
asset::hy209_nucerin,source::https_app.rndcircle.io_lab_c061ff05-ac82-4bae-93f1-aa04115834c0_papers_aa7299bb,USES_SOURCE,E3,Source__NuCerin_oral_HY209_AD_mouse_abstract_summary
scorecard::hy209_nucerin_20260622,source::https_app.rndcircle.io_lab_c061ff05-ac82-4bae-93f1-aa04115834c0_papers_aa7299bb,SUPPORTS_SCORE,E3,Source__NuCerin_oral_HY209_AD_mouse_abstract_summary
asset::hy209_nucerin,source::ai_draft_search_note,USES_SOURCE,E3,Source__AI_draft_search_note
scorecard::hy209_nucerin_20260622,source::ai_draft_search_note,SUPPORTS_SCORE,E3,Source__AI_draft_search_note
asset::hy209_nucerin,source::https_englishdart.fss.or.kr_dsbc001_selectpopup.ax_selectkey=01387164,USES_SOURCE,E3,Source__DART_Shaperon_company_profile
scorecard::hy209_nucerin_20260622,source::https_englishdart.fss.or.kr_dsbc001_selectpopup.ax_selectkey=01387164,SUPPORTS_SCORE,E3,Source__DART_Shaperon_company_profile
asset::hy209_nucerin,source::https_www.bio.org_events_bio-international-convention_sessions_2420132,USES_SOURCE,E3,Source__BIO_company_profile
scorecard::hy209_nucerin_20260622,source::https_www.bio.org_events_bio-international-convention_sessions_2420132,SUPPORTS_SCORE,E3,Source__BIO_company_profile
asset::hy209_nucerin,source::https_www.who.int_news-room_fact-sheets_detail_dementia,USES_SOURCE,E3,Source__WHO_dementia_fact_sheet
scorecard::hy209_nucerin_20260622,source::https_www.who.int_news-room_fact-sheets_detail_dementia,SUPPORTS_SCORE,E3,Source__WHO_dementia_fact_sheet
asset::hy209_nucerin,source::https_www.alz.org_alzheimers-dementia_facts-figures,USES_SOURCE,E3,Source__Alzheimer's_Association_Facts_and_Figures
scorecard::hy209_nucerin_20260622,source::https_www.alz.org_alzheimers-dementia_facts-figures,SUPPORTS_SCORE,E3,Source__Alzheimer's_Association_Facts_and_Figures
asset::hy209_nucerin,source::https_www.fda.gov_news-events_press-announcements_fda-converts-novel-al_2dfaf7af,USES_SOURCE,E3,Source__FDA_Leqembi_approval
scorecard::hy209_nucerin_20260622,source::https_www.fda.gov_news-events_press-announcements_fda-converts-novel-al_2dfaf7af,SUPPORTS_SCORE,E3,Source__FDA_Leqembi_approval
asset::hy209_nucerin,source::https_www.fda.gov_drugs_news-events-human-drugs_fda-approves-treatment-_abbc72bc,USES_SOURCE,E3,Source__FDA_Kisunla_approval
scorecard::hy209_nucerin_20260622,source::https_www.fda.gov_drugs_news-events-human-drugs_fda-approves-treatment-_abbc72bc,SUPPORTS_SCORE,E3,Source__FDA_Kisunla_approval
asset::hy209_nucerin,source::https_www.nodthera.com_news_nodtheras-nlrp3-inhibitor-nt-0796-reverses-_4c6e96b7,USES_SOURCE,E3,Source__NT-0796_source
scorecard::hy209_nucerin_20260622,source::https_www.nodthera.com_news_nodtheras-nlrp3-inhibitor-nt-0796-reverses-_4c6e96b7,SUPPORTS_SCORE,E3,Source__NT-0796_source
asset::hy209_nucerin,source::https_clinicaltrials.gov_study_nct06556173,USES_SOURCE,E3,Source__VTX3232_source
scorecard::hy209_nucerin_20260622,source::https_clinicaltrials.gov_study_nct06556173,SUPPORTS_SCORE,E3,Source__VTX3232_source
asset::hy209_nucerin,source::https_www.ventustx.com_ventus-therapeutics-announces-first-patient-dose_15e90dd2,USES_SOURCE,E3,Source__VENT-02_source
scorecard::hy209_nucerin_20260622,source::https_www.ventustx.com_ventus-therapeutics-announces-first-patient-dose_15e90dd2,SUPPORTS_SCORE,E3,Source__VENT-02_source
asset::hy209_nucerin,source::https_www.frontiersin.org_journals_pharmacology_articles_10.3389_fphar._243e0656,USES_SOURCE,E3,Source__Dapansutrile_OLT1177_source
scorecard::hy209_nucerin_20260622,source::https_www.frontiersin.org_journals_pharmacology_articles_10.3389_fphar._243e0656,SUPPORTS_SCORE,E3,Source__Dapansutrile_OLT1177_source
asset::hy209_nucerin,source::https_hudsontherapeutics.com_inflammasome,USES_SOURCE,E3,Source__https_hudsontherapeutics.com_inflammasome
scorecard::hy209_nucerin_20260622,source::https_hudsontherapeutics.com_inflammasome,SUPPORTS_SCORE,E3,Source__https_hudsontherapeutics.com_inflammasome
asset::hy209_nucerin,source::https_www.frontiersin.org_journals_pharmacology_articles_10.3389_fphar._78cd83ed,USES_SOURCE,E3,Source__https_www.frontiersin.org_journals_pharmacology_articles_10.3389_fphar._78cd83ed
scorecard::hy209_nucerin_20260622,source::https_www.frontiersin.org_journals_pharmacology_articles_10.3389_fphar._78cd83ed,SUPPORTS_SCORE,E3,Source__https_www.frontiersin.org_journals_pharmacology_articles_10.3389_fphar._78cd83ed
asset::hy209_nucerin,source::https_www.alzdiscovery.org_uploads_cognitive_vitality_media_nlrp3_inhib_1c280093,USES_SOURCE,E3,Source__https_www.alzdiscovery.org_uploads_cognitive_vitality_media_NLRP3_Inhib_1c280093
scorecard::hy209_nucerin_20260622,source::https_www.alzdiscovery.org_uploads_cognitive_vitality_media_nlrp3_inhib_1c280093,SUPPORTS_SCORE,E3,Source__https_www.alzdiscovery.org_uploads_cognitive_vitality_media_NLRP3_Inhib_1c280093
asset::hy209_nucerin,source::https_www.mdpi.com_1422-0067_25_17_9279,USES_SOURCE,E3,Source__https_www.mdpi.com_1422-0067_25_17_9279
scorecard::hy209_nucerin_20260622,source::https_www.mdpi.com_1422-0067_25_17_9279,SUPPORTS_SCORE,E3,Source__https_www.mdpi.com_1422-0067_25_17_9279
asset::hy209_nucerin,source::https_pmc.ncbi.nlm.nih.gov_articles_pmc11212731,USES_SOURCE,E3,Source__https_pmc.ncbi.nlm.nih.gov_articles_PMC11212731
scorecard::hy209_nucerin_20260622,source::https_pmc.ncbi.nlm.nih.gov_articles_pmc11212731,SUPPORTS_SCORE,E3,Source__https_pmc.ncbi.nlm.nih.gov_articles_PMC11212731
asset::hy209_nucerin,source::https_doaj.org_article_89f6e0b19a8d46f9b3063ba13be1f0d1,USES_SOURCE,E3,Source__https_doaj.org_article_89f6e0b19a8d46f9b3063ba13be1f0d1
scorecard::hy209_nucerin_20260622,source::https_doaj.org_article_89f6e0b19a8d46f9b3063ba13be1f0d1,SUPPORTS_SCORE,E3,Source__https_doaj.org_article_89f6e0b19a8d46f9b3063ba13be1f0d1
asset::hy209_nucerin,source::https_www.bioworld.com_articles_518211-bridge-biotherapeutics-inks-30b-_dd0e8f4d,USES_SOURCE,E3,Source__https_www.bioworld.com_articles_518211-bridge-biotherapeutics-inks-30b-_dd0e8f4d
scorecard::hy209_nucerin_20260622,source::https_www.bioworld.com_articles_518211-bridge-biotherapeutics-inks-30b-_dd0e8f4d,SUPPORTS_SCORE,E3,Source__https_www.bioworld.com_articles_518211-bridge-biotherapeutics-inks-30b-_dd0e8f4d
asset::hy209_nucerin,source::https_link.springer.com_article_10.1186_s12974-021-02087-1,USES_SOURCE,E3,Source__https_link.springer.com_article_10.1186_s12974-021-02087-1
scorecard::hy209_nucerin_20260622,source::https_link.springer.com_article_10.1186_s12974-021-02087-1,SUPPORTS_SCORE,E3,Source__https_link.springer.com_article_10.1186_s12974-021-02087-1
asset::hy209_nucerin,source::https_www.eisai.com_news_2023_news202302.html,USES_SOURCE,E3,Source__https_www.eisai.com_news_2023_news202302.html
scorecard::hy209_nucerin_20260622,source::https_www.eisai.com_news_2023_news202302.html,SUPPORTS_SCORE,E3,Source__https_www.eisai.com_news_2023_news202302.html
asset::meta-01_meta-1i_mp-5342,company::meta_pharmaceuticals_inc,OWNED_BY,E2,Scorecard__META-01_META-1i_MP-5342__20260622
asset::meta-01_meta-1i_mp-5342,target::ldh_lactate_dehydrogenase;_likely_ldha-focused_but_isoform_selectivity_2955c872,TARGETS,E2,Scorecard__META-01_META-1i_MP-5342__20260622
asset::meta-01_meta-1i_mp-5342,moa::oral_small-molecule_ldh_inhibition_intended_to_modulate_immune-cell_glu_8049671b,HAS_MOA,E2,Scorecard__META-01_META-1i_MP-5342__20260622
asset::meta-01_meta-1i_mp-5342,modality::oral_small_molecule;_immunometabolism_platform;_ai-assisted_metabolic_p_ce1f0603,HAS_MODALITY,E2,Scorecard__META-01_META-1i_MP-5342__20260622
asset::meta-01_meta-1i_mp-5342,indication::lead_disclosed_indication_inflammatory_bowel_disease;_expansion_potenti_5e2ac79e,HAS_INDICATION,E2,Scorecard__META-01_META-1i_MP-5342__20260622
asset::meta-01_meta-1i_mp-5342,theme::neuroimmune,MAPS_TO_THEME,E2,Scorecard__META-01_META-1i_MP-5342__20260622
asset::meta-01_meta-1i_mp-5342,cluster::말초_면역기관_연결,MAPS_TO_CLUSTER,E2,Scorecard__META-01_META-1i_MP-5342__20260622
asset::meta-01_meta-1i_mp-5342,scorecard::meta-01_meta-1i_mp-5342_20260622,HAS_SCORECARD,E2,Scorecard__META-01_META-1i_MP-5342__20260622
asset::meta-01_meta-1i_mp-5342,competitor::abbvie_skyrizi_risankizumab,HAS_COMPETITOR,E2,Scorecard__META-01_META-1i_MP-5342__20260622
asset::meta-01_meta-1i_mp-5342,competitor::abbvie_rinvoq_upadacitinib,HAS_COMPETITOR,E2,Scorecard__META-01_META-1i_MP-5342__20260622
asset::meta-01_meta-1i_mp-5342,competitor::eli_lilly_omvoh_mirikizumab,HAS_COMPETITOR,E2,Scorecard__META-01_META-1i_MP-5342__20260622
asset::meta-01_meta-1i_mp-5342,competitor::takeda_entyvio_vedolizumab,HAS_COMPETITOR,E2,Scorecard__META-01_META-1i_MP-5342__20260622
asset::meta-01_meta-1i_mp-5342,competitor::merck_tulisokibart_mk-7240,HAS_COMPETITOR,E2,Scorecard__META-01_META-1i_MP-5342__20260622
asset::meta-01_meta-1i_mp-5342,competitor::sanofi_teva_duvakitug_tev-48574,HAS_COMPETITOR,E2,Scorecard__META-01_META-1i_MP-5342__20260622
asset::meta-01_meta-1i_mp-5342,competitor::roche_telavant_rvt-3101_afimkibart,HAS_COMPETITOR,E2,Scorecard__META-01_META-1i_MP-5342__20260622
asset::meta-01_meta-1i_mp-5342,competitor::academic_tool_compounds_fx11_gsk2837808a-type_ldha_inhibitors,HAS_COMPETITOR,E2,Scorecard__META-01_META-1i_MP-5342__20260622
asset::meta-01_meta-1i_mp-5342,source::https_en.metabiopharma.com,USES_SOURCE,E2,Source__META_Pharmaceuticals_official_homepage
scorecard::meta-01_meta-1i_mp-5342_20260622,source::https_en.metabiopharma.com,SUPPORTS_SCORE,E2,Source__META_Pharmaceuticals_official_homepage
asset::meta-01_meta-1i_mp-5342,source::https_en.metabiopharma.com_index.php_news,USES_SOURCE,E2,Source__META_Pharmaceuticals_official_news
scorecard::meta-01_meta-1i_mp-5342_20260622,source::https_en.metabiopharma.com_index.php_news,SUPPORTS_SCORE,E2,Source__META_Pharmaceuticals_official_news
asset::meta-01_meta-1i_mp-5342,source::https_metabiopharma.com,USES_SOURCE,E2,Source__META_Pharmaceuticals_Chinese_official_site
scorecard::meta-01_meta-1i_mp-5342_20260622,source::https_metabiopharma.com,SUPPORTS_SCORE,E2,Source__META_Pharmaceuticals_Chinese_official_site
asset::meta-01_meta-1i_mp-5342,source::https_synapse.patsnap.com_drug_7196b08c3c4b4dd3bbc0cd3292c675b0,USES_SOURCE,E2,Source__Synapse_META-01_profile
scorecard::meta-01_meta-1i_mp-5342_20260622,source::https_synapse.patsnap.com_drug_7196b08c3c4b4dd3bbc0cd3292c675b0,SUPPORTS_SCORE,E2,Source__Synapse_META-01_profile
asset::meta-01_meta-1i_mp-5342,source::https_www.prnewswire.com_apac_news-releases_xtalpi-holdings-announces-f_7598d997,USES_SOURCE,E2,Source__XtalPi_2025_annual_results
scorecard::meta-01_meta-1i_mp-5342_20260622,source::https_www.prnewswire.com_apac_news-releases_xtalpi-holdings-announces-f_7598d997,SUPPORTS_SCORE,E2,Source__XtalPi_2025_annual_results
asset::meta-01_meta-1i_mp-5342,source::https_pubmed.ncbi.nlm.nih.gov_27708054,USES_SOURCE,E2,Source__Science_2016_LDHA_T_helper_1_paper
scorecard::meta-01_meta-1i_mp-5342_20260622,source::https_pubmed.ncbi.nlm.nih.gov_27708054,SUPPORTS_SCORE,E2,Source__Science_2016_LDHA_T_helper_1_paper
asset::meta-01_meta-1i_mp-5342,source::https_pubmed.ncbi.nlm.nih.gov_33479154,USES_SOURCE,E2,Source__Science_2021_CD8_T-cell_LDHA_paper
scorecard::meta-01_meta-1i_mp-5342_20260622,source::https_pubmed.ncbi.nlm.nih.gov_33479154,SUPPORTS_SCORE,E2,Source__Science_2021_CD8_T-cell_LDHA_paper
asset::meta-01_meta-1i_mp-5342,source::https_pmc.ncbi.nlm.nih.gov_articles_pmc10069527,USES_SOURCE,E2,Source__Global_IBD_burden_paper
scorecard::meta-01_meta-1i_mp-5342_20260622,source::https_pmc.ncbi.nlm.nih.gov_articles_pmc10069527,SUPPORTS_SCORE,E2,Source__Global_IBD_burden_paper
asset::meta-01_meta-1i_mp-5342,source::https_en.metabiopharma.com_index.php_about,USES_SOURCE,E2,Source__META_Pharmaceuticals_About_page
scorecard::meta-01_meta-1i_mp-5342_20260622,source::https_en.metabiopharma.com_index.php_about,SUPPORTS_SCORE,E2,Source__META_Pharmaceuticals_About_page
asset::meta-01_meta-1i_mp-5342,source::https_www.hkstp.org_en_park-life_news-and-events_news_meta-pharm-inc-an_bd5ce4fb,USES_SOURCE,E2,Source__HKSTP_Series_A1_financing_news
scorecard::meta-01_meta-1i_mp-5342_20260622,source::https_www.hkstp.org_en_park-life_news-and-events_news_meta-pharm-inc-an_bd5ce4fb,SUPPORTS_SCORE,E2,Source__HKSTP_Series_A1_financing_news
asset::meta-01_meta-1i_mp-5342,source::https_synapse.patsnap.com_organization_beb5d2619a0c1fa0af931d10269fb4e4,USES_SOURCE,E2,Source__Synapse_Shenzhen_META_Pharmaceuticals_organization_profile
scorecard::meta-01_meta-1i_mp-5342_20260622,source::https_synapse.patsnap.com_organization_beb5d2619a0c1fa0af931d10269fb4e4,SUPPORTS_SCORE,E2,Source__Synapse_Shenzhen_META_Pharmaceuticals_organization_profile
asset::meta-01_meta-1i_mp-5342,source::https_adisinsight.springer.com_drugs_800074116,USES_SOURCE,E2,Source__AdisInsight_META_1i
scorecard::meta-01_meta-1i_mp-5342_20260622,source::https_adisinsight.springer.com_drugs_800074116,SUPPORTS_SCORE,E2,Source__AdisInsight_META_1i
asset::meta-01_meta-1i_mp-5342,source::https_pubmed.ncbi.nlm.nih.gov_33979589,USES_SOURCE,E2,Source__Immunity_2021_Th17_glycolysis_paper
scorecard::meta-01_meta-1i_mp-5342_20260622,source::https_pubmed.ncbi.nlm.nih.gov_33979589,SUPPORTS_SCORE,E2,Source__Immunity_2021_Th17_glycolysis_paper
asset::meta-01_meta-1i_mp-5342,source::https_www.cdc.gov_inflammatory-bowel-disease_php_facts-stats_index.html,USES_SOURCE,E2,Source__CDC_IBD_facts_and_stats
scorecard::meta-01_meta-1i_mp-5342_20260622,source::https_www.cdc.gov_inflammatory-bowel-disease_php_facts-stats_index.html,SUPPORTS_SCORE,E2,Source__CDC_IBD_facts_and_stats
asset::meta-01_meta-1i_mp-5342,source::https_news.abbvie.com_2024-06-18-u-s-fda-approves-skyrizi-r-risankizuma_56617c43,USES_SOURCE,E2,Source__Skyrizi_risankizumab_source
scorecard::meta-01_meta-1i_mp-5342_20260622,source::https_news.abbvie.com_2024-06-18-u-s-fda-approves-skyrizi-r-risankizuma_56617c43,SUPPORTS_SCORE,E2,Source__Skyrizi_risankizumab_source
asset::meta-01_meta-1i_mp-5342,source::https_news.abbvie.com_2025-10-13-u-s-food-and-drug-administration-fda-a_94c1c66c,USES_SOURCE,E2,Source__Rinvoq_upadacitinib_source
scorecard::meta-01_meta-1i_mp-5342_20260622,source::https_news.abbvie.com_2025-10-13-u-s-food-and-drug-administration-fda-a_94c1c66c,SUPPORTS_SCORE,E2,Source__Rinvoq_upadacitinib_source
asset::meta-01_meta-1i_mp-5342,source::https_www.prnewswire.com_news-releases_fda-approves-lillys-omvoh-miriki_bad9781b,USES_SOURCE,E2,Source__Omvoh_mirikizumab_source
scorecard::meta-01_meta-1i_mp-5342_20260622,source::https_www.prnewswire.com_news-releases_fda-approves-lillys-omvoh-miriki_bad9781b,SUPPORTS_SCORE,E2,Source__Omvoh_mirikizumab_source
asset::meta-01_meta-1i_mp-5342,source::https_www.takeda.com_newsroom_newsreleases_2024_fda-approves-subcutaneo_626609f9,USES_SOURCE,E2,Source__Entyvio_vedolizumab_source
scorecard::meta-01_meta-1i_mp-5342_20260622,source::https_www.takeda.com_newsroom_newsreleases_2024_fda-approves-subcutaneo_626609f9,SUPPORTS_SCORE,E2,Source__Entyvio_vedolizumab_source
asset::meta-01_meta-1i_mp-5342,source::https_www.merck.com_news_merck-to-present-new-long-term-data-for-tuliso_47bdd5f3,USES_SOURCE,E2,Source__Tulisokibart_MK-7240_source
scorecard::meta-01_meta-1i_mp-5342_20260622,source::https_www.merck.com_news_merck-to-present-new-long-term-data-for-tuliso_47bdd5f3,SUPPORTS_SCORE,E2,Source__Tulisokibart_MK-7240_source
asset::meta-01_meta-1i_mp-5342,source::https_www.sanofi.com_en_media-room_press-releases_2026_2026-02-17-11-00_04c36811,USES_SOURCE,E2,Source__Duvakitug_TEV-48574_source
scorecard::meta-01_meta-1i_mp-5342_20260622,source::https_www.sanofi.com_en_media-room_press-releases_2026_2026-02-17-11-00_04c36811,SUPPORTS_SCORE,E2,Source__Duvakitug_TEV-48574_source
asset::meta-01_meta-1i_mp-5342,source::https_www.roche.com_investors_updates_inv-update-2023-10-23,USES_SOURCE,E2,Source__RVT-3101_afimkibart_source
scorecard::meta-01_meta-1i_mp-5342_20260622,source::https_www.roche.com_investors_updates_inv-update-2023-10-23,SUPPORTS_SCORE,E2,Source__RVT-3101_afimkibart_source
asset::meta-01_meta-1i_mp-5342,source::https_pubmed.ncbi.nlm.nih.gov_32602217,USES_SOURCE,E2,Source__FX11_GSK2837808A-type_LDHA_inhibitors_source
scorecard::meta-01_meta-1i_mp-5342_20260622,source::https_pubmed.ncbi.nlm.nih.gov_32602217,SUPPORTS_SCORE,E2,Source__FX11_GSK2837808A-type_LDHA_inhibitors_source
asset::meta-01_meta-1i_mp-5342,source::https_pmc.ncbi.nlm.nih.gov_articles_pmc8913504,USES_SOURCE,E2,Source__https_pmc.ncbi.nlm.nih.gov_articles_PMC8913504
scorecard::meta-01_meta-1i_mp-5342_20260622,source::https_pmc.ncbi.nlm.nih.gov_articles_pmc8913504,SUPPORTS_SCORE,E2,Source__https_pmc.ncbi.nlm.nih.gov_articles_PMC8913504
asset::meta-01_meta-1i_mp-5342,source::https_pmc.ncbi.nlm.nih.gov_articles_pmc10799425,USES_SOURCE,E2,Source__https_pmc.ncbi.nlm.nih.gov_articles_PMC10799425
scorecard::meta-01_meta-1i_mp-5342_20260622,source::https_pmc.ncbi.nlm.nih.gov_articles_pmc10799425,SUPPORTS_SCORE,E2,Source__https_pmc.ncbi.nlm.nih.gov_articles_PMC10799425
asset::meta-01_meta-1i_mp-5342,source::https_en.metabiopharma.com_index.php_science,USES_SOURCE,E2,Source__https_en.metabiopharma.com_index.php_science
scorecard::meta-01_meta-1i_mp-5342_20260622,source::https_en.metabiopharma.com_index.php_science,SUPPORTS_SCORE,E2,Source__https_en.metabiopharma.com_index.php_science
asset::meta-01_meta-1i_mp-5342,source::https_www.vcbeathealth.com_article_4398,USES_SOURCE,E2,Source__https_www.vcbeathealth.com_article_4398
scorecard::meta-01_meta-1i_mp-5342_20260622,source::https_www.vcbeathealth.com_article_4398,SUPPORTS_SCORE,E2,Source__https_www.vcbeathealth.com_article_4398
asset::meta-01_meta-1i_mp-5342,source::https_www.prnewswire.com_news-releases_meta-pharmaceuticals-announces-f_11d397f9,USES_SOURCE,E2,Source__https_www.prnewswire.com_news-releases_meta-pharmaceuticals-announces-f_11d397f9
scorecard::meta-01_meta-1i_mp-5342_20260622,source::https_www.prnewswire.com_news-releases_meta-pharmaceuticals-announces-f_11d397f9,SUPPORTS_SCORE,E2,Source__https_www.prnewswire.com_news-releases_meta-pharmaceuticals-announces-f_11d397f9
asset::meta-01_meta-1i_mp-5342,source::https_www.rinvoq.com_cost,USES_SOURCE,E2,Source__https_www.rinvoq.com_cost
scorecard::meta-01_meta-1i_mp-5342_20260622,source::https_www.rinvoq.com_cost,SUPPORTS_SCORE,E2,Source__https_www.rinvoq.com_cost
asset::meta-01_meta-1i_mp-5342,source::https_www.skyrizi.com_ulcerative-colitis_cost-and-savings,USES_SOURCE,E2,Source__https_www.skyrizi.com_ulcerative-colitis_cost-and-savings
scorecard::meta-01_meta-1i_mp-5342_20260622,source::https_www.skyrizi.com_ulcerative-colitis_cost-and-savings,SUPPORTS_SCORE,E2,Source__https_www.skyrizi.com_ulcerative-colitis_cost-and-savings
asset::meta-01_meta-1i_mp-5342,source::https_icer.org_news-insights_press-releases_icer-publishes-final-report_8763a14b,USES_SOURCE,E2,Source__https_icer.org_news-insights_press-releases_icer-publishes-final-report_8763a14b
scorecard::meta-01_meta-1i_mp-5342_20260622,source::https_icer.org_news-insights_press-releases_icer-publishes-final-report_8763a14b,SUPPORTS_SCORE,E2,Source__https_icer.org_news-insights_press-releases_icer-publishes-final-report_8763a14b
asset::ns-041,company::neushen_therapeutics,OWNED_BY,E4,Scorecard__NS-041__20260623
asset::ns-041,target::kcnq2_3_(kv7.2_kv7.3),TARGETS,E4,Scorecard__NS-041__20260623
asset::ns-041,"moa::selective_kcnq2_3_activator;_modulates_m-current,_hyperpolarizes_neuron_889f7860",HAS_MOA,E4,Scorecard__NS-041__20260623
asset::ns-041,modality::oral_small-molecule_tablet;_neushen_small-molecule_cns_discovery_platform,HAS_MODALITY,E4,Scorecard__NS-041__20260623
asset::ns-041,indication::focal_onset_seizure;_major_depressive_disorder;_pain,HAS_INDICATION,E4,Scorecard__NS-041__20260623
asset::ns-041,theme::e_i_balance,MAPS_TO_THEME,E4,Scorecard__NS-041__20260623
asset::ns-041,cluster::ion_channel,MAPS_TO_CLUSTER,E4,Scorecard__NS-041__20260623
asset::ns-041,scorecard::ns-041_20260623,HAS_SCORECARD,E4,Scorecard__NS-041__20260623
asset::ns-041,competitor::xenon_pharmaceuticals_azetukalner_xen1101,HAS_COMPETITOR,E4,Scorecard__NS-041__20260623
asset::ns-041,competitor::biohaven_opakalim_bhv-7000,HAS_COMPETITOR,E4,Scorecard__NS-041__20260623
asset::ns-041,competitor::gsk_valeant_historical_retigabine_ezogabine_potiga_trobalt,HAS_COMPETITOR,E4,Scorecard__NS-041__20260623
asset::ns-041,competitor::quralis_qrl-101,HAS_COMPETITOR,E4,Scorecard__NS-041__20260623
asset::ns-041,competitor::saniona_jazz_pharmaceuticals_san2355,HAS_COMPETITOR,E4,Scorecard__NS-041__20260623
asset::ns-041,competitor::praxis_precision_medicines_prax-628,HAS_COMPETITOR,E4,Scorecard__NS-041__20260623
asset::ns-041,competitor::sk_life_science_sk_biopharmaceuticals_cenobamate_xcopri,HAS_COMPETITOR,E4,Scorecard__NS-041__20260623
asset::ns-041,source::https_www.neushen.com_news_2024_neushen-therapeutics-granted-nmpa-cde-i_17f201b3,USES_SOURCE,E4,Source__NeuShen_NS-041_NMPA_CDE_IND_approval
scorecard::ns-041_20260623,source::https_www.neushen.com_news_2024_neushen-therapeutics-granted-nmpa-cde-i_17f201b3,SUPPORTS_SCORE,E4,Source__NeuShen_NS-041_NMPA_CDE_IND_approval
asset::ns-041,source::https_www.neushen.com_our-pipeline.html,USES_SOURCE,E4,Source__NeuShen_pipeline
scorecard::ns-041_20260623,source::https_www.neushen.com_our-pipeline.html,SUPPORTS_SCORE,E4,Source__NeuShen_pipeline
asset::ns-041,source::https_www.neushen.com_news_2023_neushen-therapeutics-announces-poster-p_8287ae4c,USES_SOURCE,E4,Source__NeuShen_ACS_Fall_2023_poster
scorecard::ns-041_20260623,source::https_www.neushen.com_news_2023_neushen-therapeutics-announces-poster-p_8287ae4c,SUPPORTS_SCORE,E4,Source__NeuShen_ACS_Fall_2023_poster
asset::ns-041,source::https_www.hkexnews.hk_listedco_listconews_sehk_2025_1221_2025122100017.pdf,USES_SOURCE,E4,Source__HKEX_Livzon_depression_clinical_trial_approval
scorecard::ns-041_20260623,source::https_www.hkexnews.hk_listedco_listconews_sehk_2025_1221_2025122100017.pdf,SUPPORTS_SCORE,E4,Source__HKEX_Livzon_depression_clinical_trial_approval
asset::ns-041,source::https_en.livzon.com.cn_news_1028.html,USES_SOURCE,E4,Source__Livzon_Phase_I_completion
scorecard::ns-041_20260623,source::https_en.livzon.com.cn_news_1028.html,SUPPORTS_SCORE,E4,Source__Livzon_Phase_I_completion
asset::ns-041,source::https_www.neushen.com_company.html,USES_SOURCE,E4,Source__NeuShen_company_page
scorecard::ns-041_20260623,source::https_www.neushen.com_company.html,SUPPORTS_SCORE,E4,Source__NeuShen_company_page
asset::ns-041,source::https_www.chinadrugtrials.org.cn_clinicaltrials.searchlist.dhtml_keywor_8402ee62,USES_SOURCE,E4,Source__China_Drug_Trials_CTR20251874
scorecard::ns-041_20260623,source::https_www.chinadrugtrials.org.cn_clinicaltrials.searchlist.dhtml_keywor_8402ee62,SUPPORTS_SCORE,E4,Source__China_Drug_Trials_CTR20251874
asset::ns-041,source::https_www.chinadrugtrials.org.cn_clinicaltrials.searchlist.dhtml_keywor_3bfec74b,USES_SOURCE,E4,Source__China_Drug_Trials_CTR20253838
scorecard::ns-041_20260623,source::https_www.chinadrugtrials.org.cn_clinicaltrials.searchlist.dhtml_keywor_3bfec74b,SUPPORTS_SCORE,E4,Source__China_Drug_Trials_CTR20253838
asset::ns-041,source::https_jamanetwork.com_journals_jamaneurology_fullarticle_2809938,USES_SOURCE,E4,Source__JAMA_Neurology_XEN1101_epilepsy
scorecard::ns-041_20260623,source::https_jamanetwork.com_journals_jamaneurology_fullarticle_2809938,SUPPORTS_SCORE,E4,Source__JAMA_Neurology_XEN1101_epilepsy
asset::ns-041,source::https_jamanetwork.com_journals_jamanetworkopen_fullarticle_2834419,USES_SOURCE,E4,Source__JAMA_Network_Open_azetukalner_MDD
scorecard::ns-041_20260623,source::https_jamanetwork.com_journals_jamanetworkopen_fullarticle_2834419,SUPPORTS_SCORE,E4,Source__JAMA_Network_Open_azetukalner_MDD
asset::ns-041,source::https_investor.xenon-pharma.com_news-releases_news-release-details_xeno_dfccb5d1,USES_SOURCE,E4,Source__Xenon_Phase_3_azetukalner_PR
scorecard::ns-041_20260623,source::https_investor.xenon-pharma.com_news-releases_news-release-details_xeno_dfccb5d1,SUPPORTS_SCORE,E4,Source__Xenon_Phase_3_azetukalner_PR
asset::ns-041,source::https_www.biohaven.com_pipeline_innovation-engine_kv7,USES_SOURCE,E4,Source__Biohaven_Kv7_pipeline
scorecard::ns-041_20260623,source::https_www.biohaven.com_pipeline_innovation-engine_kv7,SUPPORTS_SCORE,E4,Source__Biohaven_Kv7_pipeline
asset::ns-041,source::https_www.who.int_news-room_fact-sheets_detail_epilepsy,USES_SOURCE,E4,Source__WHO_epilepsy_fact_sheet
scorecard::ns-041_20260623,source::https_www.who.int_news-room_fact-sheets_detail_epilepsy,SUPPORTS_SCORE,E4,Source__WHO_epilepsy_fact_sheet
asset::ns-041,source::https_www.sklifescienceinc.com_pdf_sklsi_connecticut_prescriber_disclos_5d011039,USES_SOURCE,E4,Source__SK_Life_Science_XCOPRI_WAC_disclosure
scorecard::ns-041_20260623,source::https_www.sklifescienceinc.com_pdf_sklsi_connecticut_prescriber_disclos_5d011039,SUPPORTS_SCORE,E4,Source__SK_Life_Science_XCOPRI_WAC_disclosure
asset::ns-041,source::https_www.accessdata.fda.gov_drugsatfda_docs_label_2013_022345s006lbl.pdf,USES_SOURCE,E4,Source__Retigabine_Ezogabine_Potiga_Trobalt_source
scorecard::ns-041_20260623,source::https_www.accessdata.fda.gov_drugsatfda_docs_label_2013_022345s006lbl.pdf,SUPPORTS_SCORE,E4,Source__Retigabine_Ezogabine_Potiga_Trobalt_source
asset::ns-041,source::https_www.quralis.com_news_quralis-announces-expansion-of-its-selective_9729cd1f,USES_SOURCE,E4,Source__QRL-101_source
scorecard::ns-041_20260623,source::https_www.quralis.com_news_quralis-announces-expansion-of-its-selective_9729cd1f,SUPPORTS_SCORE,E4,Source__QRL-101_source
asset::ns-041,source::https_www.bioworld.com_articles_723481-jazz-gains-rights-to-sanionas-san-2355,USES_SOURCE,E4,Source__SAN2355_source
scorecard::ns-041_20260623,source::https_www.bioworld.com_articles_723481-jazz-gains-rights-to-sanionas-san-2355,SUPPORTS_SCORE,E4,Source__SAN2355_source
asset::ns-041,source::https_ir.praxismedicines.com_news-releases_news-release-details_praxis-_54863f5e,USES_SOURCE,E4,Source__PRAX-628_source
scorecard::ns-041_20260623,source::https_ir.praxismedicines.com_news-releases_news-release-details_praxis-_54863f5e,SUPPORTS_SCORE,E4,Source__PRAX-628_source
asset::ns-041,source::https_www.neushen.com_news_2023_neushen-therapeutics-announces-nmpa-cde_495859f0,USES_SOURCE,E4,Source__https_www.neushen.com_news_2023_neushen-therapeutics-announces-nmpa-cde_495859f0
scorecard::ns-041_20260623,source::https_www.neushen.com_news_2023_neushen-therapeutics-announces-nmpa-cde_495859f0,SUPPORTS_SCORE,E4,Source__https_www.neushen.com_news_2023_neushen-therapeutics-announces-nmpa-cde_495859f0
asset::ns-041,source::https_www.prnewswire.com_news-releases_biohaven-reports-new-clinical-da_fced1f21,USES_SOURCE,E4,Source__https_www.prnewswire.com_news-releases_biohaven-reports-new-clinical-da_fced1f21
scorecard::ns-041_20260623,source::https_www.prnewswire.com_news-releases_biohaven-reports-new-clinical-da_fced1f21,SUPPORTS_SCORE,E4,Source__https_www.prnewswire.com_news-releases_biohaven-reports-new-clinical-da_fced1f21
asset::ns-041,source::https_www.gsk.com_en-gb_media_press-releases_gsk-and-valeant-receive-eu_0732d64c,USES_SOURCE,E4,Source__https_www.gsk.com_en-gb_media_press-releases_gsk-and-valeant-receive-eu_0732d64c
scorecard::ns-041_20260623,source::https_www.gsk.com_en-gb_media_press-releases_gsk-and-valeant-receive-eu_0732d64c,SUPPORTS_SCORE,E4,Source__https_www.gsk.com_en-gb_media_press-releases_gsk-and-valeant-receive-eu_0732d64c
asset::ns-041,source::https_www.ilae.org_files_dmfile_gsk_retigabinetrobalt-reminder.pdf,USES_SOURCE,E4,Source__https_www.ilae.org_files_dmfile_GSK_RetigabineTrobalt-Reminder.pdf
scorecard::ns-041_20260623,source::https_www.ilae.org_files_dmfile_gsk_retigabinetrobalt-reminder.pdf,SUPPORTS_SCORE,E4,Source__https_www.ilae.org_files_dmfile_GSK_RetigabineTrobalt-Reminder.pdf
asset::ns-041,source::https_mfn.se_a_saniona_saniona-provides-update-on-major-progress-for-san2355,USES_SOURCE,E4,Source__https_mfn.se_a_saniona_saniona-provides-update-on-major-progress-for-san2355
scorecard::ns-041_20260623,source::https_mfn.se_a_saniona_saniona-provides-update-on-major-progress-for-san2355,SUPPORTS_SCORE,E4,Source__https_mfn.se_a_saniona_saniona-provides-update-on-major-progress-for-san2355
asset::ns-041,source::https_www.neushen.com_news_2026_neushen-therapeutics-announces-completi_523a0bb1,USES_SOURCE,E4,Source__https_www.neushen.com_news_2026_neushen-therapeutics-announces-completi_523a0bb1
scorecard::ns-041_20260623,source::https_www.neushen.com_news_2026_neushen-therapeutics-announces-completi_523a0bb1,SUPPORTS_SCORE,E4,Source__https_www.neushen.com_news_2026_neushen-therapeutics-announces-completi_523a0bb1
asset::ns-041,source::https_synapse.patsnap.com_drug_ffa60f392516470c92875b9236e91c4e,USES_SOURCE,E4,Source__https_synapse.patsnap.com_drug_ffa60f392516470c92875b9236e91c4e
scorecard::ns-041_20260623,source::https_synapse.patsnap.com_drug_ffa60f392516470c92875b9236e91c4e,SUPPORTS_SCORE,E4,Source__https_synapse.patsnap.com_drug_ffa60f392516470c92875b9236e91c4e
asset::ns-041,source::https_pmc.ncbi.nlm.nih.gov_articles_pmc1071497,USES_SOURCE,E4,Source__https_pmc.ncbi.nlm.nih.gov_articles_PMC1071497
scorecard::ns-041_20260623,source::https_pmc.ncbi.nlm.nih.gov_articles_pmc1071497,SUPPORTS_SCORE,E4,Source__https_pmc.ncbi.nlm.nih.gov_articles_PMC1071497
asset::ns-041,source::https_securities.miraeasset.com_bbs_download_2108666.pdf_attachmentid=2108666,USES_SOURCE,E4,Source__https_securities.miraeasset.com_bbs_download_2108666.pdf_attachmentId=2108666
scorecard::ns-041_20260623,source::https_securities.miraeasset.com_bbs_download_2108666.pdf_attachmentid=2108666,SUPPORTS_SCORE,E4,Source__https_securities.miraeasset.com_bbs_download_2108666.pdf_attachmentId=2108666
asset::azetukalner_xen1101,company::xenon_pharmaceuticals,OWNED_BY,E0,Scorecard__Azetukalner_XEN1101__20260623
asset::azetukalner_xen1101,target::kv7_kcnq_potassium_channels,TARGETS,E0,Scorecard__Azetukalner_XEN1101__20260623
asset::azetukalner_xen1101,moa::potassium_channel_opener_neuronal_hyperexcitability_reduction,HAS_MOA,E0,Scorecard__Azetukalner_XEN1101__20260623
asset::azetukalner_xen1101,modality::small_molecule,HAS_MODALITY,E0,Scorecard__Azetukalner_XEN1101__20260623
asset::azetukalner_xen1101,indication::focal_onset_seizures,HAS_INDICATION,E0,Scorecard__Azetukalner_XEN1101__20260623
asset::azetukalner_xen1101,theme::e_i_balance,MAPS_TO_THEME,E0,Scorecard__Azetukalner_XEN1101__20260623
asset::azetukalner_xen1101,cluster::ion_channel,MAPS_TO_CLUSTER,E0,Scorecard__Azetukalner_XEN1101__20260623
asset::azetukalner_xen1101,scorecard::azetukalner_xen1101_20260623,HAS_SCORECARD,E0,Scorecard__Azetukalner_XEN1101__20260623
asset::azetukalner_xen1101,source::https_investor.xenon-pharma.com_news-releases_news-release-details_xeno_dfccb5d1,USES_SOURCE,E0,Source__Xenon_Announces_Positive_Topline_Data_from_Phase_3_X-TOLE2_Study
scorecard::azetukalner_xen1101_20260623,source::https_investor.xenon-pharma.com_news-releases_news-release-details_xeno_dfccb5d1,SUPPORTS_SCORE,E0,Source__Xenon_Announces_Positive_Topline_Data_from_Phase_3_X-TOLE2_Study
asset::azetukalner_xen1101,source::https_jamanetwork.com_journals_jamaneurology_fullarticle_2809938,USES_SOURCE,E0,Source__JAMA_Neurology_XEN1101_Phase_2b_trial
scorecard::azetukalner_xen1101_20260623,source::https_jamanetwork.com_journals_jamaneurology_fullarticle_2809938,SUPPORTS_SCORE,E0,Source__JAMA_Neurology_XEN1101_Phase_2b_trial
asset::opakalim_bhv-7000,company::biohaven,OWNED_BY,E0,Scorecard__Opakalim_BHV-7000__20260623
asset::opakalim_bhv-7000,target::kv7.2_kv7.3,TARGETS,E0,Scorecard__Opakalim_BHV-7000__20260623
asset::opakalim_bhv-7000,moa::selective_kv7.2_kv7.3_potassium_channel_activator,HAS_MOA,E0,Scorecard__Opakalim_BHV-7000__20260623
asset::opakalim_bhv-7000,modality::small_molecule,HAS_MODALITY,E0,Scorecard__Opakalim_BHV-7000__20260623
asset::opakalim_bhv-7000,indication::focal_epilepsy_and_broader_epilepsy_populations,HAS_INDICATION,E0,Scorecard__Opakalim_BHV-7000__20260623
asset::opakalim_bhv-7000,theme::e_i_balance,MAPS_TO_THEME,E0,Scorecard__Opakalim_BHV-7000__20260623
asset::opakalim_bhv-7000,cluster::ion_channel,MAPS_TO_CLUSTER,E0,Scorecard__Opakalim_BHV-7000__20260623
asset::opakalim_bhv-7000,scorecard::opakalim_bhv-7000_20260623,HAS_SCORECARD,E0,Scorecard__Opakalim_BHV-7000__20260623
asset::opakalim_bhv-7000,source::https_www.biohaven.com_pipeline_innovation-engine_kv7,USES_SOURCE,E0,Source__Biohaven_Kv7_Ion_Channel_Modulation_Platform
scorecard::opakalim_bhv-7000_20260623,source::https_www.biohaven.com_pipeline_innovation-engine_kv7,SUPPORTS_SCORE,E0,Source__Biohaven_Kv7_Ion_Channel_Modulation_Platform
asset::opakalim_bhv-7000,source::https_www.prnewswire.com_news-releases_biohaven-reports-new-clinical-da_fced1f21,USES_SOURCE,E0,Source__Biohaven_Reports_New_Clinical_Data_in_Epilepsy_with_Opakalim
scorecard::opakalim_bhv-7000_20260623,source::https_www.prnewswire.com_news-releases_biohaven-reports-new-clinical-da_fced1f21,SUPPORTS_SCORE,E0,Source__Biohaven_Reports_New_Clinical_Data_in_Epilepsy_with_Opakalim
asset::qrl-101,company::quralis,OWNED_BY,E0,Scorecard__QRL-101__20260623
asset::qrl-101,target::kv7.2_kv7.3,TARGETS,E0,Scorecard__QRL-101__20260623
asset::qrl-101,moa::selective_kv7.2_kv7.3_ion-channel_opener_intended_to_reduce_neuronal_hy_86d0a748,HAS_MOA,E0,Scorecard__QRL-101__20260623
asset::qrl-101,modality::oral_small_molecule,HAS_MODALITY,E0,Scorecard__QRL-101__20260623
asset::qrl-101,indication::dee_planning;_als_hyperexcitability_clinical_pom_context,HAS_INDICATION,E0,Scorecard__QRL-101__20260623
asset::qrl-101,theme::e_i_balance,MAPS_TO_THEME,E0,Scorecard__QRL-101__20260623
asset::qrl-101,cluster::ion_channel,MAPS_TO_CLUSTER,E0,Scorecard__QRL-101__20260623
asset::qrl-101,scorecard::qrl-101_20260623,HAS_SCORECARD,E0,Scorecard__QRL-101__20260623
asset::qrl-101,source::https_www.quralis.com_news_quralis-to-present-data-from-its-phase-1-cli_4ee5fefb,USES_SOURCE,E0,Source__QurAlis_Phase_1_QRL-101_AES_2025_announcement
scorecard::qrl-101_20260623,source::https_www.quralis.com_news_quralis-to-present-data-from-its-phase-1-cli_4ee5fefb,SUPPORTS_SCORE,E0,Source__QurAlis_Phase_1_QRL-101_AES_2025_announcement
asset::san2355,company::jazz_pharmaceuticals_saniona,OWNED_BY,E0,Scorecard__SAN2355__20260623
asset::san2355,target::kv7.2_kv7.3,TARGETS,E0,Scorecard__SAN2355__20260623
asset::san2355,moa::selective_small-molecule_activator_of_kv7.2_kv7.3_potassium_channels,HAS_MOA,E0,Scorecard__SAN2355__20260623
asset::san2355,modality::oral_small_molecule,HAS_MODALITY,E0,Scorecard__SAN2355__20260623
asset::san2355,indication::epilepsy,HAS_INDICATION,E0,Scorecard__SAN2355__20260623
asset::san2355,theme::e_i_balance,MAPS_TO_THEME,E0,Scorecard__SAN2355__20260623
asset::san2355,cluster::ion_channel,MAPS_TO_CLUSTER,E0,Scorecard__SAN2355__20260623
asset::san2355,scorecard::san2355_20260623,HAS_SCORECARD,E0,Scorecard__SAN2355__20260623
asset::san2355,source::https_investor.jazzpharma.com_news-releases_news-release-details_jazz-p_cc776602,USES_SOURCE,E0,Source__Jazz_Pharmaceuticals_enters_exclusive_licensing_agreement_for_SAN2355
scorecard::san2355_20260623,source::https_investor.jazzpharma.com_news-releases_news-release-details_jazz-p_cc776602,SUPPORTS_SCORE,E0,Source__Jazz_Pharmaceuticals_enters_exclusive_licensing_agreement_for_SAN2355
asset::rap-219,company::rapport_therapeutics,OWNED_BY,E0,Scorecard__RAP-219__20260623
asset::rap-219,target::tarpγ8-associated_ampa_receptor_modulation,TARGETS,E0,Scorecard__RAP-219__20260623
asset::rap-219,moa::tarpγ8-specific_ampar_negative_allosteric_modulator,HAS_MOA,E0,Scorecard__RAP-219__20260623
asset::rap-219,modality::oral_small_molecule,HAS_MODALITY,E0,Scorecard__RAP-219__20260623
asset::rap-219,indication::focal_onset_seizures,HAS_INDICATION,E0,Scorecard__RAP-219__20260623
asset::rap-219,theme::e_i_balance,MAPS_TO_THEME,E0,Scorecard__RAP-219__20260623
asset::rap-219,cluster::synaptic_transmission,MAPS_TO_CLUSTER,E0,Scorecard__RAP-219__20260623
asset::rap-219,scorecard::rap-219_20260623,HAS_SCORECARD,E0,Scorecard__RAP-219__20260623
asset::rap-219,source::https_investors.rapportrx.com_news-releases_news-release-details_rappor_bf39c8e4,USES_SOURCE,E0,Source__Rapport_RAP-219_Phase_2a_follow-up_results
scorecard::rap-219_20260623,source::https_investors.rapportrx.com_news-releases_news-release-details_rappor_bf39c8e4,SUPPORTS_SCORE,E0,Source__Rapport_RAP-219_Phase_2a_follow-up_results
asset::rap-219,source::https_aesnet.org_abstractslisting_efficacy-and-tolerability-of-rap-219-_1a629fcb,USES_SOURCE,E0,Source__AES_abstract_RAP-219_TARPγ8_NAM
scorecard::rap-219_20260623,source::https_aesnet.org_abstractslisting_efficacy-and-tolerability-of-rap-219-_1a629fcb,SUPPORTS_SCORE,E0,Source__AES_abstract_RAP-219_TARPγ8_NAM
asset::abs-1230,company::actio_biosciences,OWNED_BY,E0,Scorecard__ABS-1230__20260623
asset::abs-1230,target::kcnt1,TARGETS,E0,Scorecard__ABS-1230__20260623
asset::abs-1230,moa::selective_kcnt1_ion-channel_inhibitor,HAS_MOA,E0,Scorecard__ABS-1230__20260623
asset::abs-1230,modality::oral_small_molecule,HAS_MODALITY,E0,Scorecard__ABS-1230__20260623
asset::abs-1230,indication::kcnt1-related_epilepsy,HAS_INDICATION,E0,Scorecard__ABS-1230__20260623
asset::abs-1230,theme::e_i_balance,MAPS_TO_THEME,E0,Scorecard__ABS-1230__20260623
asset::abs-1230,cluster::ion_channel,MAPS_TO_CLUSTER,E0,Scorecard__ABS-1230__20260623
asset::abs-1230,scorecard::abs-1230_20260623,HAS_SCORECARD,E0,Scorecard__ABS-1230__20260623
asset::abs-1230,source::https_actiobiosciences.com_actio-biosciences-announces-first-participan_ae820dd4,USES_SOURCE,E0,Source__Actio_first_participant_dosed_in_Phase_1_ABS-1230
scorecard::abs-1230_20260623,source::https_actiobiosciences.com_actio-biosciences-announces-first-participan_ae820dd4,SUPPORTS_SCORE,E0,Source__Actio_first_participant_dosed_in_Phase_1_ABS-1230
asset::abs-1230,source::https_www.clinicaltrialsarena.com_news_actio-biosciences-begins-abs-1230-trial,USES_SOURCE,E0,Source__Clinical_Trials_Arena_ABS-1230_Phase_Ib_II_trial
scorecard::abs-1230_20260623,source::https_www.clinicaltrialsarena.com_news_actio-biosciences-begins-abs-1230-trial,SUPPORTS_SCORE,E0,Source__Clinical_Trials_Arena_ABS-1230_Phase_Ib_II_trial
asset::zorevunersen_stk-001,company::stoke_therapeutics_biogen,OWNED_BY,E0,Scorecard__Zorevunersen_STK-001__20260623
asset::zorevunersen_stk-001,target::scn1a_nav1.1_expression_restoration,TARGETS,E0,Scorecard__Zorevunersen_STK-001__20260623
asset::zorevunersen_stk-001,moa::aso_intended_to_increase_productive_scn1a_mrna_and_nav1.1_protein_expression,HAS_MOA,E0,Scorecard__Zorevunersen_STK-001__20260623
asset::zorevunersen_stk-001,modality::antisense_oligonucleotide,HAS_MODALITY,E0,Scorecard__Zorevunersen_STK-001__20260623
asset::zorevunersen_stk-001,indication::dravet_syndrome,HAS_INDICATION,E0,Scorecard__Zorevunersen_STK-001__20260623
asset::zorevunersen_stk-001,theme::e_i_balance,MAPS_TO_THEME,E0,Scorecard__Zorevunersen_STK-001__20260623
asset::zorevunersen_stk-001,cluster::ion_channel,MAPS_TO_CLUSTER,E0,Scorecard__Zorevunersen_STK-001__20260623
asset::zorevunersen_stk-001,scorecard::zorevunersen_stk-001_20260623,HAS_SCORECARD,E0,Scorecard__Zorevunersen_STK-001__20260623
asset::zorevunersen_stk-001,source::https_investor.stoketherapeutics.com_news-releases_news-release-details_a7bab995,USES_SOURCE,E0,Source__Stoke_Phase_3_EMPEROR_timeline_update
scorecard::zorevunersen_stk-001_20260623,source::https_investor.stoketherapeutics.com_news-releases_news-release-details_a7bab995,SUPPORTS_SCORE,E0,Source__Stoke_Phase_3_EMPEROR_timeline_update
asset::zorevunersen_stk-001,source::https_www.stoketherapeutics.com_patients-families_clinical-studies,USES_SOURCE,E0,Source__Stoke_Clinical_Studies
scorecard::zorevunersen_stk-001_20260623,source::https_www.stoketherapeutics.com_patients-families_clinical-studies,SUPPORTS_SCORE,E0,Source__Stoke_Clinical_Studies
asset::etx101,company::encoded_therapeutics,OWNED_BY,E0,Scorecard__ETX101__20260623
asset::etx101,target::scn1a_expression_regulation,TARGETS,E0,Scorecard__ETX101__20260623
asset::etx101,moa::aav9_gene_regulation_therapy_intended_to_increase_scn1a_expression,HAS_MOA,E0,Scorecard__ETX101__20260623
asset::etx101,modality::aav9_gene_therapy,HAS_MODALITY,E0,Scorecard__ETX101__20260623
asset::etx101,indication::scn1a-positive_dravet_syndrome,HAS_INDICATION,E0,Scorecard__ETX101__20260623
asset::etx101,theme::e_i_balance,MAPS_TO_THEME,E0,Scorecard__ETX101__20260623
asset::etx101,cluster::ion_channel,MAPS_TO_CLUSTER,E0,Scorecard__ETX101__20260623
asset::etx101,scorecard::etx101_20260623,HAS_SCORECARD,E0,Scorecard__ETX101__20260623
asset::etx101,source::https_encoded.com_press-releases_encoded-therapeutics-presents-positive_27f71b38,USES_SOURCE,E0,Source__Encoded_ETX101_Phase_1_2_interim_data
scorecard::etx101_20260623,source::https_encoded.com_press-releases_encoded-therapeutics-presents-positive_27f71b38,SUPPORTS_SCORE,E0,Source__Encoded_ETX101_Phase_1_2_interim_data
asset::etx101,source::https_clinicaltrials.gov_study_nct05419492,USES_SOURCE,E0,Source__ClinicalTrials.gov_ETX101_ENDEAVOR
scorecard::etx101_20260623,source::https_clinicaltrials.gov_study_nct05419492,SUPPORTS_SCORE,E0,Source__ClinicalTrials.gov_ETX101_ENDEAVOR
asset::bexicaserin_lp352,company::lundbeck_longboard_pharmaceuticals,OWNED_BY,E0,Scorecard__Bexicaserin_LP352__20260623
asset::bexicaserin_lp352,target::5-ht2c_receptor,TARGETS,E0,Scorecard__Bexicaserin_LP352__20260623
asset::bexicaserin_lp352,moa::highly_selective_5-ht2c_receptor_superagonist_for_seizure_reduction_in_dee,HAS_MOA,E0,Scorecard__Bexicaserin_LP352__20260623
asset::bexicaserin_lp352,modality::oral_small_molecule,HAS_MODALITY,E0,Scorecard__Bexicaserin_LP352__20260623
asset::bexicaserin_lp352,indication::developmental_and_epileptic_encephalopathies_including_dravet_syndrome_cc97e161,HAS_INDICATION,E0,Scorecard__Bexicaserin_LP352__20260623
asset::bexicaserin_lp352,theme::e_i_balance,MAPS_TO_THEME,E0,Scorecard__Bexicaserin_LP352__20260623
asset::bexicaserin_lp352,cluster::network_modulation,MAPS_TO_CLUSTER,E0,Scorecard__Bexicaserin_LP352__20260623
asset::bexicaserin_lp352,scorecard::bexicaserin_lp352_20260623,HAS_SCORECARD,E0,Scorecard__Bexicaserin_LP352__20260623
asset::bexicaserin_lp352,source::https_www.lundbeck.com_us_newsroom_2025_lundbeck-announces-positive-res_0c6bc5d2,USES_SOURCE,E0,Source__Lundbeck_PACIFIC_OLE_bexicaserin_results
scorecard::bexicaserin_lp352_20260623,source::https_www.lundbeck.com_us_newsroom_2025_lundbeck-announces-positive-res_0c6bc5d2,SUPPORTS_SCORE,E0,Source__Lundbeck_PACIFIC_OLE_bexicaserin_results
asset::bexicaserin_lp352,source::https_pmc.ncbi.nlm.nih.gov_articles_pmc12927688,USES_SOURCE,E0,Source__Bexicaserin_PACIFIC_trial_publication
scorecard::bexicaserin_lp352_20260623,source::https_pmc.ncbi.nlm.nih.gov_articles_pmc12927688,SUPPORTS_SCORE,E0,Source__Bexicaserin_PACIFIC_trial_publication
asset::bmb-101,company::bright_minds_biosciences,OWNED_BY,E0,Scorecard__BMB-101__20260623
asset::bmb-101,target::5-ht2c_receptor,TARGETS,E0,Scorecard__BMB-101__20260623
asset::bmb-101,moa::highly_selective_5-ht2c_receptor_agonist_biased_agonist,HAS_MOA,E0,Scorecard__BMB-101__20260623
asset::bmb-101,modality::oral_small_molecule,HAS_MODALITY,E0,Scorecard__BMB-101__20260623
asset::bmb-101,indication::classic_absence_epilepsy_and_developmental_epileptic_encephalopathy,HAS_INDICATION,E0,Scorecard__BMB-101__20260623
asset::bmb-101,theme::e_i_balance,MAPS_TO_THEME,E0,Scorecard__BMB-101__20260623
asset::bmb-101,cluster::network_modulation,MAPS_TO_CLUSTER,E0,Scorecard__BMB-101__20260623
asset::bmb-101,scorecard::bmb-101_20260623,HAS_SCORECARD,E0,Scorecard__BMB-101__20260623
asset::bmb-101,source::https_brightmindsbio.com_bright-minds-biosciences-initiates-the-breakth_9b2c7dc4,USES_SOURCE,E0,Source__Bright_Minds_initiates_Phase_2_BREAKTHROUGH_study
scorecard::bmb-101_20260623,source::https_brightmindsbio.com_bright-minds-biosciences-initiates-the-breakth_9b2c7dc4,SUPPORTS_SCORE,E0,Source__Bright_Minds_initiates_Phase_2_BREAKTHROUGH_study
asset::bmb-101,source::https_clinicaltrials.gov_study_nct06401538,USES_SOURCE,E0,Source__ClinicalTrials.gov_BMB-101_in_absence_epilepsy_and_DEE
scorecard::bmb-101_20260623,source::https_clinicaltrials.gov_study_nct06401538,SUPPORTS_SCORE,E0,Source__ClinicalTrials.gov_BMB-101_in_absence_epilepsy_and_DEE
asset::abs-1230,company::actio_biosciences,OWNED_BY,E4,Scorecard__ABS-1230__20260623
asset::abs-1230,target::kcnt1,TARGETS,E4,Scorecard__ABS-1230__20260623
asset::abs-1230,moa::selective_inhibition_of_overactive_kcnt1_potassium_ion_channel_caused_b_ecf51c22,HAS_MOA,E4,Scorecard__ABS-1230__20260623
asset::abs-1230,modality::oral_small_molecule;_genetics-driven_precision_small_molecule_platform,HAS_MODALITY,E4,Scorecard__ABS-1230__20260623
asset::abs-1230,indication::kcnt1-related_epilepsy;_pediatric_developmental_and_epileptic_encephalo_b19f0030,HAS_INDICATION,E4,Scorecard__ABS-1230__20260623
asset::abs-1230,theme::e_i_balance,MAPS_TO_THEME,E4,Scorecard__ABS-1230__20260623
asset::abs-1230,cluster::ion_channel,MAPS_TO_CLUSTER,E4,Scorecard__ABS-1230__20260623
asset::abs-1230,scorecard::abs-1230_20260623,HAS_SCORECARD,E4,Scorecard__ABS-1230__20260623
asset::abs-1230,competitor::servier_s230815_kandle_study,HAS_COMPETITOR,E4,Scorecard__ABS-1230__20260623
asset::abs-1230,competitor::atalanta_therapeutics_atl-201,HAS_COMPETITOR,E4,Scorecard__ABS-1230__20260623
asset::abs-1230,competitor::generic_off-label_quinidine,HAS_COMPETITOR,E4,Scorecard__ABS-1230__20260623
asset::abs-1230,competitor::lundbeck_longboard_pharmaceuticals_bexicaserin_lp352,HAS_COMPETITOR,E4,Scorecard__ABS-1230__20260623
asset::abs-1230,competitor::ucb_fintepla_fenfluramine,HAS_COMPETITOR,E4,Scorecard__ABS-1230__20260623
asset::abs-1230,competitor::marinus_pharmaceuticals_immedica_ztalmy_ganaxolone,HAS_COMPETITOR,E4,Scorecard__ABS-1230__20260623
asset::abs-1230,source::https_actiobiosciences.com_programs,USES_SOURCE,E4,Source__Actio_Biosciences_Programs
scorecard::abs-1230_20260623,source::https_actiobiosciences.com_programs,SUPPORTS_SCORE,E4,Source__Actio_Biosciences_Programs
asset::abs-1230,source::https_actiobiosciences.com_actio-biosciences-announces-initiation-of-ky_0641e5f1,USES_SOURCE,E4,Source__Actio_KYRON_Phase_1b_2_initiation_release
scorecard::abs-1230_20260623,source::https_actiobiosciences.com_actio-biosciences-announces-initiation-of-ky_0641e5f1,SUPPORTS_SCORE,E4,Source__Actio_KYRON_Phase_1b_2_initiation_release
asset::abs-1230,source::https_clinicaltrials.gov_study_nct07600736,USES_SOURCE,E4,Source__ClinicalTrials.gov_NCT07600736
scorecard::abs-1230_20260623,source::https_clinicaltrials.gov_study_nct07600736,SUPPORTS_SCORE,E4,Source__ClinicalTrials.gov_NCT07600736
asset::abs-1230,source::https_actiobiosciences.com_wp-content_uploads_2026_01_2025-aes-abs1230-_55fb159b,USES_SOURCE,E4,Source__ABS-1230_AES_2025_poster
scorecard::abs-1230_20260623,source::https_actiobiosciences.com_wp-content_uploads_2026_01_2025-aes-abs1230-_55fb159b,SUPPORTS_SCORE,E4,Source__ABS-1230_AES_2025_poster
asset::abs-1230,source::https_actiobiosciences.com,USES_SOURCE,E4,Source__Actio_Biosciences_homepage
scorecard::abs-1230_20260623,source::https_actiobiosciences.com,SUPPORTS_SCORE,E4,Source__Actio_Biosciences_homepage
asset::abs-1230,source::https_actiobiosciences.com_about,USES_SOURCE,E4,Source__Actio_Biosciences_About
scorecard::abs-1230_20260623,source::https_actiobiosciences.com_about,SUPPORTS_SCORE,E4,Source__Actio_Biosciences_About
asset::abs-1230,source::https_actiobiosciences.com_approach,USES_SOURCE,E4,Source__Actio_Biosciences_Approach
scorecard::abs-1230_20260623,source::https_actiobiosciences.com_approach,SUPPORTS_SCORE,E4,Source__Actio_Biosciences_Approach
asset::abs-1230,source::https_actiobiosciences.com_actio-biosciences-secures-66-million-series-_03b68041,USES_SOURCE,E4,Source__Actio_Series_B_financing
scorecard::abs-1230_20260623,source::https_actiobiosciences.com_actio-biosciences-secures-66-million-series-_03b68041,SUPPORTS_SCORE,E4,Source__Actio_Series_B_financing
asset::abs-1230,source::https_actiobiosciences.com_actio-biosciences-announces-55-million-serie_129c9bcd,USES_SOURCE,E4,Source__Actio_Series_A_financing
scorecard::abs-1230_20260623,source::https_actiobiosciences.com_actio-biosciences-announces-55-million-serie_129c9bcd,SUPPORTS_SCORE,E4,Source__Actio_Series_A_financing
asset::abs-1230,source::https_actiobiosciences.com_actio-biosciences-announces-first-participan_ae820dd4,USES_SOURCE,E4,Source__ABS-1230_first_participant_dosed_Phase_1
scorecard::abs-1230_20260623,source::https_actiobiosciences.com_actio-biosciences-announces-first-participan_ae820dd4,SUPPORTS_SCORE,E4,Source__ABS-1230_first_participant_dosed_Phase_1
asset::abs-1230,source::https_clinicaltrials.gov_study_nct07156201,USES_SOURCE,E4,Source__ClinicalTrials.gov_NCT07156201
scorecard::abs-1230_20260623,source::https_clinicaltrials.gov_study_nct07156201,SUPPORTS_SCORE,E4,Source__ClinicalTrials.gov_NCT07156201
asset::abs-1230,source::https_www.chop.edu_conditions-diseases_kcnt1-related-epilepsy,USES_SOURCE,E4,Source__CHOP_KCNT1-related_epilepsy
scorecard::abs-1230_20260623,source::https_www.chop.edu_conditions-diseases_kcnt1-related-epilepsy,SUPPORTS_SCORE,E4,Source__CHOP_KCNT1-related_epilepsy
asset::abs-1230,source::https_www.ncbi.nlm.nih.gov_books_nbk525917,USES_SOURCE,E4,Source__GeneReviews_KCNT1-related_epilepsy
scorecard::abs-1230_20260623,source::https_www.ncbi.nlm.nih.gov_books_nbk525917,SUPPORTS_SCORE,E4,Source__GeneReviews_KCNT1-related_epilepsy
asset::abs-1230,source::https_www.kcnt1epilepsy.org_kcnt1-research-publications,USES_SOURCE,E4,Source__KCNT1_Epilepsy_Foundation_research_page
scorecard::abs-1230_20260623,source::https_www.kcnt1epilepsy.org_kcnt1-research-publications,SUPPORTS_SCORE,E4,Source__KCNT1_Epilepsy_Foundation_research_page
asset::abs-1230,source::https_clinicaltrials.servier.com_trial_a-phase-ib-ii-first-in-human-mul_1e276b62,USES_SOURCE,E4,Source__Servier_S230815_KANDLE_trial
scorecard::abs-1230_20260623,source::https_clinicaltrials.servier.com_trial_a-phase-ib-ii-first-in-human-mul_1e276b62,SUPPORTS_SCORE,E4,Source__Servier_S230815_KANDLE_trial
asset::abs-1230,source::https_www.atalantatx.com_atalanta-therapeutics-publishes-preclinical-da_0dd924c8,USES_SOURCE,E4,Source__Atalanta_ATL-201_preclinical_data
scorecard::abs-1230_20260623,source::https_www.atalantatx.com_atalanta-therapeutics-publishes-preclinical-da_0dd924c8,SUPPORTS_SCORE,E4,Source__Atalanta_ATL-201_preclinical_data
asset::abs-1230,source::https_www.lundbeck.com_us_newsroom_2025_lundbeck-to-present-new-data-on_23efaaab,USES_SOURCE,E4,Source__Lundbeck_bexicaserin_Phase_3_program
scorecard::abs-1230_20260623,source::https_www.lundbeck.com_us_newsroom_2025_lundbeck-to-present-new-data-on_23efaaab,SUPPORTS_SCORE,E4,Source__Lundbeck_bexicaserin_Phase_3_program
asset::abs-1230,source::https_clinicaltrials.gov_study_nct06719141,USES_SOURCE,E4,Source__ClinicalTrials.gov_NCT06719141_bexicaserin
scorecard::abs-1230_20260623,source::https_clinicaltrials.gov_study_nct06719141,SUPPORTS_SCORE,E4,Source__ClinicalTrials.gov_NCT06719141_bexicaserin
asset::abs-1230,source::https_www.ucb-usa.com_sustainability_affordability_fintepla-pricing-info,USES_SOURCE,E4,Source__FINTEPLA_pricing_information
scorecard::abs-1230_20260623,source::https_www.ucb-usa.com_sustainability_affordability_fintepla-pricing-info,SUPPORTS_SCORE,E4,Source__FINTEPLA_pricing_information
asset::abs-1230,source::https_icer.org_wp-content_uploads_2025_10_icer_2025_launch-price-and-ac_890db01f,USES_SOURCE,E4,Source__ICER_2025_Launch_Price_and_Access_Report
scorecard::abs-1230_20260623,source::https_icer.org_wp-content_uploads_2025_10_icer_2025_launch-price-and-ac_890db01f,SUPPORTS_SCORE,E4,Source__ICER_2025_Launch_Price_and_Access_Report
asset::abs-1230,source::https_ir.marinuspharma.com_news_news-details_2022_marinus-pharmaceutica_63bf82ac,USES_SOURCE,E4,Source__Marinus_ZTALMY_FDA_approval
scorecard::abs-1230_20260623,source::https_ir.marinuspharma.com_news_news-details_2022_marinus-pharmaceutica_63bf82ac,SUPPORTS_SCORE,E4,Source__Marinus_ZTALMY_FDA_approval
asset::abs-1230,source::https_www.ucb.com_newsroom_press-releases_article_us-fda-approves-finte_5547244f,USES_SOURCE,E4,Source__FINTEPLA_fenfluramine_source
scorecard::abs-1230_20260623,source::https_www.ucb.com_newsroom_press-releases_article_us-fda-approves-finte_5547244f,SUPPORTS_SCORE,E4,Source__FINTEPLA_fenfluramine_source
asset::abs-1230,source::https_actiotrials.com_abs-1230,USES_SOURCE,E4,Source__https_actiotrials.com_abs-1230
scorecard::abs-1230_20260623,source::https_actiotrials.com_abs-1230,SUPPORTS_SCORE,E4,Source__https_actiotrials.com_abs-1230
asset::abs-1230,source::https_clinicaltrials.gov_study_nct07227857,USES_SOURCE,E4,Source__https_clinicaltrials.gov_study_NCT07227857
scorecard::abs-1230_20260623,source::https_clinicaltrials.gov_study_nct07227857,SUPPORTS_SCORE,E4,Source__https_clinicaltrials.gov_study_NCT07227857
asset::abs-1230,source::https_pubmed.ncbi.nlm.nih.gov_39871703,USES_SOURCE,E4,Source__https_pubmed.ncbi.nlm.nih.gov_39871703
scorecard::abs-1230_20260623,source::https_pubmed.ncbi.nlm.nih.gov_39871703,SUPPORTS_SCORE,E4,Source__https_pubmed.ncbi.nlm.nih.gov_39871703
asset::abs-1230,source::https_actiobiosciences.com_actio-biosciences-announces-preclinical-data_92a93b61,USES_SOURCE,E4,Source__https_actiobiosciences.com_actio-biosciences-announces-preclinical-data_92a93b61
scorecard::abs-1230_20260623,source::https_actiobiosciences.com_actio-biosciences-announces-preclinical-data_92a93b61,SUPPORTS_SCORE,E4,Source__https_actiobiosciences.com_actio-biosciences-announces-preclinical-data_92a93b61
asset::abs-1230,source::https_actiobiosciences.com_actio-biosciences-announces-u-s-fda-clearanc_94ee63bc,USES_SOURCE,E4,Source__https_actiobiosciences.com_actio-biosciences-announces-u-s-fda-clearanc_94ee63bc
scorecard::abs-1230_20260623,source::https_actiobiosciences.com_actio-biosciences-announces-u-s-fda-clearanc_94ee63bc,SUPPORTS_SCORE,E4,Source__https_actiobiosciences.com_actio-biosciences-announces-u-s-fda-clearanc_94ee63bc
asset::wt-1-2.0,company::hangzhou_vitan_pharmaceutical_technology_co_ltd,OWNED_BY,E0,Scorecard__WT-1-2.0__20260623
asset::wt-1-2.0,target::p2x3,TARGETS,E0,Scorecard__WT-1-2.0__20260623
asset::wt-1-2.0,"moa::p2x3_antagonist_follow-on,_unverified_for_wt-1-2.0",HAS_MOA,E0,Scorecard__WT-1-2.0__20260623
asset::wt-1-2.0,modality::sm,HAS_MODALITY,E0,Scorecard__WT-1-2.0__20260623
asset::wt-1-2.0,indication::pain,HAS_INDICATION,E0,Scorecard__WT-1-2.0__20260623
asset::wt-1-2.0,theme::e_i_balance,MAPS_TO_THEME,E0,Scorecard__WT-1-2.0__20260623
asset::wt-1-2.0,cluster::ion_channel,MAPS_TO_CLUSTER,E0,Scorecard__WT-1-2.0__20260623
asset::wt-1-2.0,scorecard::wt-1-2.0_20260623,HAS_SCORECARD,E0,Scorecard__WT-1-2.0__20260623
asset::wt-1-2.0,source::http_www.westanpharma.com_default.aspx,USES_SOURCE,E0,Source__Westan_Pharma_official_site
scorecard::wt-1-2.0_20260623,source::http_www.westanpharma.com_default.aspx,SUPPORTS_SCORE,E0,Source__Westan_Pharma_official_site
asset::wt-1-2.0,source::https_synapse.patsnap.com_drug_0b28edb3230146bca084e523c94678b2,USES_SOURCE,E0,Source__Synapse_WT-1108
scorecard::wt-1-2.0_20260623,source::https_synapse.patsnap.com_drug_0b28edb3230146bca084e523c94678b2,SUPPORTS_SCORE,E0,Source__Synapse_WT-1108
"asset::fusion_protein_for_allergic_asthma,_multiple_sclerosis_and_transplant_rejection",company::hanyang_university,OWNED_BY,E0,"Scorecard__Fusion_Protein_for_Allergic_Asthma,_Multiple_Sclerosis_and_Transplant_Rejection__20260623"
"asset::fusion_protein_for_allergic_asthma,_multiple_sclerosis_and_transplant_rejection",target::t_cell,TARGETS,E0,"Scorecard__Fusion_Protein_for_Allergic_Asthma,_Multiple_Sclerosis_and_Transplant_Rejection__20260623"
"asset::fusion_protein_for_allergic_asthma,_multiple_sclerosis_and_transplant_rejection","moa::fusion_protein_immunomodulation,_details_unknown",HAS_MOA,E0,"Scorecard__Fusion_Protein_for_Allergic_Asthma,_Multiple_Sclerosis_and_Transplant_Rejection__20260623"
"asset::fusion_protein_for_allergic_asthma,_multiple_sclerosis_and_transplant_rejection",modality::fusion_protein,HAS_MODALITY,E0,"Scorecard__Fusion_Protein_for_Allergic_Asthma,_Multiple_Sclerosis_and_Transplant_Rejection__20260623"
"asset::fusion_protein_for_allergic_asthma,_multiple_sclerosis_and_transplant_rejection",indication::multiple_sclerosis;_allergic_asthma;_transplant_rejection,HAS_INDICATION,E0,"Scorecard__Fusion_Protein_for_Allergic_Asthma,_Multiple_Sclerosis_and_Transplant_Rejection__20260623"
"asset::fusion_protein_for_allergic_asthma,_multiple_sclerosis_and_transplant_rejection",theme::neuroimmune,MAPS_TO_THEME,E0,"Scorecard__Fusion_Protein_for_Allergic_Asthma,_Multiple_Sclerosis_and_Transplant_Rejection__20260623"
"asset::fusion_protein_for_allergic_asthma,_multiple_sclerosis_and_transplant_rejection",cluster::손상_질환_면역조절,MAPS_TO_CLUSTER,E0,"Scorecard__Fusion_Protein_for_Allergic_Asthma,_Multiple_Sclerosis_and_Transplant_Rejection__20260623"
"asset::fusion_protein_for_allergic_asthma,_multiple_sclerosis_and_transplant_rejection","scorecard::fusion_protein_for_allergic_asthma,_multiple_sclerosis_and_transplant_r_8375f6ea",HAS_SCORECARD,E0,"Scorecard__Fusion_Protein_for_Allergic_Asthma,_Multiple_Sclerosis_and_Transplant_Rejection__20260623"
"asset::fusion_protein_for_allergic_asthma,_multiple_sclerosis_and_transplant_rejection",source::source_url_not_provided,USES_SOURCE,E0,Source__Source_URL_not_provided
"scorecard::fusion_protein_for_allergic_asthma,_multiple_sclerosis_and_transplant_r_8375f6ea",source::source_url_not_provided,SUPPORTS_SCORE,E0,Source__Source_URL_not_provided
asset::lead_compound,company::hanyang_university,OWNED_BY,E0,Scorecard__Lead_compound__20260623
asset::lead_compound,target::microglia,TARGETS,E0,Scorecard__Lead_compound__20260623
asset::lead_compound,moa::unknown_microglia_modulation,HAS_MOA,E0,Scorecard__Lead_compound__20260623
asset::lead_compound,modality::fusion_protein,HAS_MODALITY,E0,Scorecard__Lead_compound__20260623
asset::lead_compound,indication::parkinson's_disease,HAS_INDICATION,E0,Scorecard__Lead_compound__20260623
asset::lead_compound,theme::neuroimmune,MAPS_TO_THEME,E0,Scorecard__Lead_compound__20260623
asset::lead_compound,cluster::교세포_향상성,MAPS_TO_CLUSTER,E0,Scorecard__Lead_compound__20260623
asset::lead_compound,scorecard::lead_compound_20260623,HAS_SCORECARD,E0,Scorecard__Lead_compound__20260623
asset::lead_compound,source::source_url_not_provided,USES_SOURCE,E0,Source__Source_URL_not_provided
scorecard::lead_compound_20260623,source::source_url_not_provided,SUPPORTS_SCORE,E0,Source__Source_URL_not_provided
asset::cns_xdc,company::harbour_biomed_(guangzhou)_co_ltd,OWNED_BY,E0,Scorecard__CNS_XDC__20260623
asset::cns_xdc,target::undisclosed,TARGETS,E0,Scorecard__CNS_XDC__20260623
asset::cns_xdc,moa::undisclosed_antibody-drug_or_xdc_cns_platform_concept,HAS_MOA,E0,Scorecard__CNS_XDC__20260623
asset::cns_xdc,modality::ab,HAS_MODALITY,E0,Scorecard__CNS_XDC__20260623
asset::cns_xdc,indication::unspecified_central_nervous_system_disorders,HAS_INDICATION,E0,Scorecard__CNS_XDC__20260623
asset::cns_xdc,theme::unknown,MAPS_TO_THEME,E0,Scorecard__CNS_XDC__20260623
asset::cns_xdc,cluster::unknown,MAPS_TO_CLUSTER,E0,Scorecard__CNS_XDC__20260623
asset::cns_xdc,scorecard::cns_xdc_20260623,HAS_SCORECARD,E0,Scorecard__CNS_XDC__20260623
asset::cns_xdc,source::https_www.harbourbiomed.com,USES_SOURCE,E0,Source__Harbour_BioMed_official_website
scorecard::cns_xdc_20260623,source::https_www.harbourbiomed.com,SUPPORTS_SCORE,E0,Source__Harbour_BioMed_official_website
asset::next-generation_biologics,company::harbour_biomed_(guangzhou)_co_ltd,OWNED_BY,E0,Scorecard__Next-Generation_Biologics__20260623
asset::next-generation_biologics,target::undisclosed,TARGETS,E0,Scorecard__Next-Generation_Biologics__20260623
asset::next-generation_biologics,moa::undisclosed_bispecific_multispecific_antibody_approach,HAS_MOA,E0,Scorecard__Next-Generation_Biologics__20260623
asset::next-generation_biologics,modality::bispecific_multi-specific_antibodies,HAS_MODALITY,E0,Scorecard__Next-Generation_Biologics__20260623
asset::next-generation_biologics,indication::unspecified_central_nervous_system_disorders,HAS_INDICATION,E0,Scorecard__Next-Generation_Biologics__20260623
asset::next-generation_biologics,theme::unknown,MAPS_TO_THEME,E0,Scorecard__Next-Generation_Biologics__20260623
asset::next-generation_biologics,cluster::unknown,MAPS_TO_CLUSTER,E0,Scorecard__Next-Generation_Biologics__20260623
asset::next-generation_biologics,scorecard::next-generation_biologics_20260623,HAS_SCORECARD,E0,Scorecard__Next-Generation_Biologics__20260623
asset::next-generation_biologics,source::https_www.harbourbiomed.com,USES_SOURCE,E0,Source__Harbour_BioMed_official_website
scorecard::next-generation_biologics_20260623,source::https_www.harbourbiomed.com,SUPPORTS_SCORE,E0,Source__Harbour_BioMed_official_website
asset::hb-02,company::healthbiome_inc,OWNED_BY,E0,Scorecard__HB-02__20260623
asset::hb-02,target::gut_microbiome,TARGETS,E0,Scorecard__HB-02__20260623
asset::hb-02,moa::live_biotherapeutic_product_targeting_gut-brain_microbiome_axis,HAS_MOA,E0,Scorecard__HB-02__20260623
asset::hb-02,modality::lbp,HAS_MODALITY,E0,Scorecard__HB-02__20260623
asset::hb-02,indication::alzheimer's_disease;_dementia,HAS_INDICATION,E0,Scorecard__HB-02__20260623
asset::hb-02,theme::neuroimmune,MAPS_TO_THEME,E0,Scorecard__HB-02__20260623
asset::hb-02,cluster::말초_면역기관_연결,MAPS_TO_CLUSTER,E0,Scorecard__HB-02__20260623
asset::hb-02,scorecard::hb-02_20260623,HAS_SCORECARD,E0,Scorecard__HB-02__20260623
asset::hb-02,source::https_healthbiome.co.kr,USES_SOURCE,E0,Source__HealthBiome_official_site
scorecard::hb-02_20260623,source::https_healthbiome.co.kr,SUPPORTS_SCORE,E0,Source__HealthBiome_official_site
asset::hb-02,source::https_synapse.patsnap.com_drug_3877c8e8f53a4437bc903307d8cec6a0,USES_SOURCE,E0,Source__Synapse_HB-02
scorecard::hb-02_20260623,source::https_synapse.patsnap.com_drug_3877c8e8f53a4437bc903307d8cec6a0,SUPPORTS_SCORE,E0,Source__Synapse_HB-02
asset::hb-03,company::healthbiome_inc,OWNED_BY,E0,Scorecard__HB-03__20260623
asset::hb-03,target::gut_microbiome,TARGETS,E0,Scorecard__HB-03__20260623
asset::hb-03,"moa::live_biotherapeutic_product,_details_unknown",HAS_MOA,E0,Scorecard__HB-03__20260623
asset::hb-03,modality::lbp,HAS_MODALITY,E0,Scorecard__HB-03__20260623
asset::hb-03,indication::neurodegenerative_diseases,HAS_INDICATION,E0,Scorecard__HB-03__20260623
asset::hb-03,theme::neuroimmune,MAPS_TO_THEME,E0,Scorecard__HB-03__20260623
asset::hb-03,cluster::말초_면역기관_연결,MAPS_TO_CLUSTER,E0,Scorecard__HB-03__20260623
asset::hb-03,scorecard::hb-03_20260623,HAS_SCORECARD,E0,Scorecard__HB-03__20260623
asset::hb-03,source::https_healthbiome.co.kr,USES_SOURCE,E0,Source__HealthBiome_official_site
scorecard::hb-03_20260623,source::https_healthbiome.co.kr,SUPPORTS_SCORE,E0,Source__HealthBiome_official_site
asset::hb-05,company::healthbiome_inc,OWNED_BY,E0,Scorecard__HB-05__20260623
asset::hb-05,target::gut_microbiome,TARGETS,E0,Scorecard__HB-05__20260623
asset::hb-05,"moa::live_biotherapeutic_product,_details_unknown",HAS_MOA,E0,Scorecard__HB-05__20260623
asset::hb-05,modality::lbp,HAS_MODALITY,E0,Scorecard__HB-05__20260623
asset::hb-05,indication::cognitive_disorders,HAS_INDICATION,E0,Scorecard__HB-05__20260623
asset::hb-05,theme::neuroimmune,MAPS_TO_THEME,E0,Scorecard__HB-05__20260623
asset::hb-05,cluster::말초_면역기관_연결,MAPS_TO_CLUSTER,E0,Scorecard__HB-05__20260623
asset::hb-05,scorecard::hb-05_20260623,HAS_SCORECARD,E0,Scorecard__HB-05__20260623
asset::hb-05,source::https_healthbiome.co.kr,USES_SOURCE,E0,Source__HealthBiome_official_site
scorecard::hb-05_20260623,source::https_healthbiome.co.kr,SUPPORTS_SCORE,E0,Source__HealthBiome_official_site
asset::hzr-061,company::healzen_therapeutics_co_ltd,OWNED_BY,E0,Scorecard__HZR-061__20260623
asset::hzr-061,target::stat3,TARGETS,E0,Scorecard__HZR-061__20260623
asset::hzr-061,moa::targeted_protein_degradation_of_stat3,HAS_MOA,E0,Scorecard__HZR-061__20260623
asset::hzr-061,modality::tpd,HAS_MODALITY,E0,Scorecard__HZR-061__20260623
asset::hzr-061,indication::multiple_sclerosis,HAS_INDICATION,E0,Scorecard__HZR-061__20260623
asset::hzr-061,theme::neuroimmune,MAPS_TO_THEME,E0,Scorecard__HZR-061__20260623
asset::hzr-061,cluster::cytokine_신경조절,MAPS_TO_CLUSTER,E0,Scorecard__HZR-061__20260623
asset::hzr-061,scorecard::hzr-061_20260623,HAS_SCORECARD,E0,Scorecard__HZR-061__20260623
asset::hzr-061,source::https_www.healzentx.com,USES_SOURCE,E0,Source__HealZen_official_site
scorecard::hzr-061_20260623,source::https_www.healzentx.com,SUPPORTS_SCORE,E0,Source__HealZen_official_site
asset::glycoprotein_29-modified_deferoxamine,company::hebei_normal_university,OWNED_BY,E0,Scorecard__glycoprotein_29-modified_deferoxamine__20260623
asset::glycoprotein_29-modified_deferoxamine,target::brain_iron_overload,TARGETS,E0,Scorecard__glycoprotein_29-modified_deferoxamine__20260623
asset::glycoprotein_29-modified_deferoxamine,moa::bbb-targeted_deferoxamine_nanoparticle_to_remove_excess_brain_iron,HAS_MOA,E0,Scorecard__glycoprotein_29-modified_deferoxamine__20260623
asset::glycoprotein_29-modified_deferoxamine,modality::nanoparticle,HAS_MODALITY,E0,Scorecard__glycoprotein_29-modified_deferoxamine__20260623
asset::glycoprotein_29-modified_deferoxamine,indication::parkinson's_disease,HAS_INDICATION,E0,Scorecard__glycoprotein_29-modified_deferoxamine__20260623
asset::glycoprotein_29-modified_deferoxamine,theme::neuroimmune,MAPS_TO_THEME,E0,Scorecard__glycoprotein_29-modified_deferoxamine__20260623
asset::glycoprotein_29-modified_deferoxamine,cluster::cns_손상_면역반응,MAPS_TO_CLUSTER,E0,Scorecard__glycoprotein_29-modified_deferoxamine__20260623
asset::glycoprotein_29-modified_deferoxamine,scorecard::glycoprotein_29-modified_deferoxamine_20260623,HAS_SCORECARD,E0,Scorecard__glycoprotein_29-modified_deferoxamine__20260623
asset::glycoprotein_29-modified_deferoxamine,source::https_en.hbnu.edu.cn_main.htm,USES_SOURCE,E0,Source__Hebei_Normal_University_official_site
scorecard::glycoprotein_29-modified_deferoxamine_20260623,source::https_en.hbnu.edu.cn_main.htm,SUPPORTS_SCORE,E0,Source__Hebei_Normal_University_official_site
asset::hec20002,company::hec_pharm,OWNED_BY,E0,Scorecard__HEC20002__20260623
asset::hec20002,target::mao-b,TARGETS,E0,Scorecard__HEC20002__20260623
asset::hec20002,moa::mao-b_inhibitor,HAS_MOA,E0,Scorecard__HEC20002__20260623
asset::hec20002,modality::sm,HAS_MODALITY,E0,Scorecard__HEC20002__20260623
asset::hec20002,indication::parkinson's_disease,HAS_INDICATION,E0,Scorecard__HEC20002__20260623
asset::hec20002,theme::e_i_balance,MAPS_TO_THEME,E0,Scorecard__HEC20002__20260623
asset::hec20002,cluster::synaptic_transmission,MAPS_TO_CLUSTER,E0,Scorecard__HEC20002__20260623
asset::hec20002,scorecard::hec20002_20260623,HAS_SCORECARD,E0,Scorecard__HEC20002__20260623
asset::hec20002,source::https_www.hecpharm.com_en,USES_SOURCE,E0,Source__HEC_Pharm_official_site
scorecard::hec20002_20260623,source::https_www.hecpharm.com_en,SUPPORTS_SCORE,E0,Source__HEC_Pharm_official_site
asset::hb018,company::hefei_huafang_pharmaceutical_sciences_and_technology,OWNED_BY,E0,Scorecard__HB018__20260623
asset::hb018,target::undisclosed,TARGETS,E0,Scorecard__HB018__20260623
asset::hb018,moa::unknown,HAS_MOA,E0,Scorecard__HB018__20260623
asset::hb018,modality::sm,HAS_MODALITY,E0,Scorecard__HB018__20260623
asset::hb018,indication::schizophrenia,HAS_INDICATION,E0,Scorecard__HB018__20260623
asset::hb018,theme::no_theme,MAPS_TO_THEME,E0,Scorecard__HB018__20260623
asset::hb018,cluster::no_mapped_skbp_cluster,MAPS_TO_CLUSTER,E0,Scorecard__HB018__20260623
asset::hb018,scorecard::hb018_20260623,HAS_SCORECARD,E0,Scorecard__HB018__20260623
asset::hb018,source::source_url_not_provided,USES_SOURCE,E0,Source__Source_URL_not_provided
scorecard::hb018_20260623,source::source_url_not_provided,SUPPORTS_SCORE,E0,Source__Source_URL_not_provided
asset::cxjm-66_injection,company::humanwell_healthcare_group,OWNED_BY,E0,Scorecard__CXJM-66_Injection__20260623
asset::cxjm-66_injection,target::vgscs,TARGETS,E0,Scorecard__CXJM-66_Injection__20260623
asset::cxjm-66_injection,moa::voltage-gated_sodium_channel_modulation_for_surgical_anesthesia_and_pos_17f2679a,HAS_MOA,E0,Scorecard__CXJM-66_Injection__20260623
asset::cxjm-66_injection,modality::sm,HAS_MODALITY,E0,Scorecard__CXJM-66_Injection__20260623
asset::cxjm-66_injection,indication::acute_pain;_surgical_anesthesia_and_postoperative_pain_management,HAS_INDICATION,E0,Scorecard__CXJM-66_Injection__20260623
asset::cxjm-66_injection,theme::e_i_balance,MAPS_TO_THEME,E0,Scorecard__CXJM-66_Injection__20260623
asset::cxjm-66_injection,cluster::ion_channel,MAPS_TO_CLUSTER,E0,Scorecard__CXJM-66_Injection__20260623
asset::cxjm-66_injection,scorecard::cxjm-66_injection_20260623,HAS_SCORECARD,E0,Scorecard__CXJM-66_Injection__20260623
asset::cxjm-66_injection,source::https_en.humanwell.com.cn,USES_SOURCE,E0,Source__Humanwell_official_site
scorecard::cxjm-66_injection_20260623,source::https_en.humanwell.com.cn,SUPPORTS_SCORE,E0,Source__Humanwell_official_site
asset::cxjm-66_injection,source::https_en.likang-pharma.com_news_213.html,USES_SOURCE,E0,Source__Yichang_Renfu_CXJM-66_clinical_trial_approval
scorecard::cxjm-66_injection_20260623,source::https_en.likang-pharma.com_news_213.html,SUPPORTS_SCORE,E0,Source__Yichang_Renfu_CXJM-66_clinical_trial_approval
asset::cxjm-66_injection,source::https_synapse.patsnap.com_drug_09e0b67b6d02474ea75e89ed532a7df5,USES_SOURCE,E0,Source__Synapse_CXJM-66
scorecard::cxjm-66_injection_20260623,source::https_synapse.patsnap.com_drug_09e0b67b6d02474ea75e89ed532a7df5,SUPPORTS_SCORE,E0,Source__Synapse_CXJM-66
asset::gxc-303,company::genixcure,OWNED_BY,E4,Scorecard__GXC-303__20260713
asset::gxc-303,target::stmn2_tdp-43–stmn2_axis,TARGETS,E4,Scorecard__GXC-303__20260713
asset::gxc-303,moa::stmn2_발현_회복을_통해_motor-neuron_axonal_maintenance_regeneration을_촉진하려는_유전자_47910c81,HAS_MOA,E4,Scorecard__GXC-303__20260713
asset::gxc-303,modality::aav-based_gene_therapy;_care_insightminer-engineered_cns_neuron-targete_40de3825,HAS_MODALITY,E4,Scorecard__GXC-303__20260713
asset::gxc-303,"indication::als,_likely_tdp-43_stmn2-deficient_sporadic_als;_exact_biomarker-select_f3022790",HAS_INDICATION,E4,Scorecard__GXC-303__20260713
asset::gxc-303,theme::no_theme,MAPS_TO_THEME,E4,Scorecard__GXC-303__20260713
asset::gxc-303,cluster::n_a,MAPS_TO_CLUSTER,E4,Scorecard__GXC-303__20260713
asset::gxc-303,scorecard::gxc-303_20260713,HAS_SCORECARD,E4,Scorecard__GXC-303__20260713
asset::gxc-303,competitor::quralis_qrl-201,HAS_COMPETITOR,E4,Scorecard__GXC-303__20260713
asset::gxc-303,competitor::celosia_therapeutics_ctx1000,HAS_COMPETITOR,E4,Scorecard__GXC-303__20260713
asset::gxc-303,competitor::uniqure_amt-162,HAS_COMPETITOR,E4,Scorecard__GXC-303__20260713
asset::gxc-303,competitor::biogen_ionis_qalsody_(tofersen),HAS_COMPETITOR,E4,Scorecard__GXC-303__20260713
asset::gxc-303,competitor::ionis_otsuka_ulefnersen_(ion363),HAS_COMPETITOR,E4,Scorecard__GXC-303__20260713
asset::gxc-303,source::s1,USES_SOURCE,E4,Source__S1
scorecard::gxc-303_20260713,source::s1,SUPPORTS_SCORE,E4,Source__S1
asset::gxc-303,source::s2,USES_SOURCE,E4,Source__S2
scorecard::gxc-303_20260713,source::s2,SUPPORTS_SCORE,E4,Source__S2
asset::gxc-303,source::s3,USES_SOURCE,E4,Source__S3
scorecard::gxc-303_20260713,source::s3,SUPPORTS_SCORE,E4,Source__S3
asset::gxc-303,source::s4,USES_SOURCE,E4,Source__S4
scorecard::gxc-303_20260713,source::s4,SUPPORTS_SCORE,E4,Source__S4
asset::gxc-303,source::s13,USES_SOURCE,E4,Source__S13
scorecard::gxc-303_20260713,source::s13,SUPPORTS_SCORE,E4,Source__S13
asset::gxc-303,source::https_www.genix-cure.com_company_pipeline.php,USES_SOURCE,E4,Source__GenixCure_Pipeline
scorecard::gxc-303_20260713,source::https_www.genix-cure.com_company_pipeline.php,SUPPORTS_SCORE,E4,Source__GenixCure_Pipeline
asset::gxc-303,source::https_dailypharm.com_user_news_2900,USES_SOURCE,E4,"Source__루게릭병_표적옵션_등장…제약사들,_질환_원인_정조준"
scorecard::gxc-303_20260713,source::https_dailypharm.com_user_news_2900,SUPPORTS_SCORE,E4,"Source__루게릭병_표적옵션_등장…제약사들,_질환_원인_정조준"
asset::gxc-303,source::https_www.genix-cure.com_bbs_mode=view&num=44&so_table=news,USES_SOURCE,E4,Source__GenixCure_BIO_USA_2025_partnering_update
scorecard::gxc-303_20260713,source::https_www.genix-cure.com_bbs_mode=view&num=44&so_table=news,SUPPORTS_SCORE,E4,Source__GenixCure_BIO_USA_2025_partnering_update
asset::gxc-303,source::https_postbi.jbnu.ac.kr_bbs_postbi_4612_388799_artclview.do,USES_SOURCE,E4,Source__제닉스큐어_AAV_플랫폼_인터뷰
scorecard::gxc-303_20260713,source::https_postbi.jbnu.ac.kr_bbs_postbi_4612_388799_artclview.do,SUPPORTS_SCORE,E4,Source__제닉스큐어_AAV_플랫폼_인터뷰
asset::gxc-303,source::https_www.science.org_doi_10.1126_science.abq5622,USES_SOURCE,E4,Source__Mechanism_of_STMN2_cryptic_splice-polyadenylation_and_its_correction
scorecard::gxc-303_20260713,source::https_www.science.org_doi_10.1126_science.abq5622,SUPPORTS_SCORE,E4,Source__Mechanism_of_STMN2_cryptic_splice-polyadenylation_and_its_correction
asset::gxc-303,source::https_pubmed.ncbi.nlm.nih.gov_40392845,USES_SOURCE,E4,Source__Stathmin-2_enhances_motor_axon_regeneration
scorecard::gxc-303_20260713,source::https_pubmed.ncbi.nlm.nih.gov_40392845,SUPPORTS_SCORE,E4,Source__Stathmin-2_enhances_motor_axon_regeneration
asset::gxc-303,source::https_www.quralis.com_news_quralis-demonstrates-effects-on-disease-prog_4b6f7426,USES_SOURCE,E4,Source__QRL-201_ANQUR_Phase_1_2_interim_update
scorecard::gxc-303_20260713,source::https_www.quralis.com_news_quralis-demonstrates-effects-on-disease-prog_4b6f7426,SUPPORTS_SCORE,E4,Source__QRL-201_ANQUR_Phase_1_2_interim_update
asset::gxc-303,source::https_clinicaltrials.gov_study_nct07401121,USES_SOURCE,E4,Source__NCT07401121_—_CTx1000_KOANEWA
scorecard::gxc-303_20260713,source::https_clinicaltrials.gov_study_nct07401121,SUPPORTS_SCORE,E4,Source__NCT07401121_—_CTx1000_KOANEWA
asset::gxc-303,source::https_www.fda.gov_drugs_news-events-human-drugs_fda-approves-treatment-_b9f55f97,USES_SOURCE,E4,Source__FDA_approval_of_Qalsody_for_SOD1-ALS
scorecard::gxc-303_20260713,source::https_www.fda.gov_drugs_news-events-human-drugs_fda-approves-treatment-_b9f55f97,SUPPORTS_SCORE,E4,Source__FDA_approval_of_Qalsody_for_SOD1-ALS
asset::gxc-303,source::https_ir.ionis.com_news-releases_news-release-details_ionis-reports-fir_68d904c2,USES_SOURCE,E4,Source__Ionis_Q1_2026_pipeline_update
scorecard::gxc-303_20260713,source::https_ir.ionis.com_news-releases_news-release-details_ionis-reports-fir_68d904c2,SUPPORTS_SCORE,E4,Source__Ionis_Q1_2026_pipeline_update
asset::gxc-303,source::https_www.uniqure.com_programs-pipeline_als-sod1,USES_SOURCE,E4,Source__uniQure_AMT-162_ALS_program
scorecard::gxc-303_20260713,source::https_www.uniqure.com_programs-pipeline_als-sod1,SUPPORTS_SCORE,E4,Source__uniQure_AMT-162_ALS_program
asset::gxc-303,source::https_doi.org_10.1016_j.neuroscience.2025.03.026,USES_SOURCE,E4,Source__Evaluation_of_AAV_transduction_efficiency_via_multiple_delivery_routes
scorecard::gxc-303_20260713,source::https_doi.org_10.1016_j.neuroscience.2025.03.026,SUPPORTS_SCORE,E4,Source__Evaluation_of_AAV_transduction_efficiency_via_multiple_delivery_routes
asset::gxc-303,source::https_pharm.edaily.co.kr_news_read_newsid=01626886638852512,USES_SOURCE,E4,Source__GenixCure_recombinant_AAV_platform_interview
scorecard::gxc-303_20260713,source::https_pharm.edaily.co.kr_news_read_newsid=01626886638852512,SUPPORTS_SCORE,E4,Source__GenixCure_recombinant_AAV_platform_interview
asset::aon-pp23,"company::astrion_co.,_ltd",OWNED_BY,E0,Scorecard__AON-PP23__20260819
asset::aon-pp23,target::α-synuclein_oligomer_aggregates,TARGETS,E0,Scorecard__AON-PP23__20260819
asset::aon-pp23,moa::direct_degradation_of_α-synuclein_oligomers_via_pnac-screened_small_molecules,HAS_MOA,E0,Scorecard__AON-PP23__20260819
asset::aon-pp23,modality::small_molecule,HAS_MODALITY,E0,Scorecard__AON-PP23__20260819
asset::aon-pp23,indication::parkinson's_disease,HAS_INDICATION,E0,Scorecard__AON-PP23__20260819
asset::aon-pp23,theme::protein_homeostasis,MAPS_TO_THEME,E0,Scorecard__AON-PP23__20260819
asset::aon-pp23,cluster::unknown,MAPS_TO_CLUSTER,E0,Scorecard__AON-PP23__20260819
asset::aon-pp23,scorecard::aon-pp23_20260819,HAS_SCORECARD,E0,Scorecard__AON-PP23__20260819
asset::aon-pp23,source::https_www.astrion.co.kr_en_board_board.php_bo_table=press&idx=16,USES_SOURCE,E0,Source__Astrion_press_release_—_AON-PP23
scorecard::aon-pp23_20260819,source::https_www.astrion.co.kr_en_board_board.php_bo_table=press&idx=16,SUPPORTS_SCORE,E0,Source__Astrion_press_release_—_AON-PP23
asset::aon-pp23,source::https_www.astrion.co.kr_en_m31.php,USES_SOURCE,E0,Source__Astrion_pipeline
scorecard::aon-pp23_20260819,source::https_www.astrion.co.kr_en_m31.php,SUPPORTS_SCORE,E0,Source__Astrion_pipeline
asset::aon-pp23,source::https_www.astrion.co.kr_en_m43.php,USES_SOURCE,E0,Source__Astrion_R&D_publications
scorecard::aon-pp23_20260819,source::https_www.astrion.co.kr_en_m43.php,SUPPORTS_SCORE,E0,Source__Astrion_R&D_publications
asset::ast-029,company::astrogen,OWNED_BY,E0,Scorecard__AST-029__20260806
asset::ast-029,target::unknown,TARGETS,E0,Scorecard__AST-029__20260806
asset::ast-029,moa::unknown,HAS_MOA,E0,Scorecard__AST-029__20260806
asset::ast-029,modality::small_molecule,HAS_MODALITY,E0,Scorecard__AST-029__20260806
asset::ast-029,indication::parkinson's_disease,HAS_INDICATION,E0,Scorecard__AST-029__20260806
asset::ast-029,theme::unknown,MAPS_TO_THEME,E0,Scorecard__AST-029__20260806
asset::ast-029,cluster::unknown,MAPS_TO_CLUSTER,E0,Scorecard__AST-029__20260806
asset::ast-029,scorecard::ast-029_20260806,HAS_SCORECARD,E0,Scorecard__AST-029__20260806
asset::ast-029,source::https_www.astrogen.co.kr_subpages_rnd_pipeline.html,USES_SOURCE,E0,Source__Astrogen_official_pipeline
scorecard::ast-029_20260806,source::https_www.astrogen.co.kr_subpages_rnd_pipeline.html,SUPPORTS_SCORE,E0,Source__Astrogen_official_pipeline
asset::ast-029,source::https_synapse.patsnap.com_drug_8838d6bb4948449aabaec2570f5d747c,USES_SOURCE,E0,Source__Synapse_—_AST-029
scorecard::ast-029_20260806,source::https_synapse.patsnap.com_drug_8838d6bb4948449aabaec2570f5d747c,SUPPORTS_SCORE,E0,Source__Synapse_—_AST-029
asset::ast-030,company::astrogen,OWNED_BY,E0,Scorecard__AST-030__20260806
asset::ast-030,target::unknown,TARGETS,E0,Scorecard__AST-030__20260806
asset::ast-030,moa::unknown,HAS_MOA,E0,Scorecard__AST-030__20260806
asset::ast-030,modality::small_molecule,HAS_MODALITY,E0,Scorecard__AST-030__20260806
asset::ast-030,indication::parkinson's_disease;_pulmonary_fibrosis,HAS_INDICATION,E0,Scorecard__AST-030__20260806
asset::ast-030,theme::unknown,MAPS_TO_THEME,E0,Scorecard__AST-030__20260806
asset::ast-030,cluster::unknown,MAPS_TO_CLUSTER,E0,Scorecard__AST-030__20260806
asset::ast-030,scorecard::ast-030_20260806,HAS_SCORECARD,E0,Scorecard__AST-030__20260806
asset::ast-030,source::https_www.astrogen.co.kr_subpages_rnd_pipeline.html,USES_SOURCE,E0,Source__Astrogen_official_pipeline
scorecard::ast-030_20260806,source::https_www.astrogen.co.kr_subpages_rnd_pipeline.html,SUPPORTS_SCORE,E0,Source__Astrogen_official_pipeline
asset::ast-030,source::https_synapse.patsnap.com_drug_b00cbe607d104b6c8a5e7a7db02340af,USES_SOURCE,E0,Source__Synapse_—_AST-030
scorecard::ast-030_20260806,source::https_synapse.patsnap.com_drug_b00cbe607d104b6c8a5e7a7db02340af,SUPPORTS_SCORE,E0,Source__Synapse_—_AST-030
asset::ast-008,company::astrogen,OWNED_BY,E0,Scorecard__AST-008__20260806
asset::ast-008,target::unknown,TARGETS,E0,Scorecard__AST-008__20260806
asset::ast-008,moa::unknown,HAS_MOA,E0,Scorecard__AST-008__20260806
asset::ast-008,modality::small_molecule,HAS_MODALITY,E0,Scorecard__AST-008__20260806
asset::ast-008,indication::myoclonic_epilepsy,HAS_INDICATION,E0,Scorecard__AST-008__20260806
asset::ast-008,theme::unknown,MAPS_TO_THEME,E0,Scorecard__AST-008__20260806
asset::ast-008,cluster::unknown,MAPS_TO_CLUSTER,E0,Scorecard__AST-008__20260806
asset::ast-008,scorecard::ast-008_20260806,HAS_SCORECARD,E0,Scorecard__AST-008__20260806
asset::ast-008,source::https_synapse.patsnap.com_drug_238695669a684fd7b605ca5413f69ed8,USES_SOURCE,E0,Source__Synapse_—_AST-008_(Astrogen)
scorecard::ast-008_20260806,source::https_synapse.patsnap.com_drug_238695669a684fd7b605ca5413f69ed8,SUPPORTS_SCORE,E0,Source__Synapse_—_AST-008_(Astrogen)
asset::ast-004,company::astrogen,OWNED_BY,E0,Scorecard__AST-004__20260806
asset::ast-004,target::unknown,TARGETS,E0,Scorecard__AST-004__20260806
asset::ast-004,moa::unknown,HAS_MOA,E0,Scorecard__AST-004__20260806
asset::ast-004,modality::small_molecule,HAS_MODALITY,E0,Scorecard__AST-004__20260806
asset::ast-004,indication::rett_syndrome,HAS_INDICATION,E0,Scorecard__AST-004__20260806
asset::ast-004,theme::unknown,MAPS_TO_THEME,E0,Scorecard__AST-004__20260806
asset::ast-004,cluster::unknown,MAPS_TO_CLUSTER,E0,Scorecard__AST-004__20260806
asset::ast-004,scorecard::ast-004_20260806,HAS_SCORECARD,E0,Scorecard__AST-004__20260806
asset::ast-004,source::https_www.astrogen.co.kr_subpages_rnd_pipeline.html,USES_SOURCE,E0,Source__Astrogen_official_pipeline
scorecard::ast-004_20260806,source::https_www.astrogen.co.kr_subpages_rnd_pipeline.html,SUPPORTS_SCORE,E0,Source__Astrogen_official_pipeline
asset::ast-004,source::https_astrogen.co.kr_eng_subpages_news_press.html_board_id=board_bpds_e_4a33502b,USES_SOURCE,E0,Source__Astrogen_2026_pipeline_update
scorecard::ast-004_20260806,source::https_astrogen.co.kr_eng_subpages_news_press.html_board_id=board_bpds_e_4a33502b,SUPPORTS_SCORE,E0,Source__Astrogen_2026_pipeline_update
asset::ast-031,company::astrogen_inc,OWNED_BY,E0,Scorecard__AST-031__20260806
asset::ast-031,target::unknown,TARGETS,E0,Scorecard__AST-031__20260806
asset::ast-031,moa::selective_norepinephrine_reuptake_inhibitor,HAS_MOA,E0,Scorecard__AST-031__20260806
asset::ast-031,modality::small_molecule,HAS_MODALITY,E0,Scorecard__AST-031__20260806
asset::ast-031,indication::attention-deficit_hyperactivity_disorder,HAS_INDICATION,E0,Scorecard__AST-031__20260806
asset::ast-031,theme::others,MAPS_TO_THEME,E0,Scorecard__AST-031__20260806
asset::ast-031,cluster::others,MAPS_TO_CLUSTER,E0,Scorecard__AST-031__20260806
asset::ast-031,scorecard::ast-031_20260806,HAS_SCORECARD,E0,Scorecard__AST-031__20260806
asset::ast-031,source::https_www.astrogen.co.kr_subpages_rnd_pipeline.html,USES_SOURCE,E0,Source__Astrogen_official_pipeline
scorecard::ast-031_20260806,source::https_www.astrogen.co.kr_subpages_rnd_pipeline.html,SUPPORTS_SCORE,E0,Source__Astrogen_official_pipeline
asset::ast-031,source::https_astrogen.co.kr_eng_subpages_news_press.html_board_id=board_bpds_e_4a33502b,USES_SOURCE,E0,Source__Astrogen_2026_pipeline_update
scorecard::ast-031_20260806,source::https_astrogen.co.kr_eng_subpages_news_press.html_board_id=board_bpds_e_4a33502b,SUPPORTS_SCORE,E0,Source__Astrogen_2026_pipeline_update
asset::labthera-003,"company::atogen_co.,_ltd",OWNED_BY,E0,Scorecard__LABthera-003__20260806
asset::labthera-003,target::unknown,TARGETS,E0,Scorecard__LABthera-003__20260806
asset::labthera-003,moa::unknown,HAS_MOA,E0,Scorecard__LABthera-003__20260806
asset::labthera-003,modality::other,HAS_MODALITY,E0,Scorecard__LABthera-003__20260806
asset::labthera-003,indication::depressive_disorder,HAS_INDICATION,E0,Scorecard__LABthera-003__20260806
asset::labthera-003,theme::unknown,MAPS_TO_THEME,E0,Scorecard__LABthera-003__20260806
asset::labthera-003,cluster::unknown,MAPS_TO_CLUSTER,E0,Scorecard__LABthera-003__20260806
asset::labthera-003,scorecard::labthera-003_20260806,HAS_SCORECARD,E0,Scorecard__LABthera-003__20260806
asset::labthera-003,source::https_synapse.patsnap.com_drug_11e6b00e21ed424dab356aedd22d4302,USES_SOURCE,E0,Source__Synapse_—_LABthera-003
scorecard::labthera-003_20260806,source::https_synapse.patsnap.com_drug_11e6b00e21ed424dab356aedd22d4302,SUPPORTS_SCORE,E0,Source__Synapse_—_LABthera-003
asset::labthera-003,source::https_atogen.kr_en_research_pipeline_overview,USES_SOURCE,E0,Source__AtoGen_official_pipeline
scorecard::labthera-003_20260806,source::https_atogen.kr_en_research_pipeline_overview,SUPPORTS_SCORE,E0,Source__AtoGen_official_pipeline
asset::aul003,"company::aulbio_co.,_ltd",OWNED_BY,E0,Scorecard__AUL003__20260806
asset::aul003,target::acetylcholinesterase_(ache),TARGETS,E0,Scorecard__AUL003__20260806
asset::aul003,moa::long-acting_donepezil_acetylcholinesterase_inhibition,HAS_MOA,E0,Scorecard__AUL003__20260806
asset::aul003,modality::small_molecule,HAS_MODALITY,E0,Scorecard__AUL003__20260806
asset::aul003,indication::alzheimer's_disease,HAS_INDICATION,E0,Scorecard__AUL003__20260806
asset::aul003,theme::others,MAPS_TO_THEME,E0,Scorecard__AUL003__20260806
asset::aul003,cluster::others,MAPS_TO_CLUSTER,E0,Scorecard__AUL003__20260806
asset::aul003,scorecard::aul003_20260806,HAS_SCORECARD,E0,Scorecard__AUL003__20260806
asset::aul003,source::https_www.biospectator.com_news_view_21266,USES_SOURCE,E0,Source__BioSpectator_—_AUL003_IND_submission
scorecard::aul003_20260806,source::https_www.biospectator.com_news_view_21266,SUPPORTS_SCORE,E0,Source__BioSpectator_—_AUL003_IND_submission
asset::aul003,source::https_www.nia.nih.gov_health_alzheimers-treatment_how-alzheimers-disease-treated,USES_SOURCE,E0,Source__NIA_—_Alzheimer's_treatment
scorecard::aul003_20260806,source::https_www.nia.nih.gov_health_alzheimers-treatment_how-alzheimers-disease-treated,SUPPORTS_SCORE,E0,Source__NIA_—_Alzheimer's_treatment
asset::as-401,"company::autophagy_science_co.,_ltd",OWNED_BY,E0,Scorecard__AS-401__20260806
asset::as-401,target::unknown,TARGETS,E0,Scorecard__AS-401__20260806
asset::as-401,moa::unknown,HAS_MOA,E0,Scorecard__AS-401__20260806
asset::as-401,modality::small_molecule,HAS_MODALITY,E0,Scorecard__AS-401__20260806
asset::as-401,indication::neurodegenerative_diseases,HAS_INDICATION,E0,Scorecard__AS-401__20260806
asset::as-401,theme::unknown,MAPS_TO_THEME,E0,Scorecard__AS-401__20260806
asset::as-401,cluster::unknown,MAPS_TO_CLUSTER,E0,Scorecard__AS-401__20260806
asset::as-401,scorecard::as-401_20260806,HAS_SCORECARD,E0,Scorecard__AS-401__20260806
asset::as-401,source::https_synapse.patsnap.com_drug_7c6b684bb82a4c1f818605485eedb5e2,USES_SOURCE,E0,Source__Synapse_—_AS-401
scorecard::as-401_20260806,source::https_synapse.patsnap.com_drug_7c6b684bb82a4c1f818605485eedb5e2,SUPPORTS_SCORE,E0,Source__Synapse_—_AS-401
asset::as-401,source::https_synapse.patsnap.com_organization_8194253b2084b7bb78130c4a8fe991eb,USES_SOURCE,E0,Source__Synapse_—_Autophagy_Science
scorecard::as-401_20260806,source::https_synapse.patsnap.com_organization_8194253b2084b7bb78130c4a8fe991eb,SUPPORTS_SCORE,E0,Source__Synapse_—_Autophagy_Science
asset::ce223br17_parkinson's_disease_research_program,company::corestemchemon_inc,OWNED_BY,E3,Scorecard__CE223BR17_Parkinson's_Disease_Research_Program__20260806
asset::ce223br17_parkinson's_disease_research_program,target::dopaminergic_neuronal_loss_and_damaged_neural_microenvironment;_no_sing_c0e844e7,TARGETS,E3,Scorecard__CE223BR17_Parkinson's_Disease_Research_Program__20260806
asset::ce223br17_parkinson's_disease_research_program,moa::transplantation_of_ipsc-_or_esc-derived_neural_stem_cells_and_astrocyte_3984d2f8,HAS_MOA,E3,Scorecard__CE223BR17_Parkinson's_Disease_Research_Program__20260806
asset::ce223br17_parkinson's_disease_research_program,modality::cell_therapy,HAS_MODALITY,E3,Scorecard__CE223BR17_Parkinson's_Disease_Research_Program__20260806
asset::ce223br17_parkinson's_disease_research_program,indication::parkinson's_disease_and_broadly_described_degenerative_neurological_disease,HAS_INDICATION,E3,Scorecard__CE223BR17_Parkinson's_Disease_Research_Program__20260806
asset::ce223br17_parkinson's_disease_research_program,theme::others,MAPS_TO_THEME,E3,Scorecard__CE223BR17_Parkinson's_Disease_Research_Program__20260806
asset::ce223br17_parkinson's_disease_research_program,cluster::others,MAPS_TO_CLUSTER,E3,Scorecard__CE223BR17_Parkinson's_Disease_Research_Program__20260806
asset::ce223br17_parkinson's_disease_research_program,scorecard::ce223br17_parkinson's_disease_research_program_20260806,HAS_SCORECARD,E3,Scorecard__CE223BR17_Parkinson's_Disease_Research_Program__20260806
asset::ce223br17_parkinson's_disease_research_program,competitor::sumitomo_pharma_racthera_amchepry_raguneprocel,HAS_COMPETITOR,E3,Scorecard__CE223BR17_Parkinson's_Disease_Research_Program__20260806
asset::ce223br17_parkinson's_disease_research_program,competitor::bluerock_therapeutics_bayer_bemdaneprocel_brt-da01,HAS_COMPETITOR,E3,Scorecard__CE223BR17_Parkinson's_Disease_Research_Program__20260806
asset::ce223br17_parkinson's_disease_research_program,competitor::aspen_neuroscience_sasineprocel_anpd001,HAS_COMPETITOR,E3,Scorecard__CE223BR17_Parkinson's_Disease_Research_Program__20260806
asset::ce223br17_parkinson's_disease_research_program,competitor::s.biomedics_ted-a9_a9-dpc,HAS_COMPETITOR,E3,Scorecard__CE223BR17_Parkinson's_Disease_Research_Program__20260806
asset::ce223br17_parkinson's_disease_research_program,competitor::unixell_biotechnology_ux-da003,HAS_COMPETITOR,E3,Scorecard__CE223BR17_Parkinson's_Disease_Research_Program__20260806
asset::ce223br17_parkinson's_disease_research_program,competitor::iregene_therapeutics_nouvneu001,HAS_COMPETITOR,E3,Scorecard__CE223BR17_Parkinson's_Disease_Research_Program__20260806
asset::ce223br17_parkinson's_disease_research_program,source::https_kind.krx.co.kr_external_2026_05_15_001965_20260515004351_11013.htm,USES_SOURCE,E3,Source__CorestemChemon_2026_First-Quarter_Report
scorecard::ce223br17_parkinson's_disease_research_program_20260806,source::https_kind.krx.co.kr_external_2026_05_15_001965_20260515004351_11013.htm,SUPPORTS_SCORE,E3,Source__CorestemChemon_2026_First-Quarter_Report
asset::ce223br17_parkinson's_disease_research_program,source::https_www.corestemchemon.com_eng_rd_pipeline.html,USES_SOURCE,E3,Source__CorestemChemon_Pipeline
scorecard::ce223br17_parkinson's_disease_research_program_20260806,source::https_www.corestemchemon.com_eng_rd_pipeline.html,SUPPORTS_SCORE,E3,Source__CorestemChemon_Pipeline
asset::ce223br17_parkinson's_disease_research_program,source::https_www.corestemchemon.com_eng_main_main.html,USES_SOURCE,E3,Source__CorestemChemon_Official_Website
scorecard::ce223br17_parkinson's_disease_research_program_20260806,source::https_www.corestemchemon.com_eng_main_main.html,SUPPORTS_SCORE,E3,Source__CorestemChemon_Official_Website
asset::ce223br17_parkinson's_disease_research_program,source::https_kind.krx.co.kr_external_2026_03_19_001673_20260319006857_11011.htm,USES_SOURCE,E3,Source__CorestemChemon_2025_Business_Report
scorecard::ce223br17_parkinson's_disease_research_program_20260806,source::https_kind.krx.co.kr_external_2026_03_19_001673_20260319006857_11011.htm,SUPPORTS_SCORE,E3,Source__CorestemChemon_2025_Business_Report
asset::ce223br17_parkinson's_disease_research_program,source::https_corestemchemon.com_eng_pr_media.html_bmain=view&search=%26page%3d2&uid=75,USES_SOURCE,E3,Source__CorestemChemon_Pipeline_Development_News
scorecard::ce223br17_parkinson's_disease_research_program_20260806,source::https_corestemchemon.com_eng_pr_media.html_bmain=view&search=%26page%3d2&uid=75,SUPPORTS_SCORE,E3,Source__CorestemChemon_Pipeline_Development_News
asset::ce223br17_parkinson's_disease_research_program,source::https_www.hinews.co.kr_news_articleview.html_idxno=23506,USES_SOURCE,E3,Source__Corestem_and_Hanyang_University_Parkinson_Cell-Therapy_Technology_Transfer
scorecard::ce223br17_parkinson's_disease_research_program_20260806,source::https_www.hinews.co.kr_news_articleview.html_idxno=23506,SUPPORTS_SCORE,E3,Source__Corestem_and_Hanyang_University_Parkinson_Cell-Therapy_Technology_Transfer
asset::ce223br17_parkinson's_disease_research_program,source::https_patents.google.com_patent_wo2021145467a1_ko,USES_SOURCE,E3,Source__WO2021145467A1_—_Differentiation_Method_Using_Disassembled_3D_Organoids
scorecard::ce223br17_parkinson's_disease_research_program_20260806,source::https_patents.google.com_patent_wo2021145467a1_ko,SUPPORTS_SCORE,E3,Source__WO2021145467A1_—_Differentiation_Method_Using_Disassembled_3D_Organoids
asset::ce223br17_parkinson's_disease_research_program,source::https_pubmed.ncbi.nlm.nih.gov_34052305,USES_SOURCE,E3,Source__Neural_Stem_Cells_Derived_from_Human_Midbrain_Organoids_as_a_Stable_Sou_4b2131f4
scorecard::ce223br17_parkinson's_disease_research_program_20260806,source::https_pubmed.ncbi.nlm.nih.gov_34052305,SUPPORTS_SCORE,E3,Source__Neural_Stem_Cells_Derived_from_Human_Midbrain_Organoids_as_a_Stable_Sou_4b2131f4
asset::ce223br17_parkinson's_disease_research_program,source::https_pmc.ncbi.nlm.nih.gov_articles_pmc11954835,USES_SOURCE,E3,Source__Preparation_of_Human_Astrocytes_with_Potent_Therapeutic_Functions_Using_21b79e05
scorecard::ce223br17_parkinson's_disease_research_program_20260806,source::https_pmc.ncbi.nlm.nih.gov_articles_pmc11954835,SUPPORTS_SCORE,E3,Source__Preparation_of_Human_Astrocytes_with_Potent_Therapeutic_Functions_Using_21b79e05
asset::ce223br17_parkinson's_disease_research_program,source::https_www.sumitomo-pharma.com_news_20260306.html,USES_SOURCE,E3,Source__Japan_Approval_of_AMCHEPRY
scorecard::ce223br17_parkinson's_disease_research_program_20260806,source::https_www.sumitomo-pharma.com_news_20260306.html,SUPPORTS_SCORE,E3,Source__Japan_Approval_of_AMCHEPRY
asset::ce223br17_parkinson's_disease_research_program,source::https_www.bayer.com_media_en-us_first-parkinsons-disease-patient-treate_c497dc9b,USES_SOURCE,E3,Source__First_Patient_Treated_in_Bemdaneprocel_Phase_3
scorecard::ce223br17_parkinson's_disease_research_program_20260806,source::https_www.bayer.com_media_en-us_first-parkinsons-disease-patient-treate_c497dc9b,SUPPORTS_SCORE,E3,Source__First_Patient_Treated_in_Bemdaneprocel_Phase_3
asset::ce223br17_parkinson's_disease_research_program,source::https_aspenneuroscience.com_aspen-neuroscience-announces-positive-12-mo_787641c4,USES_SOURCE,E3,Source__Sasineprocel_ASPIRO_12-Month_Data
scorecard::ce223br17_parkinson's_disease_research_program_20260806,source::https_aspenneuroscience.com_aspen-neuroscience-announces-positive-12-mo_787641c4,SUPPORTS_SCORE,E3,Source__Sasineprocel_ASPIRO_12-Month_Data
asset::ce223br17_parkinson's_disease_research_program,source::https_www.catalent.com_catalent-news_catalent-and-s-biomedics-announce-_fbb37290,USES_SOURCE,E3,Source__Catalent_and_S.Biomedics_TED-A9_Partnership
scorecard::ce223br17_parkinson's_disease_research_program_20260806,source::https_www.catalent.com_catalent-news_catalent-and-s-biomedics-announce-_fbb37290,SUPPORTS_SCORE,E3,Source__Catalent_and_S.Biomedics_TED-A9_Partnership
asset::ce223br17_parkinson's_disease_research_program,source::https_unixell.com_en_companynews_info.aspx_itemid=316,USES_SOURCE,E3,Source__FDA_IND_Clearance_for_UX-DA003
scorecard::ce223br17_parkinson's_disease_research_program_20260806,source::https_unixell.com_en_companynews_info.aspx_itemid=316,SUPPORTS_SCORE,E3,Source__FDA_IND_Clearance_for_UX-DA003
asset::ce223br17_parkinson's_disease_research_program,source::https_clinicaltrials.gov_study_nct07102342,USES_SOURCE,E3,Source__NouvNeu001_Phase_1_2_Clinical_Study
scorecard::ce223br17_parkinson's_disease_research_program_20260806,source::https_clinicaltrials.gov_study_nct07102342,SUPPORTS_SCORE,E3,Source__NouvNeu001_Phase_1_2_Clinical_Study
asset::ce223br17_parkinson's_disease_research_program,source::https_www.parkinson.org_understanding-parkinsons_statistics,USES_SOURCE,E3,Source__Parkinson's_Foundation_Statistics
scorecard::ce223br17_parkinson's_disease_research_program_20260806,source::https_www.parkinson.org_understanding-parkinsons_statistics,SUPPORTS_SCORE,E3,Source__Parkinson's_Foundation_Statistics
asset::ce223br17_parkinson's_disease_research_program,source::https_www.japantimes.co.jp_news_2026_05_13_japan_science-health_ips-par_78d45d6a,USES_SOURCE,E3,Source__AMCHEPRY_Reimbursement_Price
scorecard::ce223br17_parkinson's_disease_research_program_20260806,source::https_www.japantimes.co.jp_news_2026_05_13_japan_science-health_ips-par_78d45d6a,SUPPORTS_SCORE,E3,Source__AMCHEPRY_Reimbursement_Price
asset::adel-y04,company::adel,OWNED_BY,E0,Scorecard__ADEL-Y04__20260806
asset::adel-y04,target::apoe4,TARGETS,E0,Scorecard__ADEL-Y04__20260806
asset::adel-y04,"moa::apoe4-selective_antibody_intended_to_reduce_tau_pathology,_inflammation_aa8a32f4",HAS_MOA,E0,Scorecard__ADEL-Y04__20260806
asset::adel-y04,modality::antibody,HAS_MODALITY,E0,Scorecard__ADEL-Y04__20260806
asset::adel-y04,indication::alzheimer's_disease;_metabolic_disease_also_listed,HAS_INDICATION,E0,Scorecard__ADEL-Y04__20260806
asset::adel-y04,theme::neuroimmune,MAPS_TO_THEME,E0,Scorecard__ADEL-Y04__20260806
asset::adel-y04,cluster::unknown,MAPS_TO_CLUSTER,E0,Scorecard__ADEL-Y04__20260806
asset::adel-y04,scorecard::adel-y04_20260806,HAS_SCORECARD,E0,Scorecard__ADEL-Y04__20260806
asset::adel-y04,source::https_adelpharm.com_en_adel-y04,USES_SOURCE,E0,Source__ADEL-Y04_pipeline
scorecard::adel-y04_20260806,source::https_adelpharm.com_en_adel-y04,SUPPORTS_SCORE,E0,Source__ADEL-Y04_pipeline
asset::adel-y04,source::https_pmc.ncbi.nlm.nih.gov_articles_pmc11713033,USES_SOURCE,E0,Source__ApoE4_antibody_mouse_study
scorecard::adel-y04_20260806,source::https_pmc.ncbi.nlm.nih.gov_articles_pmc11713033,SUPPORTS_SCORE,E0,Source__ApoE4_antibody_mouse_study
asset::adel-y04,source::https_www.biospectator.com_news_view_29005,USES_SOURCE,E0,Source__ADEL-Y04_2026_R&D_project
scorecard::adel-y04_20260806,source::https_www.biospectator.com_news_view_29005,SUPPORTS_SCORE,E0,Source__ADEL-Y04_2026_R&D_project
"asset::alzheimer's_disease_therapy,_beijing_youngen_biotechnology",company::beijing_hotgen_biotech,OWNED_BY,E0,"Scorecard__Alzheimer's_disease_therapy,_Beijing_Youngen_Biotechnology__20260806"
"asset::alzheimer's_disease_therapy,_beijing_youngen_biotechnology",target::unknown,TARGETS,E0,"Scorecard__Alzheimer's_disease_therapy,_Beijing_Youngen_Biotechnology__20260806"
"asset::alzheimer's_disease_therapy,_beijing_youngen_biotechnology",moa::unknown,HAS_MOA,E0,"Scorecard__Alzheimer's_disease_therapy,_Beijing_Youngen_Biotechnology__20260806"
"asset::alzheimer's_disease_therapy,_beijing_youngen_biotechnology",modality::unknown,HAS_MODALITY,E0,"Scorecard__Alzheimer's_disease_therapy,_Beijing_Youngen_Biotechnology__20260806"
"asset::alzheimer's_disease_therapy,_beijing_youngen_biotechnology",indication::unknown,HAS_INDICATION,E0,"Scorecard__Alzheimer's_disease_therapy,_Beijing_Youngen_Biotechnology__20260806"
"asset::alzheimer's_disease_therapy,_beijing_youngen_biotechnology",theme::unknown,MAPS_TO_THEME,E0,"Scorecard__Alzheimer's_disease_therapy,_Beijing_Youngen_Biotechnology__20260806"
"asset::alzheimer's_disease_therapy,_beijing_youngen_biotechnology",cluster::unknown,MAPS_TO_CLUSTER,E0,"Scorecard__Alzheimer's_disease_therapy,_Beijing_Youngen_Biotechnology__20260806"
"asset::alzheimer's_disease_therapy,_beijing_youngen_biotechnology","scorecard::alzheimer's_disease_therapy,_beijing_youngen_biotechnology_20260806",HAS_SCORECARD,E0,"Scorecard__Alzheimer's_disease_therapy,_Beijing_Youngen_Biotechnology__20260806"
"asset::alzheimer's_disease_therapy,_beijing_youngen_biotechnology",source::https_www.youngenbiomed.com,USES_SOURCE,E0,Source__Youngen_overview
"scorecard::alzheimer's_disease_therapy,_beijing_youngen_biotechnology_20260806",source::https_www.youngenbiomed.com,SUPPORTS_SCORE,E0,Source__Youngen_overview
"asset::alzheimer's_disease_therapy,_beijing_youngen_biotechnology",source::https_www.youngenbiomed.com_youngen-biotechnology-patent-for-small-nucl_873092a8,USES_SOURCE,E0,Source__Youngen_APP-siRNA_AD_patent
"scorecard::alzheimer's_disease_therapy,_beijing_youngen_biotechnology_20260806",source::https_www.youngenbiomed.com_youngen-biotechnology-patent-for-small-nucl_873092a8,SUPPORTS_SCORE,E0,Source__Youngen_APP-siRNA_AD_patent
"asset::alzheimer's_disease_therapy,_beijing_youngen_biotechnology",source::https_flcube.com_p=58620,USES_SOURCE,E0,Source__Hotgen_AA001_report
"scorecard::alzheimer's_disease_therapy,_beijing_youngen_biotechnology_20260806",source::https_flcube.com_p=58620,SUPPORTS_SCORE,E0,Source__Hotgen_AA001_report
asset::alzheimer's_disease,"company::beijing_youngen_biotechnology_co.,_ltd",OWNED_BY,E0,Scorecard__Alzheimer's_Disease__20260806
asset::alzheimer's_disease,target::unknown,TARGETS,E0,Scorecard__Alzheimer's_Disease__20260806
asset::alzheimer's_disease,moa::unknown,HAS_MOA,E0,Scorecard__Alzheimer's_Disease__20260806
asset::alzheimer's_disease,modality::unknown,HAS_MODALITY,E0,Scorecard__Alzheimer's_Disease__20260806
asset::alzheimer's_disease,indication::unknown,HAS_INDICATION,E0,Scorecard__Alzheimer's_Disease__20260806
asset::alzheimer's_disease,theme::unknown,MAPS_TO_THEME,E0,Scorecard__Alzheimer's_Disease__20260806
asset::alzheimer's_disease,cluster::unknown,MAPS_TO_CLUSTER,E0,Scorecard__Alzheimer's_Disease__20260806
asset::alzheimer's_disease,scorecard::alzheimer's_disease_20260806,HAS_SCORECARD,E0,Scorecard__Alzheimer's_Disease__20260806
asset::alzheimer's_disease,source::https_www.youngenbiomed.com_youngen-biotechnology-patent-for-small-nucl_873092a8,USES_SOURCE,E0,Source__Youngen_APP_siRNA_patent_announcement
scorecard::alzheimer's_disease_20260806,source::https_www.youngenbiomed.com_youngen-biotechnology-patent-for-small-nucl_873092a8,SUPPORTS_SCORE,E0,Source__Youngen_APP_siRNA_patent_announcement
asset::drug_to_inhibit_tau_for_alzheimer's_disease,company::hyper_corp_inc,OWNED_BY,E0,Scorecard__Drug_to_Inhibit_Tau_for_Alzheimer's_Disease__20260806
asset::drug_to_inhibit_tau_for_alzheimer's_disease,target::unknown,TARGETS,E0,Scorecard__Drug_to_Inhibit_Tau_for_Alzheimer's_Disease__20260806
asset::drug_to_inhibit_tau_for_alzheimer's_disease,moa::unknown,HAS_MOA,E0,Scorecard__Drug_to_Inhibit_Tau_for_Alzheimer's_Disease__20260806
asset::drug_to_inhibit_tau_for_alzheimer's_disease,modality::unknown,HAS_MODALITY,E0,Scorecard__Drug_to_Inhibit_Tau_for_Alzheimer's_Disease__20260806
asset::drug_to_inhibit_tau_for_alzheimer's_disease,indication::unknown,HAS_INDICATION,E0,Scorecard__Drug_to_Inhibit_Tau_for_Alzheimer's_Disease__20260806
asset::drug_to_inhibit_tau_for_alzheimer's_disease,theme::unknown,MAPS_TO_THEME,E0,Scorecard__Drug_to_Inhibit_Tau_for_Alzheimer's_Disease__20260806
asset::drug_to_inhibit_tau_for_alzheimer's_disease,cluster::unknown,MAPS_TO_CLUSTER,E0,Scorecard__Drug_to_Inhibit_Tau_for_Alzheimer's_Disease__20260806
asset::drug_to_inhibit_tau_for_alzheimer's_disease,scorecard::drug_to_inhibit_tau_for_alzheimer's_disease_20260806,HAS_SCORECARD,E0,Scorecard__Drug_to_Inhibit_Tau_for_Alzheimer's_Disease__20260806
asset::hbw-015,company::hyperway_pharmaceutical,OWNED_BY,E0,Scorecard__HBW-015__20260806
asset::hbw-015,target::unknown,TARGETS,E0,Scorecard__HBW-015__20260806
asset::hbw-015,moa::inhibitor_of_an_undisclosed_pain-sensing_pathway,HAS_MOA,E0,Scorecard__HBW-015__20260806
asset::hbw-015,modality::small_molecule,HAS_MODALITY,E0,Scorecard__HBW-015__20260806
asset::hbw-015,indication::analgesia;_efficacy_reported_in_a_cci_neuropathic-pain_model,HAS_INDICATION,E0,Scorecard__HBW-015__20260806
asset::hbw-015,theme::unknown,MAPS_TO_THEME,E0,Scorecard__HBW-015__20260806
asset::hbw-015,cluster::unknown,MAPS_TO_CLUSTER,E0,Scorecard__HBW-015__20260806
asset::hbw-015,scorecard::hbw-015_20260806,HAS_SCORECARD,E0,Scorecard__HBW-015__20260806
asset::hbw-015,source::https_www.tianfulifesciencepark.com_news_detail_id=2667,USES_SOURCE,E0,Source__HBW-015-15_R&D_report
scorecard::hbw-015_20260806,source::https_www.tianfulifesciencepark.com_news_detail_id=2667,SUPPORTS_SCORE,E0,Source__HBW-015-15_R&D_report
asset::hbw-015,source::https_synapse.patsnap.com_drug_33fb9f9fba8f4d5cb534113ca25760aa,USES_SOURCE,E0,Source__HBW-015_drug_record
scorecard::hbw-015_20260806,source::https_synapse.patsnap.com_drug_33fb9f9fba8f4d5cb534113ca25760aa,SUPPORTS_SCORE,E0,Source__HBW-015_drug_record
asset::hbw-015,source::https_en.hyperwaypharma.com_yanfa.html,USES_SOURCE,E0,Source__Hyperway_current_pipeline
scorecard::hbw-015_20260806,source::https_en.hyperwaypharma.com_yanfa.html,SUPPORTS_SCORE,E0,Source__Hyperway_current_pipeline
asset::ilm02,company::illimis_therapeutics,OWNED_BY,E0,Scorecard__ILM02__20260806
asset::ilm02,target::tau_aggregates_and_tam_receptors,TARGETS,E0,Scorecard__ILM02__20260806
asset::ilm02,moa::gaia-tau_fusion_protein_for_tam-mediated_phagocytosis_with_reduced_inflammation,HAS_MOA,E0,Scorecard__ILM02__20260806
asset::ilm02,modality::protein_biologic,HAS_MODALITY,E0,Scorecard__ILM02__20260806
asset::ilm02,indication::tauopathies,HAS_INDICATION,E0,Scorecard__ILM02__20260806
asset::ilm02,theme::neuroimmune,MAPS_TO_THEME,E0,Scorecard__ILM02__20260806
asset::ilm02,cluster::unknown,MAPS_TO_CLUSTER,E0,Scorecard__ILM02__20260806
asset::ilm02,scorecard::ilm02_20260806,HAS_SCORECARD,E0,Scorecard__ILM02__20260806
asset::ilm02,source::https_illimistx.com_kr_sub_platform%26pipeline_platform.php,USES_SOURCE,E0,Source__Illimis_GAIA_pipeline
scorecard::ilm02_20260806,source::https_illimistx.com_kr_sub_platform%26pipeline_platform.php,SUPPORTS_SCORE,E0,Source__Illimis_GAIA_pipeline
asset::ilm02,source::https_synapse.patsnap.com_drug_6e51d0532bd744e1a3694db8fa72e39e,USES_SOURCE,E0,Source__ILM-02_record
scorecard::ilm02_20260806,source::https_synapse.patsnap.com_drug_6e51d0532bd744e1a3694db8fa72e39e,SUPPORTS_SCORE,E0,Source__ILM-02_record
asset::ilm21,company::illimis_therapeutics,OWNED_BY,E0,Scorecard__ILM21__20260806
asset::ilm21,target::unknown,TARGETS,E0,Scorecard__ILM21__20260806
asset::ilm21,moa::unknown,HAS_MOA,E0,Scorecard__ILM21__20260806
asset::ilm21,modality::unknown,HAS_MODALITY,E0,Scorecard__ILM21__20260806
asset::ilm21,indication::unknown,HAS_INDICATION,E0,Scorecard__ILM21__20260806
asset::ilm21,theme::unknown,MAPS_TO_THEME,E0,Scorecard__ILM21__20260806
asset::ilm21,cluster::unknown,MAPS_TO_CLUSTER,E0,Scorecard__ILM21__20260806
asset::ilm21,scorecard::ilm21_20260806,HAS_SCORECARD,E0,Scorecard__ILM21__20260806
asset::ilm21,source::https_illimistx.com_kr_sub_platform%26pipeline_platform.php,USES_SOURCE,E0,Source__Illimis_GAIA_pipeline
scorecard::ilm21_20260806,source::https_illimistx.com_kr_sub_platform%26pipeline_platform.php,SUPPORTS_SCORE,E0,Source__Illimis_GAIA_pipeline
asset::ilm01,company::illimis_therapeutics,OWNED_BY,E0,Scorecard__ILM01__20260806
asset::ilm01,target::amyloid-beta_aggregates_and_tam_receptors,TARGETS,E0,Scorecard__ILM01__20260806
asset::ilm01,moa::gaia-aβ_fusion_protein_for_tam-mediated_amyloid_phagocytosis_with_reduc_dca873e5,HAS_MOA,E0,Scorecard__ILM01__20260806
asset::ilm01,modality::protein_biologic,HAS_MODALITY,E0,Scorecard__ILM01__20260806
asset::ilm01,indication::alzheimer's_disease,HAS_INDICATION,E0,Scorecard__ILM01__20260806
asset::ilm01,theme::neuroimmune,MAPS_TO_THEME,E0,Scorecard__ILM01__20260806
asset::ilm01,cluster::unknown,MAPS_TO_CLUSTER,E0,Scorecard__ILM01__20260806
asset::ilm01,scorecard::ilm01_20260806,HAS_SCORECARD,E0,Scorecard__ILM01__20260806
asset::ilm01,source::https_illimistx.com_kr_sub_platform%26pipeline_platform.php,USES_SOURCE,E0,Source__Illimis_GAIA_pipeline
scorecard::ilm01_20260806,source::https_illimistx.com_kr_sub_platform%26pipeline_platform.php,SUPPORTS_SCORE,E0,Source__Illimis_GAIA_pipeline
asset::ilm01,source::https_www.koreabiomed.com_news_articleview.html_idxno=29100,USES_SOURCE,E0,Source__ILM01_ARIA-free_therapy_interview
scorecard::ilm01_20260806,source::https_www.koreabiomed.com_news_articleview.html_idxno=29100,SUPPORTS_SCORE,E0,Source__ILM01_ARIA-free_therapy_interview
asset::ilm01,source::https_m.biospectator.com_view_news_view.php_varatcid=25729,USES_SOURCE,E0,Source__Illimis_Series_B
scorecard::ilm01_20260806,source::https_m.biospectator.com_view_news_view.php_varatcid=25729,SUPPORTS_SCORE,E0,Source__Illimis_Series_B
asset::neurodegenerative_diseases_lilly,"company::illimis_therapeutics,_inc",OWNED_BY,E0,Scorecard__Neurodegenerative_Diseases_Lilly__20260806
asset::neurodegenerative_diseases_lilly,target::unknown,TARGETS,E0,Scorecard__Neurodegenerative_Diseases_Lilly__20260806
asset::neurodegenerative_diseases_lilly,moa::unknown,HAS_MOA,E0,Scorecard__Neurodegenerative_Diseases_Lilly__20260806
asset::neurodegenerative_diseases_lilly,modality::unknown,HAS_MODALITY,E0,Scorecard__Neurodegenerative_Diseases_Lilly__20260806
asset::neurodegenerative_diseases_lilly,indication::unknown,HAS_INDICATION,E0,Scorecard__Neurodegenerative_Diseases_Lilly__20260806
asset::neurodegenerative_diseases_lilly,theme::unknown,MAPS_TO_THEME,E0,Scorecard__Neurodegenerative_Diseases_Lilly__20260806
asset::neurodegenerative_diseases_lilly,cluster::unknown,MAPS_TO_CLUSTER,E0,Scorecard__Neurodegenerative_Diseases_Lilly__20260806
asset::neurodegenerative_diseases_lilly,scorecard::neurodegenerative_diseases_lilly_20260806,HAS_SCORECARD,E0,Scorecard__Neurodegenerative_Diseases_Lilly__20260806
asset::neurodegenerative_diseases_lilly,source::https_www.illimistx.com_en_sub_investor%26media_news.php_bid=16&idx=282_4499f524,USES_SOURCE,E0,Source__Illimis_financing_and_Lilly_research_collaboration_announcement
scorecard::neurodegenerative_diseases_lilly_20260806,source::https_www.illimistx.com_en_sub_investor%26media_news.php_bid=16&idx=282_4499f524,SUPPORTS_SCORE,E0,Source__Illimis_financing_and_Lilly_research_collaboration_announcement
asset::lnk01006,company::lynk_pharmaceuticals,OWNED_BY,E0,Scorecard__LNK01006__20260806
asset::lnk01006,target::tyk2_jh2_pseudokinase_domain,TARGETS,E0,Scorecard__LNK01006__20260806
asset::lnk01006,moa::brain-penetrant_selective_allosteric_tyk2_inhibitor_modulating_type_i_i_ac24d75a,HAS_MOA,E0,Scorecard__LNK01006__20260806
asset::lnk01006,modality::small_molecule,HAS_MODALITY,E0,Scorecard__LNK01006__20260806
asset::lnk01006,indication::cns_inflammatory_diseases_including_multiple_sclerosis;_phase_1_in_heal_f5f066bd,HAS_INDICATION,E0,Scorecard__LNK01006__20260806
asset::lnk01006,theme::neuroimmune,MAPS_TO_THEME,E0,Scorecard__LNK01006__20260806
asset::lnk01006,cluster::unknown,MAPS_TO_CLUSTER,E0,Scorecard__LNK01006__20260806
asset::lnk01006,scorecard::lnk01006_20260806,HAS_SCORECARD,E0,Scorecard__LNK01006__20260806
asset::lnk01006,source::https_www.prnewswire.com_news-releases_lynk-pharmaceuticals-announces-f_00d362e4,USES_SOURCE,E0,Source__LNK01006_FDA_clearance
scorecard::lnk01006_20260806,source::https_www.prnewswire.com_news-releases_lynk-pharmaceuticals-announces-f_00d362e4,SUPPORTS_SCORE,E0,Source__LNK01006_FDA_clearance
asset::lnk01006,source::https_www.formation.bio_press_formation-bio-doses-first-participant-in-_0a942c6c,USES_SOURCE,E0,Source__BLKR201_first_participant
scorecard::lnk01006_20260806,source::https_www.formation.bio_press_formation-bio-doses-first-participant-in-_0a942c6c,SUPPORTS_SCORE,E0,Source__BLKR201_first_participant
asset::lnk01006,source::https_clinicaltrials.gov_study_nct07501039,USES_SOURCE,E0,Source__NCT07501039
scorecard::lnk01006_20260806,source::https_clinicaltrials.gov_study_nct07501039,SUPPORTS_SCORE,E0,Source__NCT07501039
asset::adel-y04,"company::adel,_inc",OWNED_BY,E0,Scorecard__ADEL-Y04__20260806
asset::adel-y04,target::apolipoprotein_e4_(apoe4),TARGETS,E0,Scorecard__ADEL-Y04__20260806
asset::adel-y04,"moa::apoe4-selective_antibody_intended_to_reduce_apoe4-linked_tau_pathology,_8db3dfc7",HAS_MOA,E0,Scorecard__ADEL-Y04__20260806
asset::adel-y04,modality::antibody,HAS_MODALITY,E0,Scorecard__ADEL-Y04__20260806
asset::adel-y04,indication::alzheimer's_disease,HAS_INDICATION,E0,Scorecard__ADEL-Y04__20260806
asset::adel-y04,theme::others,MAPS_TO_THEME,E0,Scorecard__ADEL-Y04__20260806
asset::adel-y04,cluster::others,MAPS_TO_CLUSTER,E0,Scorecard__ADEL-Y04__20260806
asset::adel-y04,scorecard::adel-y04_20260806,HAS_SCORECARD,E0,Scorecard__ADEL-Y04__20260806
asset::adel-y04,source::https_adelpharm.com_en_pipeline,USES_SOURCE,E0,Source__ADEL_official_pipeline_status
scorecard::adel-y04_20260806,source::https_adelpharm.com_en_pipeline,SUPPORTS_SCORE,E0,Source__ADEL_official_pipeline_status
asset::adel-y04,source::https_alz-journals.onlinelibrary.wiley.com_doi_10.1002_alz.088537,USES_SOURCE,E0,Source__ApoE4_antibody_ameliorates_cognitive_impairments_and_synapse_loss_in_Ap_1da93d77
scorecard::adel-y04_20260806,source::https_alz-journals.onlinelibrary.wiley.com_doi_10.1002_alz.088537,SUPPORTS_SCORE,E0,Source__ApoE4_antibody_ameliorates_cognitive_impairments_and_synapse_loss_in_Ap_1da93d77
"asset::alzheimer's_disease_therapy,_beijing_youngen_biotechnology","company::beijing_hotgen_biotech_co.,_ltd",OWNED_BY,E0,"Scorecard__Alzheimer's_disease_therapy,_Beijing_Youngen_Biotechnology__20260806"
"asset::alzheimer's_disease_therapy,_beijing_youngen_biotechnology",target::unknown,TARGETS,E0,"Scorecard__Alzheimer's_disease_therapy,_Beijing_Youngen_Biotechnology__20260806"
"asset::alzheimer's_disease_therapy,_beijing_youngen_biotechnology",moa::unknown,HAS_MOA,E0,"Scorecard__Alzheimer's_disease_therapy,_Beijing_Youngen_Biotechnology__20260806"
"asset::alzheimer's_disease_therapy,_beijing_youngen_biotechnology",modality::unknown,HAS_MODALITY,E0,"Scorecard__Alzheimer's_disease_therapy,_Beijing_Youngen_Biotechnology__20260806"
"asset::alzheimer's_disease_therapy,_beijing_youngen_biotechnology",indication::unknown,HAS_INDICATION,E0,"Scorecard__Alzheimer's_disease_therapy,_Beijing_Youngen_Biotechnology__20260806"
"asset::alzheimer's_disease_therapy,_beijing_youngen_biotechnology",theme::unknown,MAPS_TO_THEME,E0,"Scorecard__Alzheimer's_disease_therapy,_Beijing_Youngen_Biotechnology__20260806"
"asset::alzheimer's_disease_therapy,_beijing_youngen_biotechnology",cluster::unknown,MAPS_TO_CLUSTER,E0,"Scorecard__Alzheimer's_disease_therapy,_Beijing_Youngen_Biotechnology__20260806"
"asset::alzheimer's_disease_therapy,_beijing_youngen_biotechnology","scorecard::alzheimer's_disease_therapy,_beijing_youngen_biotechnology_20260806",HAS_SCORECARD,E0,"Scorecard__Alzheimer's_disease_therapy,_Beijing_Youngen_Biotechnology__20260806"
"asset::alzheimer's_disease_therapy,_beijing_youngen_biotechnology",source::https_www.youngenbiomed.com_youngen-biotechnology-patent-for-small-nucl_873092a8,USES_SOURCE,E0,Source__Youngen_APP_siRNA_patent_announcement
"scorecard::alzheimer's_disease_therapy,_beijing_youngen_biotechnology_20260806",source::https_www.youngenbiomed.com_youngen-biotechnology-patent-for-small-nucl_873092a8,SUPPORTS_SCORE,E0,Source__Youngen_APP_siRNA_patent_announcement
"asset::alzheimer's_disease_therapy,_beijing_youngen_biotechnology",source::https_www.hotgen.com.cn_detail_683.html,USES_SOURCE,E0,Source__Hotgen_announcement_on_AA001_IND_approval
"scorecard::alzheimer's_disease_therapy,_beijing_youngen_biotechnology_20260806",source::https_www.hotgen.com.cn_detail_683.html,SUPPORTS_SCORE,E0,Source__Hotgen_announcement_on_AA001_IND_approval
asset::hbw-015,"company::hyperway_pharmaceutical_co.,_ltd",OWNED_BY,E0,Scorecard__HBW-015__20260806
asset::hbw-015,target::undisclosed_nociceptive_ion_channel,TARGETS,E0,Scorecard__HBW-015__20260806
asset::hbw-015,moa::inhibitor_of_an_undisclosed_nociceptive_ion_channel,HAS_MOA,E0,Scorecard__HBW-015__20260806
asset::hbw-015,modality::small_molecule,HAS_MODALITY,E0,Scorecard__HBW-015__20260806
asset::hbw-015,indication::pain;_efficacy_tested_in_acute_and_cci_neuropathic_pain_models,HAS_INDICATION,E0,Scorecard__HBW-015__20260806
asset::hbw-015,theme::others,MAPS_TO_THEME,E0,Scorecard__HBW-015__20260806
asset::hbw-015,cluster::others,MAPS_TO_CLUSTER,E0,Scorecard__HBW-015__20260806
asset::hbw-015,scorecard::hbw-015_20260806,HAS_SCORECARD,E0,Scorecard__HBW-015__20260806
asset::hbw-015,source::https_www.tianfulifesciencepark.com_news_detail_id=2657,USES_SOURCE,E0,Source__BioTianFu_report_on_Hyperway_analgesic_HBW-015-15
scorecard::hbw-015_20260806,source::https_www.tianfulifesciencepark.com_news_detail_id=2657,SUPPORTS_SCORE,E0,Source__BioTianFu_report_on_Hyperway_analgesic_HBW-015-15
asset::ilm02,"company::illimis_therapeutics,_inc",OWNED_BY,E0,Scorecard__ILM02__20260806
asset::ilm02,target::tau,TARGETS,E0,Scorecard__ILM02__20260806
asset::ilm02,moa::gaia_fusion_protein_intended_to_couple_tau_binding_with_tam-receptor-me_7dc283ce,HAS_MOA,E0,Scorecard__ILM02__20260806
asset::ilm02,modality::protein_biologic,HAS_MODALITY,E0,Scorecard__ILM02__20260806
asset::ilm02,indication::tauopathies,HAS_INDICATION,E0,Scorecard__ILM02__20260806
asset::ilm02,theme::neuroimmune,MAPS_TO_THEME,E0,Scorecard__ILM02__20260806
asset::ilm02,cluster::unknown,MAPS_TO_CLUSTER,E0,Scorecard__ILM02__20260806
asset::ilm02,scorecard::ilm02_20260806,HAS_SCORECARD,E0,Scorecard__ILM02__20260806
asset::ilm02,source::https_illimistx.com_en_sub_platform%26pipeline_pipeline.php,USES_SOURCE,E0,Source__Illimis_official_pipeline
scorecard::ilm02_20260806,source::https_illimistx.com_en_sub_platform%26pipeline_pipeline.php,SUPPORTS_SCORE,E0,Source__Illimis_official_pipeline
asset::ilm02,source::https_illimistx.com_en_sub_platform%26pipeline_platform.php,USES_SOURCE,E0,Source__Illimis_GAIA_platform_description
scorecard::ilm02_20260806,source::https_illimistx.com_en_sub_platform%26pipeline_platform.php,SUPPORTS_SCORE,E0,Source__Illimis_GAIA_platform_description
asset::ilm21,"company::illimis_therapeutics,_inc",OWNED_BY,E0,Scorecard__ILM21__20260806
asset::ilm21,target::myelin_debris,TARGETS,E0,Scorecard__ILM21__20260806
asset::ilm21,moa::gaia_tam-receptor-mediated_anti-inflammatory_phagocytic_clearance_of_my_6fd23047,HAS_MOA,E0,Scorecard__ILM21__20260806
asset::ilm21,modality::protein_biologic,HAS_MODALITY,E0,Scorecard__ILM21__20260806
asset::ilm21,indication::multiple_sclerosis,HAS_INDICATION,E0,Scorecard__ILM21__20260806
asset::ilm21,theme::neuroimmune,MAPS_TO_THEME,E0,Scorecard__ILM21__20260806
asset::ilm21,cluster::unknown,MAPS_TO_CLUSTER,E0,Scorecard__ILM21__20260806
asset::ilm21,scorecard::ilm21_20260806,HAS_SCORECARD,E0,Scorecard__ILM21__20260806
asset::ilm21,source::https_illimistx.com_en_sub_platform%26pipeline_pipeline.php,USES_SOURCE,E0,Source__Illimis_official_pipeline
scorecard::ilm21_20260806,source::https_illimistx.com_en_sub_platform%26pipeline_pipeline.php,SUPPORTS_SCORE,E0,Source__Illimis_official_pipeline
asset::ilm21,source::https_illimistx.com_en_sub_platform%26pipeline_platform.php,USES_SOURCE,E0,Source__Illimis_GAIA_platform_description
scorecard::ilm21_20260806,source::https_illimistx.com_en_sub_platform%26pipeline_platform.php,SUPPORTS_SCORE,E0,Source__Illimis_GAIA_platform_description
asset::ilm01,"company::illimis_therapeutics,_inc",OWNED_BY,E0,Scorecard__ILM01__20260806
asset::ilm01,target::amyloid_beta_(aβ)_and_tam_receptors,TARGETS,E0,Scorecard__ILM01__20260806
asset::ilm01,moa::gaia_fusion_protein_couples_aβ_binding_to_tam-receptor-mediated_phagocy_e6f770ab,HAS_MOA,E0,Scorecard__ILM01__20260806
asset::ilm01,modality::protein_biologic,HAS_MODALITY,E0,Scorecard__ILM01__20260806
asset::ilm01,indication::alzheimer's_disease,HAS_INDICATION,E0,Scorecard__ILM01__20260806
asset::ilm01,theme::neuroimmune,MAPS_TO_THEME,E0,Scorecard__ILM01__20260806
asset::ilm01,cluster::unknown,MAPS_TO_CLUSTER,E0,Scorecard__ILM01__20260806
asset::ilm01,scorecard::ilm01_20260806,HAS_SCORECARD,E0,Scorecard__ILM01__20260806
asset::ilm01,source::https_illimistx.com_en_sub_platform%26pipeline_pipeline.php,USES_SOURCE,E0,Source__Illimis_official_pipeline
scorecard::ilm01_20260806,source::https_illimistx.com_en_sub_platform%26pipeline_pipeline.php,SUPPORTS_SCORE,E0,Source__Illimis_official_pipeline
asset::ilm01,source::https_illimistx.com_en_sub_platform%26pipeline_platform.php,USES_SOURCE,E0,Source__Illimis_GAIA_platform_description
scorecard::ilm01_20260806,source::https_illimistx.com_en_sub_platform%26pipeline_platform.php,SUPPORTS_SCORE,E0,Source__Illimis_GAIA_platform_description
asset::ilm01,source::https_alz-journals.onlinelibrary.wiley.com_doi_10.1002_alz.072368,USES_SOURCE,E0,Source__Anti-inflammatory_clearance_of_amyloid_beta_by_a_chimeric_Gas6_fusion_protein
scorecard::ilm01_20260806,source::https_alz-journals.onlinelibrary.wiley.com_doi_10.1002_alz.072368,SUPPORTS_SCORE,E0,Source__Anti-inflammatory_clearance_of_amyloid_beta_by_a_chimeric_Gas6_fusion_protein
asset::lnk01006_(blkr201),"company::lynk_pharmaceuticals_co.,_ltd",OWNED_BY,E0,Scorecard__LNK01006_(BLKR201)__20260806
asset::lnk01006_(blkr201),target::tyk2_jh2_domain,TARGETS,E0,Scorecard__LNK01006_(BLKR201)__20260806
asset::lnk01006_(blkr201),moa::selective_cns-penetrant_allosteric_tyk2_inhibition_of_il-12_il-23_and_r_bb0ba684,HAS_MOA,E0,Scorecard__LNK01006_(BLKR201)__20260806
asset::lnk01006_(blkr201),modality::small_molecule,HAS_MODALITY,E0,Scorecard__LNK01006_(BLKR201)__20260806
asset::lnk01006_(blkr201),indication::multiple_sclerosis;_broader_cns_neuroinflammatory_diseases,HAS_INDICATION,E0,Scorecard__LNK01006_(BLKR201)__20260806
asset::lnk01006_(blkr201),theme::neuroimmune,MAPS_TO_THEME,E0,Scorecard__LNK01006_(BLKR201)__20260806
asset::lnk01006_(blkr201),cluster::unknown,MAPS_TO_CLUSTER,E0,Scorecard__LNK01006_(BLKR201)__20260806
asset::lnk01006_(blkr201),scorecard::lnk01006_(blkr201)_20260806,HAS_SCORECARD,E0,Scorecard__LNK01006_(BLKR201)__20260806
asset::lnk01006_(blkr201),source::https_www.prnewswire.com_news-releases_lynk-pharmaceuticals-announces-f_00d362e4,USES_SOURCE,E0,Source__Lynk_announcement_of_FDA_IND_approval_for_LNK01006
scorecard::lnk01006_(blkr201)_20260806,source::https_www.prnewswire.com_news-releases_lynk-pharmaceuticals-announces-f_00d362e4,SUPPORTS_SCORE,E0,Source__Lynk_announcement_of_FDA_IND_approval_for_LNK01006
asset::lnk01006_(blkr201),source::https_www.prnewswire.com_news-releases_lynk-pharmaceuticals-partner-for_db7c7ef2,USES_SOURCE,E0,Source__Lynk_announcement_of_first_participant_dosed_in_BLKR201_Phase_1
scorecard::lnk01006_(blkr201)_20260806,source::https_www.prnewswire.com_news-releases_lynk-pharmaceuticals-partner-for_db7c7ef2,SUPPORTS_SCORE,E0,Source__Lynk_announcement_of_first_participant_dosed_in_BLKR201_Phase_1
asset::lnk01006_(blkr201),source::https_clinicaltrials.gov_study_nct07501039,USES_SOURCE,E0,Source__ClinicalTrials.gov_NCT07501039
scorecard::lnk01006_(blkr201)_20260806,source::https_clinicaltrials.gov_study_nct07501039,SUPPORTS_SCORE,E0,Source__ClinicalTrials.gov_NCT07501039
asset::3bt-1_(trpml1_agonist_program;_pre-candidate_3bt-1-115),company::threebrooks_therapeutics,OWNED_BY,E3,Scorecard__3BT-1_(TRPML1_agonist_program;_pre-candidate_3BT-1-115)__20260807
asset::3bt-1_(trpml1_agonist_program;_pre-candidate_3bt-1-115),target::trpml1_(mcoln1),TARGETS,E3,Scorecard__3BT-1_(TRPML1_agonist_program;_pre-candidate_3BT-1-115)__20260807
asset::3bt-1_(trpml1_agonist_program;_pre-candidate_3bt-1-115),moa::small-molecule_trpml1_agonism_to_trigger_lysosomal_ca2+_release_and_enh_41716d8e,HAS_MOA,E3,Scorecard__3BT-1_(TRPML1_agonist_program;_pre-candidate_3BT-1-115)__20260807
asset::3bt-1_(trpml1_agonist_program;_pre-candidate_3bt-1-115),modality::small_molecule,HAS_MODALITY,E3,Scorecard__3BT-1_(TRPML1_agonist_program;_pre-candidate_3BT-1-115)__20260807
asset::3bt-1_(trpml1_agonist_program;_pre-candidate_3bt-1-115),indication::early_alzheimer's_disease;_parkinson's_disease_expansion_supported_by_c_56c9e561,HAS_INDICATION,E3,Scorecard__3BT-1_(TRPML1_agonist_program;_pre-candidate_3BT-1-115)__20260807
asset::3bt-1_(trpml1_agonist_program;_pre-candidate_3bt-1-115),theme::e_i_balance,MAPS_TO_THEME,E3,Scorecard__3BT-1_(TRPML1_agonist_program;_pre-candidate_3BT-1-115)__20260807
asset::3bt-1_(trpml1_agonist_program;_pre-candidate_3bt-1-115),cluster::ion_channel,MAPS_TO_CLUSTER,E3,Scorecard__3BT-1_(TRPML1_agonist_program;_pre-candidate_3BT-1-115)__20260807
asset::3bt-1_(trpml1_agonist_program;_pre-candidate_3bt-1-115),scorecard::3bt-1_(trpml1_agonist_program;_pre-candidate_3bt-1-115)_20260807,HAS_SCORECARD,E3,Scorecard__3BT-1_(TRPML1_agonist_program;_pre-candidate_3BT-1-115)__20260807
asset::3bt-1_(trpml1_agonist_program;_pre-candidate_3bt-1-115),competitor::lysoway_therapeutics_lw-1017,HAS_COMPETITOR,E3,Scorecard__3BT-1_(TRPML1_agonist_program;_pre-candidate_3BT-1-115)__20260807
asset::3bt-1_(trpml1_agonist_program;_pre-candidate_3bt-1-115),competitor::casma_therapeutics_csm-101,HAS_COMPETITOR,E3,Scorecard__3BT-1_(TRPML1_agonist_program;_pre-candidate_3BT-1-115)__20260807
asset::3bt-1_(trpml1_agonist_program;_pre-candidate_3bt-1-115),competitor::libra_therapeutics_lbr-2950,HAS_COMPETITOR,E3,Scorecard__3BT-1_(TRPML1_agonist_program;_pre-candidate_3BT-1-115)__20260807
asset::3bt-1_(trpml1_agonist_program;_pre-candidate_3bt-1-115),competitor::nine_square_therapeutics_nine_square_trpml1_program,HAS_COMPETITOR,E3,Scorecard__3BT-1_(TRPML1_agonist_program;_pre-candidate_3BT-1-115)__20260807
asset::3bt-1_(trpml1_agonist_program;_pre-candidate_3bt-1-115),competitor::samsara_therapeutics_sam001,HAS_COMPETITOR,E3,Scorecard__3BT-1_(TRPML1_agonist_program;_pre-candidate_3BT-1-115)__20260807
asset::3bt-1_(trpml1_agonist_program;_pre-candidate_3bt-1-115),competitor::eisai_biogen_leqembi_(lecanemab),HAS_COMPETITOR,E3,Scorecard__3BT-1_(TRPML1_agonist_program;_pre-candidate_3BT-1-115)__20260807
asset::3bt-1_(trpml1_agonist_program;_pre-candidate_3bt-1-115),competitor::eli_lilly_kisunla_(donanemab),HAS_COMPETITOR,E3,Scorecard__3BT-1_(TRPML1_agonist_program;_pre-candidate_3BT-1-115)__20260807
asset::3bt-1_(trpml1_agonist_program;_pre-candidate_3bt-1-115),source::threebrooks_therapeutics_investor_relations_2026,USES_SOURCE,E3,Source__Threebrooks_Therapeutics_Investor_Relations_2026
scorecard::3bt-1_(trpml1_agonist_program;_pre-candidate_3bt-1-115)_20260807,source::threebrooks_therapeutics_investor_relations_2026,SUPPORTS_SCORE,E3,Source__Threebrooks_Therapeutics_Investor_Relations_2026
asset::3bt-1_(trpml1_agonist_program;_pre-candidate_3bt-1-115),source::https_www.threebrooks.net_myboard_st_news1,USES_SOURCE,E3,Source__Threebrooks_Therapeutics_media_page
scorecard::3bt-1_(trpml1_agonist_program;_pre-candidate_3bt-1-115)_20260807,source::https_www.threebrooks.net_myboard_st_news1,SUPPORTS_SCORE,E3,Source__Threebrooks_Therapeutics_media_page
asset::3bt-1_(trpml1_agonist_program;_pre-candidate_3bt-1-115),source::https_www.lifescienceweek.com_m_eng_about_search_ex_view.asp_midx=2102,USES_SOURCE,E3,Source__Korea_Life_Science_Week_2026_exhibitor_profile_—_Threebrooks_Therapeutics
scorecard::3bt-1_(trpml1_agonist_program;_pre-candidate_3bt-1-115)_20260807,source::https_www.lifescienceweek.com_m_eng_about_search_ex_view.asp_midx=2102,SUPPORTS_SCORE,E3,Source__Korea_Life_Science_Week_2026_exhibitor_profile_—_Threebrooks_Therapeutics
asset::3bt-1_(trpml1_agonist_program;_pre-candidate_3bt-1-115),source::https_magazine.hankyung.com_business_article_202607217243b,USES_SOURCE,E3,Source__Threebrooks_Therapeutics_joins_JLABS_global_incubator_network
scorecard::3bt-1_(trpml1_agonist_program;_pre-candidate_3bt-1-115)_20260807,source::https_magazine.hankyung.com_business_article_202607217243b,SUPPORTS_SCORE,E3,Source__Threebrooks_Therapeutics_joins_JLABS_global_incubator_network
asset::3bt-1_(trpml1_agonist_program;_pre-candidate_3bt-1-115),source::https_pmc.ncbi.nlm.nih.gov_articles_pmc10112969,USES_SOURCE,E3,Source__TRPML1_reactivation_rescues_the_endosomal-autophagic-lysosomal_system_i_b3c8ec41
scorecard::3bt-1_(trpml1_agonist_program;_pre-candidate_3bt-1-115)_20260807,source::https_pmc.ncbi.nlm.nih.gov_articles_pmc10112969,SUPPORTS_SCORE,E3,Source__TRPML1_reactivation_rescues_the_endosomal-autophagic-lysosomal_system_i_b3c8ec41
asset::3bt-1_(trpml1_agonist_program;_pre-candidate_3bt-1-115),source::https_pmc.ncbi.nlm.nih.gov_articles_pmc9296810,USES_SOURCE,E3,Source__Activated_Endolysosomal_Cation_Channel_TRPML1_Facilitates_Maturation_of_cb00e9af
scorecard::3bt-1_(trpml1_agonist_program;_pre-candidate_3bt-1-115)_20260807,source::https_pmc.ncbi.nlm.nih.gov_articles_pmc9296810,SUPPORTS_SCORE,E3,Source__Activated_Endolysosomal_Cation_Channel_TRPML1_Facilitates_Maturation_of_cb00e9af
asset::3bt-1_(trpml1_agonist_program;_pre-candidate_3bt-1-115),source::https_www.sciencedirect.com_science_article_pii_s022352342600396x,USES_SOURCE,E3,Source__Targeting_lysosomal_dysfunction_with_small-molecule_TRPML1_ligands_Ther_d1a30e48
scorecard::3bt-1_(trpml1_agonist_program;_pre-candidate_3bt-1-115)_20260807,source::https_www.sciencedirect.com_science_article_pii_s022352342600396x,SUPPORTS_SCORE,E3,Source__Targeting_lysosomal_dysfunction_with_small-molecule_TRPML1_ligands_Ther_d1a30e48
asset::3bt-1_(trpml1_agonist_program;_pre-candidate_3bt-1-115),source::https_www.lysoway.com_companynews_lysoway-therapeutics-announces-phase-_69d531f1,USES_SOURCE,E3,Source__Lysoway_announces_Phase_I_dosing_of_LW-1017
scorecard::3bt-1_(trpml1_agonist_program;_pre-candidate_3bt-1-115)_20260807,source::https_www.lysoway.com_companynews_lysoway-therapeutics-announces-phase-_69d531f1,SUPPORTS_SCORE,E3,Source__Lysoway_announces_Phase_I_dosing_of_LW-1017
asset::3bt-1_(trpml1_agonist_program;_pre-candidate_3bt-1-115),source::https_www.casmatx.com_2026_03_10_casma-therapeutics-receives-mjff-suppo_dafb0b52,USES_SOURCE,E3,Source__Casma_receives_MJFF_support_for_CSM-101
scorecard::3bt-1_(trpml1_agonist_program;_pre-candidate_3bt-1-115)_20260807,source::https_www.casmatx.com_2026_03_10_casma-therapeutics-receives-mjff-suppo_dafb0b52,SUPPORTS_SCORE,E3,Source__Casma_receives_MJFF_support_for_CSM-101
asset::3bt-1_(trpml1_agonist_program;_pre-candidate_3bt-1-115),source::https_www.linkedin.com_posts_libra-therapeutics_neurodegenerativediseas_d4943476,USES_SOURCE,E3,Source__Libra_Therapeutics_update_on_LBR-2950
scorecard::3bt-1_(trpml1_agonist_program;_pre-candidate_3bt-1-115)_20260807,source::https_www.linkedin.com_posts_libra-therapeutics_neurodegenerativediseas_d4943476,SUPPORTS_SCORE,E3,Source__Libra_Therapeutics_update_on_LBR-2950
asset::3bt-1_(trpml1_agonist_program;_pre-candidate_3bt-1-115),source::https_ninesquaretx.com_programs,USES_SOURCE,E3,Source__Nine_Square_Therapeutics_—_Programs_and_Pipeline
scorecard::3bt-1_(trpml1_agonist_program;_pre-candidate_3bt-1-115)_20260807,source::https_ninesquaretx.com_programs,SUPPORTS_SCORE,E3,Source__Nine_Square_Therapeutics_—_Programs_and_Pipeline
asset::3bt-1_(trpml1_agonist_program;_pre-candidate_3bt-1-115),source::https_samsaratherapeutics.com,USES_SOURCE,E3,Source__Samsara_Therapeutics_pipeline
scorecard::3bt-1_(trpml1_agonist_program;_pre-candidate_3bt-1-115)_20260807,source::https_samsaratherapeutics.com,SUPPORTS_SCORE,E3,Source__Samsara_Therapeutics_pipeline
asset::3bt-1_(trpml1_agonist_program;_pre-candidate_3bt-1-115),source::https_www.fda.gov_drugs_news-events-human-drugs_fda-approves-treatment-_abbc72bc,USES_SOURCE,E3,Source__FDA_approves_Kisunla_(donanemab)_for_adults_with_Alzheimer's_disease
scorecard::3bt-1_(trpml1_agonist_program;_pre-candidate_3bt-1-115)_20260807,source::https_www.fda.gov_drugs_news-events-human-drugs_fda-approves-treatment-_abbc72bc,SUPPORTS_SCORE,E3,Source__FDA_approves_Kisunla_(donanemab)_for_adults_with_Alzheimer's_disease
asset::3bt-1_(trpml1_agonist_program;_pre-candidate_3bt-1-115),source::https_www.leqembi.com_en_patient-support-program,USES_SOURCE,E3,Source__LEQEMBI_patient_support_—_current_list_prices
scorecard::3bt-1_(trpml1_agonist_program;_pre-candidate_3bt-1-115)_20260807,source::https_www.leqembi.com_en_patient-support-program,SUPPORTS_SCORE,E3,Source__LEQEMBI_patient_support_—_current_list_prices
asset::3bt-1_(trpml1_agonist_program;_pre-candidate_3bt-1-115),source::https_content.govdelivery.com_accounts_usfda_bulletins_4205a72,USES_SOURCE,E3,Source__FDA_notable_approval_—_Leqembi_at-home_starting_dose
scorecard::3bt-1_(trpml1_agonist_program;_pre-candidate_3bt-1-115)_20260807,source::https_content.govdelivery.com_accounts_usfda_bulletins_4205a72,SUPPORTS_SCORE,E3,Source__FDA_notable_approval_—_Leqembi_at-home_starting_dose
asset::3bt-1_(trpml1_agonist_program;_pre-candidate_3bt-1-115),source::https_pmc.ncbi.nlm.nih.gov_articles_pmc10682565,USES_SOURCE,E3,Source__Estimating_prevalence_of_early_symptomatic_Alzheimer's_disease_in_the_U_65d8288f
scorecard::3bt-1_(trpml1_agonist_program;_pre-candidate_3bt-1-115)_20260807,source::https_pmc.ncbi.nlm.nih.gov_articles_pmc10682565,SUPPORTS_SCORE,E3,Source__Estimating_prevalence_of_early_symptomatic_Alzheimer's_disease_in_the_U_65d8288f
asset::3bt-1_(trpml1_agonist_program;_pre-candidate_3bt-1-115),source::https_www.fda.gov_drugs_drug-trials-snapshots_drug-trials-snapshots-leqembi,USES_SOURCE,E3,Source__FDA_Drug_Trials_Snapshot_LEQEMBI
scorecard::3bt-1_(trpml1_agonist_program;_pre-candidate_3bt-1-115)_20260807,source::https_www.fda.gov_drugs_drug-trials-snapshots_drug-trials-snapshots-leqembi,SUPPORTS_SCORE,E3,Source__FDA_Drug_Trials_Snapshot_LEQEMBI
asset::cpb-101,"company::cellapeutics_bio_co.,_ltd",OWNED_BY,E0,Scorecard__CPB-101__20260807
asset::cpb-101,target::unknown,TARGETS,E0,Scorecard__CPB-101__20260807
asset::cpb-101,moa::cell_replacement_neuroregenerative_glial-cell_therapy,HAS_MOA,E0,Scorecard__CPB-101__20260807
asset::cpb-101,modality::cell_therapy,HAS_MODALITY,E0,Scorecard__CPB-101__20260807
asset::cpb-101,indication::parkinson_disease;_spinal_cord_injury;_peripheral_nerve_injury,HAS_INDICATION,E0,Scorecard__CPB-101__20260807
asset::cpb-101,theme::unknown,MAPS_TO_THEME,E0,Scorecard__CPB-101__20260807
asset::cpb-101,cluster::unknown,MAPS_TO_CLUSTER,E0,Scorecard__CPB-101__20260807
asset::cpb-101,scorecard::cpb-101_20260807,HAS_SCORECARD,E0,Scorecard__CPB-101__20260807
asset::cpb-101,source::https_synapse.patsnap.com_organization_5b3c14b36d7ee321bb9537272e8c260b,USES_SOURCE,E0,Source__Cellapeutics_Bio_pipeline_snapshot
scorecard::cpb-101_20260807,source::https_synapse.patsnap.com_organization_5b3c14b36d7ee321bb9537272e8c260b,SUPPORTS_SCORE,E0,Source__Cellapeutics_Bio_pipeline_snapshot
asset::cpb-101,source::https_pharm.edaily.co.kr_news_read_mediacodeno=257&newsid=01758086632530312,USES_SOURCE,E0,Source__Pharm_Edaily_CEO_interview_on_CPB101
scorecard::cpb-101_20260807,source::https_pharm.edaily.co.kr_news_read_mediacodeno=257&newsid=01758086632530312,SUPPORTS_SCORE,E0,Source__Pharm_Edaily_CEO_interview_on_CPB101
asset::cpb-105,"company::cellapeutics_bio_co.,_ltd",OWNED_BY,E0,Scorecard__CPB-105__20260807
asset::cpb-105,target::unknown,TARGETS,E0,Scorecard__CPB-105__20260807
asset::cpb-105,moa::unknown,HAS_MOA,E0,Scorecard__CPB-105__20260807
asset::cpb-105,modality::cell_therapy,HAS_MODALITY,E0,Scorecard__CPB-105__20260807
asset::cpb-105,indication::alzheimer_disease,HAS_INDICATION,E0,Scorecard__CPB-105__20260807
asset::cpb-105,theme::unknown,MAPS_TO_THEME,E0,Scorecard__CPB-105__20260807
asset::cpb-105,cluster::unknown,MAPS_TO_CLUSTER,E0,Scorecard__CPB-105__20260807
asset::cpb-105,scorecard::cpb-105_20260807,HAS_SCORECARD,E0,Scorecard__CPB-105__20260807
asset::cpb-105,source::https_synapse.patsnap.com_organization_5b3c14b36d7ee321bb9537272e8c260b,USES_SOURCE,E0,Source__Cellapeutics_Bio_pipeline_snapshot
scorecard::cpb-105_20260807,source::https_synapse.patsnap.com_organization_5b3c14b36d7ee321bb9537272e8c260b,SUPPORTS_SCORE,E0,Source__Cellapeutics_Bio_pipeline_snapshot
asset::cpb-106,"company::cellapeutics_bio_co.,_ltd",OWNED_BY,E0,Scorecard__CPB-106__20260807
asset::cpb-106,target::unknown,TARGETS,E0,Scorecard__CPB-106__20260807
asset::cpb-106,moa::unknown,HAS_MOA,E0,Scorecard__CPB-106__20260807
asset::cpb-106,modality::cell_therapy,HAS_MODALITY,E0,Scorecard__CPB-106__20260807
asset::cpb-106,indication::parkinson_disease,HAS_INDICATION,E0,Scorecard__CPB-106__20260807
asset::cpb-106,theme::unknown,MAPS_TO_THEME,E0,Scorecard__CPB-106__20260807
asset::cpb-106,cluster::unknown,MAPS_TO_CLUSTER,E0,Scorecard__CPB-106__20260807
asset::cpb-106,scorecard::cpb-106_20260807,HAS_SCORECARD,E0,Scorecard__CPB-106__20260807
asset::cpb-106,source::https_synapse.patsnap.com_organization_5b3c14b36d7ee321bb9537272e8c260b,USES_SOURCE,E0,Source__Cellapeutics_Bio_pipeline_snapshot
scorecard::cpb-106_20260807,source::https_synapse.patsnap.com_organization_5b3c14b36d7ee321bb9537272e8c260b,SUPPORTS_SCORE,E0,Source__Cellapeutics_Bio_pipeline_snapshot
asset::cpb103,company::cellapeuticsbio,OWNED_BY,E0,Scorecard__CPB103__20260807
asset::cpb103,target::unknown,TARGETS,E0,Scorecard__CPB103__20260807
asset::cpb103,moa::unknown,HAS_MOA,E0,Scorecard__CPB103__20260807
asset::cpb103,modality::unknown,HAS_MODALITY,E0,Scorecard__CPB103__20260807
asset::cpb103,indication::unknown,HAS_INDICATION,E0,Scorecard__CPB103__20260807
asset::cpb103,theme::unknown,MAPS_TO_THEME,E0,Scorecard__CPB103__20260807
asset::cpb103,cluster::unknown,MAPS_TO_CLUSTER,E0,Scorecard__CPB103__20260807
asset::cpb103,scorecard::cpb103_20260807,HAS_SCORECARD,E0,Scorecard__CPB103__20260807
asset::cpb103,source::https_synapse.patsnap.com_organization_5b3c14b36d7ee321bb9537272e8c260b,USES_SOURCE,E0,Source__Cellapeutics_Bio_pipeline_snapshot
scorecard::cpb103_20260807,source::https_synapse.patsnap.com_organization_5b3c14b36d7ee321bb9537272e8c260b,SUPPORTS_SCORE,E0,Source__Cellapeutics_Bio_pipeline_snapshot
asset::cpb102,company::cellapeuticsbio,OWNED_BY,E0,Scorecard__CPB102__20260807
asset::cpb102,target::unknown,TARGETS,E0,Scorecard__CPB102__20260807
asset::cpb102,moa::unknown,HAS_MOA,E0,Scorecard__CPB102__20260807
asset::cpb102,modality::unknown,HAS_MODALITY,E0,Scorecard__CPB102__20260807
asset::cpb102,indication::unknown,HAS_INDICATION,E0,Scorecard__CPB102__20260807
asset::cpb102,theme::unknown,MAPS_TO_THEME,E0,Scorecard__CPB102__20260807
asset::cpb102,cluster::unknown,MAPS_TO_CLUSTER,E0,Scorecard__CPB102__20260807
asset::cpb102,scorecard::cpb102_20260807,HAS_SCORECARD,E0,Scorecard__CPB102__20260807
asset::cpb102,source::https_synapse.patsnap.com_organization_5b3c14b36d7ee321bb9537272e8c260b,USES_SOURCE,E0,Source__Cellapeutics_Bio_pipeline_snapshot
scorecard::cpb102_20260807,source::https_synapse.patsnap.com_organization_5b3c14b36d7ee321bb9537272e8c260b,SUPPORTS_SCORE,E0,Source__Cellapeutics_Bio_pipeline_snapshot
asset::clz-2002,"company::cellatoz_therapeutics,_inc",OWNED_BY,E0,Scorecard__CLZ-2002__20260807
asset::clz-2002,target::unknown,TARGETS,E0,Scorecard__CLZ-2002__20260807
asset::clz-2002,moa::unknown,HAS_MOA,E0,Scorecard__CLZ-2002__20260807
asset::clz-2002,modality::cell_therapy,HAS_MODALITY,E0,Scorecard__CLZ-2002__20260807
asset::clz-2002,indication::charcot-marie-tooth_disease_type_1,HAS_INDICATION,E0,Scorecard__CLZ-2002__20260807
asset::clz-2002,theme::unknown,MAPS_TO_THEME,E0,Scorecard__CLZ-2002__20260807
asset::clz-2002,cluster::unknown,MAPS_TO_CLUSTER,E0,Scorecard__CLZ-2002__20260807
asset::clz-2002,scorecard::clz-2002_20260807,HAS_SCORECARD,E0,Scorecard__CLZ-2002__20260807
asset::clz-2002,source::https_synapse.patsnap.com_drug_4532916bb5014b93b06a2f2320c8fa93,USES_SOURCE,E0,Source__CLZ-2002_overview_and_NCT05947578
scorecard::clz-2002_20260807,source::https_synapse.patsnap.com_drug_4532916bb5014b93b06a2f2320c8fa93,SUPPORTS_SCORE,E0,Source__CLZ-2002_overview_and_NCT05947578
asset::clz003,"company::celliaz_co.,_ltd",OWNED_BY,E0,Scorecard__CLZ003__20260807
asset::clz003,target::prox1,TARGETS,E0,Scorecard__CLZ003__20260807
asset::clz003,moa::neutralization_of_harmful_prox1_homeoprotein_to_restore_retinal_regeneration,HAS_MOA,E0,Scorecard__CLZ003__20260807
asset::clz003,modality::antibody,HAS_MODALITY,E0,Scorecard__CLZ003__20260807
asset::clz003,indication::dry-type_age-related_macular_degeneration,HAS_INDICATION,E0,Scorecard__CLZ003__20260807
asset::clz003,theme::others,MAPS_TO_THEME,E0,Scorecard__CLZ003__20260807
asset::clz003,cluster::others,MAPS_TO_CLUSTER,E0,Scorecard__CLZ003__20260807
asset::clz003,scorecard::clz003_20260807,HAS_SCORECARD,E0,Scorecard__CLZ003__20260807
asset::clz003,source::https_celliaz.com_rd-pipelines,USES_SOURCE,E0,Source__Celliaz_R&D_Pipeline
scorecard::clz003_20260807,source::https_celliaz.com_rd-pipelines,SUPPORTS_SCORE,E0,Source__Celliaz_R&D_Pipeline
asset::cbm-951,company::cellionbiomed_inc,OWNED_BY,E0,Scorecard__CBM-951__20260807
asset::cbm-951,target::unknown,TARGETS,E0,Scorecard__CBM-951__20260807
asset::cbm-951,moa::unknown,HAS_MOA,E0,Scorecard__CBM-951__20260807
asset::cbm-951,modality::small_molecule,HAS_MODALITY,E0,Scorecard__CBM-951__20260807
asset::cbm-951,indication::multiple_sclerosis,HAS_INDICATION,E0,Scorecard__CBM-951__20260807
asset::cbm-951,theme::unknown,MAPS_TO_THEME,E0,Scorecard__CBM-951__20260807
asset::cbm-951,cluster::unknown,MAPS_TO_CLUSTER,E0,Scorecard__CBM-951__20260807
asset::cbm-951,scorecard::cbm-951_20260807,HAS_SCORECARD,E0,Scorecard__CBM-951__20260807
asset::cbm-951,source::https_synapse.patsnap.com_drug_cfc95c5d168e4f27a0521a310805b8fc,USES_SOURCE,E0,Source__CBM-951_overview
scorecard::cbm-951_20260807,source::https_synapse.patsnap.com_drug_cfc95c5d168e4f27a0521a310805b8fc,SUPPORTS_SCORE,E0,Source__CBM-951_overview
asset::cv-06,"company::cellivery_therapeutics,_inc",OWNED_BY,E0,Scorecard__CV-06__20260807
asset::cv-06,target::parkin_(prkn_park2),TARGETS,E0,Scorecard__CV-06__20260807
asset::cv-06,moa::intracellular_delivery_replacement_of_cell-permeable_parkin_to_suppress_8570f881,HAS_MOA,E0,Scorecard__CV-06__20260807
asset::cv-06,modality::protein_biologic,HAS_MODALITY,E0,Scorecard__CV-06__20260807
asset::cv-06,indication::parkinson_disease,HAS_INDICATION,E0,Scorecard__CV-06__20260807
asset::cv-06,theme::others,MAPS_TO_THEME,E0,Scorecard__CV-06__20260807
asset::cv-06,cluster::others,MAPS_TO_CLUSTER,E0,Scorecard__CV-06__20260807
asset::cv-06,scorecard::cv-06_20260807,HAS_SCORECARD,E0,Scorecard__CV-06__20260807
asset::cv-06,source::https_synapse.patsnap.com_drug_14a75c28387e43a581709313cb13f52e,USES_SOURCE,E0,Source__CV-06_overview
scorecard::cv-06_20260807,source::https_synapse.patsnap.com_drug_14a75c28387e43a581709313cb13f52e,SUPPORTS_SCORE,E0,Source__CV-06_overview
asset::cv-06,source::https_delta.larvol.com_products_productid=d49fdf13-4bea-4829-9946-1125f8cb1e56,USES_SOURCE,E0,"Source__LARVOL_CV-06_Cellivery,_Ildong"
scorecard::cv-06_20260807,source::https_delta.larvol.com_products_productid=d49fdf13-4bea-4829-9946-1125f8cb1e56,SUPPORTS_SCORE,E0,"Source__LARVOL_CV-06_Cellivery,_Ildong"
asset::cv-14,"company::cellivery_therapeutics,_inc",OWNED_BY,E0,Scorecard__CV-14__20260807
asset::cv-14,target::fxn,TARGETS,E0,Scorecard__CV-14__20260807
asset::cv-14,moa::frataxin_replacement,HAS_MOA,E0,Scorecard__CV-14__20260807
asset::cv-14,modality::protein_biologic,HAS_MODALITY,E0,Scorecard__CV-14__20260807
asset::cv-14,indication::friedreich_ataxia,HAS_INDICATION,E0,Scorecard__CV-14__20260807
asset::cv-14,theme::others,MAPS_TO_THEME,E0,Scorecard__CV-14__20260807
asset::cv-14,cluster::others,MAPS_TO_CLUSTER,E0,Scorecard__CV-14__20260807
asset::cv-14,scorecard::cv-14_20260807,HAS_SCORECARD,E0,Scorecard__CV-14__20260807
asset::cv-14,source::https_data.pharmacodia.com_drugs_details_22122625900035563139,USES_SOURCE,E0,Source__CV-14_CP-FXN_overview
scorecard::cv-14_20260807,source::https_data.pharmacodia.com_drugs_details_22122625900035563139,SUPPORTS_SCORE,E0,Source__CV-14_CP-FXN_overview
asset::cv-17,"company::cellivery_therapeutics,_inc",OWNED_BY,E0,Scorecard__CV-17__20260807
asset::cv-17,target::unknown,TARGETS,E0,Scorecard__CV-17__20260807
asset::cv-17,moa::aso_rna_interference;_specific_target_undisclosed,HAS_MOA,E0,Scorecard__CV-17__20260807
asset::cv-17,modality::rna_therapy,HAS_MODALITY,E0,Scorecard__CV-17__20260807
asset::cv-17,indication::neurodegenerative_diseases_(unspecified),HAS_INDICATION,E0,Scorecard__CV-17__20260807
asset::cv-17,theme::unknown,MAPS_TO_THEME,E0,Scorecard__CV-17__20260807
asset::cv-17,cluster::unknown,MAPS_TO_CLUSTER,E0,Scorecard__CV-17__20260807
asset::cv-17,scorecard::cv-17_20260807,HAS_SCORECARD,E0,Scorecard__CV-17__20260807
asset::cv-17,source::https_synapse.patsnap.com_drug_602e117b02008a6730e1f915194b899e,USES_SOURCE,E0,Source__CV-17_overview
scorecard::cv-17_20260807,source::https_synapse.patsnap.com_drug_602e117b02008a6730e1f915194b899e,SUPPORTS_SCORE,E0,Source__CV-17_overview
asset::cv-17,source::https_data.pharmacodia.com_drugs_details_22122625900035563141,USES_SOURCE,E0,Source__CV-17_CP-ASO_overview
scorecard::cv-17_20260807,source::https_data.pharmacodia.com_drugs_details_22122625900035563141,SUPPORTS_SCORE,E0,Source__CV-17_CP-ASO_overview
asset::yc-5_injection,company::cellprotek_pharmaceutical,OWNED_BY,E0,Scorecard__YC-5_Injection__20260807
asset::yc-5_injection,target::unknown,TARGETS,E0,Scorecard__YC-5_Injection__20260807
asset::yc-5_injection,moa::multi-mechanistic_neuroprotection;_possible_negative_regulation_of_nmda_8b2a1f7e,HAS_MOA,E0,Scorecard__YC-5_Injection__20260807
asset::yc-5_injection,modality::small_molecule,HAS_MODALITY,E0,Scorecard__YC-5_Injection__20260807
asset::yc-5_injection,indication::epileptic_seizures_convulsions,HAS_INDICATION,E0,Scorecard__YC-5_Injection__20260807
asset::yc-5_injection,theme::unknown,MAPS_TO_THEME,E0,Scorecard__YC-5_Injection__20260807
asset::yc-5_injection,cluster::unknown,MAPS_TO_CLUSTER,E0,Scorecard__YC-5_Injection__20260807
asset::yc-5_injection,scorecard::yc-5_injection_20260807,HAS_SCORECARD,E0,Scorecard__YC-5_Injection__20260807
asset::yc-5_injection,source::https_patents.google.com_patent_cn101683348b_en,USES_SOURCE,E0,Source__CN101683348B_YC-5_neuroprotection_patent
scorecard::yc-5_injection_20260807,source::https_patents.google.com_patent_cn101683348b_en,SUPPORTS_SCORE,E0,Source__CN101683348B_YC-5_neuroprotection_patent
asset::yc-5_injection,source::https_www.cellprotek.com_science-and-medicine_rd-pipeline,USES_SOURCE,E0,Source__Cellprotek_R&D_pipeline
scorecard::yc-5_injection_20260807,source::https_www.cellprotek.com_science-and-medicine_rd-pipeline,SUPPORTS_SCORE,E0,Source__Cellprotek_R&D_pipeline
asset::yc-6,company::cellprotek_pharmaceutical,OWNED_BY,E0,Scorecard__YC-6__20260807
asset::yc-6,target::unknown,TARGETS,E0,Scorecard__YC-6__20260807
asset::yc-6,"moa::multi-pathway_cytoprotection_including_anti-inflammatory,_calcium_acido_6a148d1c",HAS_MOA,E0,Scorecard__YC-6__20260807
asset::yc-6,modality::small_molecule,HAS_MODALITY,E0,Scorecard__YC-6__20260807
asset::yc-6,indication::acute_ischemic_stroke_malignant_cerebral_infarction;_intracerebral_hemorrhage,HAS_INDICATION,E0,Scorecard__YC-6__20260807
asset::yc-6,theme::unknown,MAPS_TO_THEME,E0,Scorecard__YC-6__20260807
asset::yc-6,cluster::unknown,MAPS_TO_CLUSTER,E0,Scorecard__YC-6__20260807
asset::yc-6,scorecard::yc-6_20260807,HAS_SCORECARD,E0,Scorecard__YC-6__20260807
asset::yc-6,source::https_www.cellprotek.com_science-and-medicine_rd-pipeline,USES_SOURCE,E0,Source__Cellprotek_R&D_pipeline
scorecard::yc-6_20260807,source::https_www.cellprotek.com_science-and-medicine_rd-pipeline,SUPPORTS_SCORE,E0,Source__Cellprotek_R&D_pipeline
asset::neurological_disorder_research_program,company::celltium,OWNED_BY,E0,Scorecard__Neurological_Disorder_Research_Program__20260807
asset::neurological_disorder_research_program,target::unknown,TARGETS,E0,Scorecard__Neurological_Disorder_Research_Program__20260807
asset::neurological_disorder_research_program,moa::unknown,HAS_MOA,E0,Scorecard__Neurological_Disorder_Research_Program__20260807
asset::neurological_disorder_research_program,modality::unknown,HAS_MODALITY,E0,Scorecard__Neurological_Disorder_Research_Program__20260807
asset::neurological_disorder_research_program,indication::unknown,HAS_INDICATION,E0,Scorecard__Neurological_Disorder_Research_Program__20260807
asset::neurological_disorder_research_program,theme::unknown,MAPS_TO_THEME,E0,Scorecard__Neurological_Disorder_Research_Program__20260807
asset::neurological_disorder_research_program,cluster::unknown,MAPS_TO_CLUSTER,E0,Scorecard__Neurological_Disorder_Research_Program__20260807
asset::neurological_disorder_research_program,scorecard::neurological_disorder_research_program_20260807,HAS_SCORECARD,E0,Scorecard__Neurological_Disorder_Research_Program__20260807
asset::neurological_disorder_research_program,source::https_www.celltium.com_technology,USES_SOURCE,E0,Source__CELLTIUM_Technology_&_Pipeline
scorecard::neurological_disorder_research_program_20260807,source::https_www.celltium.com_technology,SUPPORTS_SCORE,E0,Source__CELLTIUM_Technology_&_Pipeline
asset::lc-pc01,"company::celltrion,_inc",OWNED_BY,E0,Scorecard__LC-PC01__20260807
asset::lc-pc01,target::unknown,TARGETS,E0,Scorecard__LC-PC01__20260807
asset::lc-pc01,moa::unknown,HAS_MOA,E0,Scorecard__LC-PC01__20260807
asset::lc-pc01,modality::other,HAS_MODALITY,E0,Scorecard__LC-PC01__20260807
asset::lc-pc01,indication::parkinson_disease,HAS_INDICATION,E0,Scorecard__LC-PC01__20260807
asset::lc-pc01,theme::unknown,MAPS_TO_THEME,E0,Scorecard__LC-PC01__20260807
asset::lc-pc01,cluster::unknown,MAPS_TO_CLUSTER,E0,Scorecard__LC-PC01__20260807
asset::lc-pc01,scorecard::lc-pc01_20260807,HAS_SCORECARD,E0,Scorecard__LC-PC01__20260807
asset::lc-pc01,source::https_synapse.patsnap.com_drug_73755749f9254077ae1c4000b1a55508,USES_SOURCE,E0,Source__LB-PC01_overview
scorecard::lc-pc01_20260807,source::https_synapse.patsnap.com_drug_73755749f9254077ae1c4000b1a55508,SUPPORTS_SCORE,E0,Source__LB-PC01_overview
asset::vta-27,"company::vasthera_co.,_ltd",OWNED_BY,E3,Scorecard__VTA-27__20260812
asset::vta-27,target::peroxiredoxin_(prx1_prx2)_functional_mimic;_downstream_astrocytic_stat3_03510b30,TARGETS,E3,Scorecard__VTA-27__20260812
asset::vta-27,moa::prx-mimetic_protein_oxidation_modulation_lowers_intracellular_h2o2_and_1e109c14,HAS_MOA,E3,Scorecard__VTA-27__20260812
asset::vta-27,modality::small_molecule,HAS_MODALITY,E3,Scorecard__VTA-27__20260812
asset::vta-27,indication::alzheimer's_disease;_company_deck_targets_mild-to-moderate_ad._parkinso_6a571b94,HAS_INDICATION,E3,Scorecard__VTA-27__20260812
asset::vta-27,theme::neuroimmune,MAPS_TO_THEME,E3,Scorecard__VTA-27__20260812
asset::vta-27,cluster::교세포_향상성,MAPS_TO_CLUSTER,E3,Scorecard__VTA-27__20260812
asset::vta-27,scorecard::vta-27_20260812,HAS_SCORECARD,E3,Scorecard__VTA-27__20260812
asset::vta-27,competitor::neurobiogen_kds2010,HAS_COMPETITOR,E3,Scorecard__VTA-27__20260812
asset::vta-27,competitor::inmune_bio_xpro1595,HAS_COMPETITOR,E3,Scorecard__VTA-27__20260812
asset::vta-27,competitor::sanofi_(acquired_vigil_neuroscience)_vg-3927,HAS_COMPETITOR,E3,Scorecard__VTA-27__20260812
asset::vta-27,competitor::alector_al002,HAS_COMPETITOR,E3,Scorecard__VTA-27__20260812
asset::vta-27,competitor::eisai_biogen_leqembi_(lecanemab),HAS_COMPETITOR,E3,Scorecard__VTA-27__20260812
asset::vta-27,competitor::eli_lilly_kisunla_(donanemab),HAS_COMPETITOR,E3,Scorecard__VTA-27__20260812
asset::vta-27,"source::vasthera_vta-27_program_cd_(aug_2026),_user-uploaded_confidential_deck",USES_SOURCE,E3,"Source__VASTHERA_VTA-27_Program_CD_(Aug_2026),_user-uploaded_confidential_deck"
scorecard::vta-27_20260812,"source::vasthera_vta-27_program_cd_(aug_2026),_user-uploaded_confidential_deck",SUPPORTS_SCORE,E3,"Source__VASTHERA_VTA-27_Program_CD_(Aug_2026),_user-uploaded_confidential_deck"
asset::vta-27,source::https_www.vasthera.com_technology_pipeline.php,USES_SOURCE,E3,Source__VASTHERA_official_pipeline_page
scorecard::vta-27_20260812,source::https_www.vasthera.com_technology_pipeline.php,SUPPORTS_SCORE,E3,Source__VASTHERA_official_pipeline_page
asset::vta-27,source::https_www.vasthera.com_technology_platform.php,USES_SOURCE,E3,Source__VASTHERA_Redoxizyme_platform_page
scorecard::vta-27_20260812,source::https_www.vasthera.com_technology_platform.php,SUPPORTS_SCORE,E3,Source__VASTHERA_Redoxizyme_platform_page
asset::vta-27,source::https_www.vasthera.com_investors_news.php_code=news&idx=124&ptype=view,USES_SOURCE,E3,Source__VASTHERA_news_release_Pioneering_New_Drugs_for_Rare_and_Intractable_Dis_04261368
scorecard::vta-27_20260812,source::https_www.vasthera.com_investors_news.php_code=news&idx=124&ptype=view,SUPPORTS_SCORE,E3,Source__VASTHERA_news_release_Pioneering_New_Drugs_for_Rare_and_Intractable_Dis_04261368
asset::vta-27,source::https_link.springer.com_article_10.15252_emmm.201809665,USES_SOURCE,E3,"Source__Reichenbach_et_al._2019,_Inhibition_of_Stat3-mediated_astrogliosis_amel_b6e2fad2"
scorecard::vta-27_20260812,source::https_link.springer.com_article_10.15252_emmm.201809665,SUPPORTS_SCORE,E3,"Source__Reichenbach_et_al._2019,_Inhibition_of_Stat3-mediated_astrogliosis_amel_b6e2fad2"
asset::vta-27,source::https_www.nature.com_articles_s41593-020-00735-y,USES_SOURCE,E3,"Source__Chun_et_al._2020,_Severe_reactive_astrocytes_precipitate_pathological_h_52cccc03"
scorecard::vta-27_20260812,source::https_www.nature.com_articles_s41593-020-00735-y,SUPPORTS_SCORE,E3,"Source__Chun_et_al._2020,_Severe_reactive_astrocytes_precipitate_pathological_h_52cccc03"
asset::vta-27,source::https_clinicaltrials.gov_study_nct07027072,USES_SOURCE,E3,Source__ClinicalTrials.gov_NCT07027072_—_KDS2010_Phase_2a_AD
scorecard::vta-27_20260812,source::https_clinicaltrials.gov_study_nct07027072,SUPPORTS_SCORE,E3,Source__ClinicalTrials.gov_NCT07027072_—_KDS2010_Phase_2a_AD
asset::vta-27,source::https_pmc.ncbi.nlm.nih.gov_articles_pmc6426469,USES_SOURCE,E3,"Source__Jo_et_al._2019,_Newly_developed_reversible_MAO-B_inhibitor_KDS2010_in_A_6c30ad04"
scorecard::vta-27_20260812,source::https_pmc.ncbi.nlm.nih.gov_articles_pmc6426469,SUPPORTS_SCORE,E3,"Source__Jo_et_al._2019,_Newly_developed_reversible_MAO-B_inhibitor_KDS2010_in_A_6c30ad04"
asset::vta-27,source::https_clinicaltrials.gov_study_nct05318976,USES_SOURCE,E3,Source__ClinicalTrials.gov_NCT05318976_—_XPro1595_MINDFuL_Phase_2
scorecard::vta-27_20260812,source::https_clinicaltrials.gov_study_nct05318976,SUPPORTS_SCORE,E3,Source__ClinicalTrials.gov_NCT05318976_—_XPro1595_MINDFuL_Phase_2
asset::vta-27,source::https_clinicaltrials.gov_study_nct06343636,USES_SOURCE,E3,Source__ClinicalTrials.gov_NCT06343636_—_VG-3927_Phase_1
scorecard::vta-27_20260812,source::https_clinicaltrials.gov_study_nct06343636,SUPPORTS_SCORE,E3,Source__ClinicalTrials.gov_NCT06343636_—_VG-3927_Phase_1
asset::vta-27,source::https_www.sanofi.com_assets_dotcom_pressreleases_2025_2025-05-21-23-15-_0405b7c9,USES_SOURCE,E3,Source__Sanofi_press_release_on_acquisition_of_Vigil_and_VG-3927
scorecard::vta-27_20260812,source::https_www.sanofi.com_assets_dotcom_pressreleases_2025_2025-05-21-23-15-_0405b7c9,SUPPORTS_SCORE,E3,Source__Sanofi_press_release_on_acquisition_of_Vigil_and_VG-3927
asset::vta-27,source::https_www.nature.com_articles_s41591-026-04273-1,USES_SOURCE,E3,"Source__Mummery_et_al._2026,_AL002_TREM2_agonist_Phase_2_randomized_trial"
scorecard::vta-27_20260812,source::https_www.nature.com_articles_s41591-026-04273-1,SUPPORTS_SCORE,E3,"Source__Mummery_et_al._2026,_AL002_TREM2_agonist_Phase_2_randomized_trial"
asset::vta-27,source::https_www.fda.gov_drugs_news-events-human-drugs_fda-approves-treatment-_abbc72bc,USES_SOURCE,E3,Source__FDA_approval_notice_for_Kisunla_(donanemab)
scorecard::vta-27_20260812,source::https_www.fda.gov_drugs_news-events-human-drugs_fda-approves-treatment-_abbc72bc,SUPPORTS_SCORE,E3,Source__FDA_approval_notice_for_Kisunla_(donanemab)
asset::vta-27,source::https_www.accessdata.fda.gov_drugsatfda_docs_appletter_2025_761269orig1_f401d03a,USES_SOURCE,E3,Source__FDA_Leqembi_supplemental_approval_letter_(2025)
scorecard::vta-27_20260812,source::https_www.accessdata.fda.gov_drugsatfda_docs_appletter_2025_761269orig1_f401d03a,SUPPORTS_SCORE,E3,Source__FDA_Leqembi_supplemental_approval_letter_(2025)
asset::vta-27,source::https_www.alz.org_getmedia_c05f7ba4-9aea-4cb0-8898-5e8bff3f0930_executi_c4e57aef,USES_SOURCE,E3,Source__Alzheimer's_Association_2025_Facts_and_Figures_Executive_Summary
scorecard::vta-27_20260812,source::https_www.alz.org_getmedia_c05f7ba4-9aea-4cb0-8898-5e8bff3f0930_executi_c4e57aef,SUPPORTS_SCORE,E3,Source__Alzheimer's_Association_2025_Facts_and_Figures_Executive_Summary
asset::vta-27,source::https_psnet.ahrq.gov_issue_detection-rates-mild-cognitive-impairment-pr_e5d2ab5c,USES_SOURCE,E3,Source__AHRQ_PSNet_summary_of_US_MCI_dementia_detection_rates
scorecard::vta-27_20260812,source::https_psnet.ahrq.gov_issue_detection-rates-mild-cognitive-impairment-pr_e5d2ab5c,SUPPORTS_SCORE,E3,Source__AHRQ_PSNet_summary_of_US_MCI_dementia_detection_rates
asset::vta-27,source::https_us.eisai.com_-_media_files_useisairedesign_eisaiincpricelist.pdf_acffa182,USES_SOURCE,E3,"Source__Eisai_Inc._Product_Price_List_effective_July_13,_2026"
scorecard::vta-27_20260812,source::https_us.eisai.com_-_media_files_useisairedesign_eisaiincpricelist.pdf_acffa182,SUPPORTS_SCORE,E3,"Source__Eisai_Inc._Product_Price_List_effective_July_13,_2026"
asset::cu71,"company::curacle_co.,_ltd",OWNED_BY,E0,Scorecard__CU71__20260819
asset::cu71,target::bbb_dysfunction_neurovascular_instability,TARGETS,E0,Scorecard__CU71__20260819
asset::cu71,moa::bbb_stabilization_with_reduced_neuroinflammation_and_vascular_leakage,HAS_MOA,E0,Scorecard__CU71__20260819
asset::cu71,modality::small_molecule,HAS_MODALITY,E0,Scorecard__CU71__20260819
asset::cu71,indication::alzheimer's_disease,HAS_INDICATION,E0,Scorecard__CU71__20260819
asset::cu71,theme::others,MAPS_TO_THEME,E0,Scorecard__CU71__20260819
asset::cu71,cluster::others,MAPS_TO_CLUSTER,E0,Scorecard__CU71__20260819
asset::cu71,scorecard::cu71_20260819,HAS_SCORECARD,E0,Scorecard__CU71__20260819
asset::cu71,source::https_www.curacle.com_bbs_content.php_co_id=pipeline&tab_id=cu71,USES_SOURCE,E0,Source__Curacle_pipeline_—_CU71
scorecard::cu71_20260819,source::https_www.curacle.com_bbs_content.php_co_id=pipeline&tab_id=cu71,SUPPORTS_SCORE,E0,Source__Curacle_pipeline_—_CU71
asset::cu71,source::https_pmc.ncbi.nlm.nih.gov_articles_pmc12742527,USES_SOURCE,E0,Source__Alzheimer's_&_Dementia_—_CU71_5XFAD_study
scorecard::cu71_20260819,source::https_pmc.ncbi.nlm.nih.gov_articles_pmc12742527,SUPPORTS_SCORE,E0,Source__Alzheimer's_&_Dementia_—_CU71_5XFAD_study
asset::kine-501b,company::kine_sciences,OWNED_BY,E0,Scorecard__KINE-501B__20260818
asset::kine-501b,target::microglia_(target_cell);_molecular_target_unknown,TARGETS,E0,Scorecard__KINE-501B__20260818
asset::kine-501b,moa::unknown,HAS_MOA,E0,Scorecard__KINE-501B__20260818
asset::kine-501b,modality::peptide,HAS_MODALITY,E0,Scorecard__KINE-501B__20260818
asset::kine-501b,indication::frontotemporal_dementia_(ftd),HAS_INDICATION,E0,Scorecard__KINE-501B__20260818
asset::kine-501b,theme::unknown,MAPS_TO_THEME,E0,Scorecard__KINE-501B__20260818
asset::kine-501b,cluster::unknown,MAPS_TO_CLUSTER,E0,Scorecard__KINE-501B__20260818
asset::kine-501b,scorecard::kine-501b_20260818,HAS_SCORECARD,E0,Scorecard__KINE-501B__20260818
asset::kine-501b,source::https_www.kinesciences.com_m31.php,USES_SOURCE,E0,Source__Kine_Sciences_Pipeline
scorecard::kine-501b_20260818,source::https_www.kinesciences.com_m31.php,SUPPORTS_SCORE,E0,Source__Kine_Sciences_Pipeline
asset::kine-501b,source::https_synapse.patsnap.com_drug_fa379a83484c4982992f41e41835858a,USES_SOURCE,E0,Source__Synapse_KINE-501B
scorecard::kine-501b_20260818,source::https_synapse.patsnap.com_drug_fa379a83484c4982992f41e41835858a,SUPPORTS_SCORE,E0,Source__Synapse_KINE-501B
asset::kine-501c,company::kine_sciences,OWNED_BY,E0,Scorecard__KINE-501C__20260818
asset::kine-501c,target::microglia_(target_cell);_molecular_target_unknown,TARGETS,E0,Scorecard__KINE-501C__20260818
asset::kine-501c,moa::unknown,HAS_MOA,E0,Scorecard__KINE-501C__20260818
asset::kine-501c,modality::peptide,HAS_MODALITY,E0,Scorecard__KINE-501C__20260818
asset::kine-501c,indication::lewy_body_dementia_(lbd),HAS_INDICATION,E0,Scorecard__KINE-501C__20260818
asset::kine-501c,theme::unknown,MAPS_TO_THEME,E0,Scorecard__KINE-501C__20260818
asset::kine-501c,cluster::unknown,MAPS_TO_CLUSTER,E0,Scorecard__KINE-501C__20260818
asset::kine-501c,scorecard::kine-501c_20260818,HAS_SCORECARD,E0,Scorecard__KINE-501C__20260818
asset::kine-501c,source::https_www.kinesciences.com_m31.php,USES_SOURCE,E0,Source__Kine_Sciences_Pipeline
scorecard::kine-501c_20260818,source::https_www.kinesciences.com_m31.php,SUPPORTS_SCORE,E0,Source__Kine_Sciences_Pipeline
asset::kine-501c,source::https_synapse.patsnap.com_drug_bcc0e499d38b45db9154b737b344da60,USES_SOURCE,E0,Source__Synapse_KINE-501C
scorecard::kine-501c_20260818,source::https_synapse.patsnap.com_drug_bcc0e499d38b45db9154b737b344da60,SUPPORTS_SCORE,E0,Source__Synapse_KINE-501C
asset::kine-501d,company::kine_sciences,OWNED_BY,E0,Scorecard__KINE-501D__20260818
asset::kine-501d,target::microglia_(target_cell);_molecular_target_unknown,TARGETS,E0,Scorecard__KINE-501D__20260818
asset::kine-501d,moa::unknown,HAS_MOA,E0,Scorecard__KINE-501D__20260818
asset::kine-501d,modality::peptide,HAS_MODALITY,E0,Scorecard__KINE-501D__20260818
asset::kine-501d,indication::parkinson's_disease,HAS_INDICATION,E0,Scorecard__KINE-501D__20260818
asset::kine-501d,theme::unknown,MAPS_TO_THEME,E0,Scorecard__KINE-501D__20260818
asset::kine-501d,cluster::unknown,MAPS_TO_CLUSTER,E0,Scorecard__KINE-501D__20260818
asset::kine-501d,scorecard::kine-501d_20260818,HAS_SCORECARD,E0,Scorecard__KINE-501D__20260818
asset::kine-501d,source::https_www.kinesciences.com_m31.php,USES_SOURCE,E0,Source__Kine_Sciences_Pipeline
scorecard::kine-501d_20260818,source::https_www.kinesciences.com_m31.php,SUPPORTS_SCORE,E0,Source__Kine_Sciences_Pipeline
asset::kine-501d,source::https_synapse.patsnap.com_drug_e51eb88adc764dca8d419916642ec2d1,USES_SOURCE,E0,Source__Synapse_KINE-501D
scorecard::kine-501d_20260818,source::https_synapse.patsnap.com_drug_e51eb88adc764dca8d419916642ec2d1,SUPPORTS_SCORE,E0,Source__Synapse_KINE-501D
asset::kine-501e,company::kine_sciences,OWNED_BY,E0,Scorecard__KINE-501E__20260818
asset::kine-501e,target::microglia_(target_cell);_molecular_target_unknown,TARGETS,E0,Scorecard__KINE-501E__20260818
asset::kine-501e,moa::unknown,HAS_MOA,E0,Scorecard__KINE-501E__20260818
asset::kine-501e,modality::unknown,HAS_MODALITY,E0,Scorecard__KINE-501E__20260818
asset::kine-501e,indication::multiple_sclerosis,HAS_INDICATION,E0,Scorecard__KINE-501E__20260818
asset::kine-501e,theme::unknown,MAPS_TO_THEME,E0,Scorecard__KINE-501E__20260818
asset::kine-501e,cluster::unknown,MAPS_TO_CLUSTER,E0,Scorecard__KINE-501E__20260818
asset::kine-501e,scorecard::kine-501e_20260818,HAS_SCORECARD,E0,Scorecard__KINE-501E__20260818
asset::kine-501e,source::https_www.kinesciences.com_m31.php,USES_SOURCE,E0,Source__Kine_Sciences_Pipeline
scorecard::kine-501e_20260818,source::https_www.kinesciences.com_m31.php,SUPPORTS_SCORE,E0,Source__Kine_Sciences_Pipeline
asset::kine-501e,source::https_synapse.patsnap.com_drug_7673acce77814a54b56af0c67e6eb23a,USES_SOURCE,E0,Source__Synapse_KINE-501E
scorecard::kine-501e_20260818,source::https_synapse.patsnap.com_drug_7673acce77814a54b56af0c67e6eb23a,SUPPORTS_SCORE,E0,Source__Synapse_KINE-501E
asset::kp-101,company::korea_pharma_co_ltd,OWNED_BY,E0,Scorecard__KP-101__20260818
asset::kp-101,target::unknown,TARGETS,E0,Scorecard__KP-101__20260818
asset::kp-101,moa::unknown,HAS_MOA,E0,Scorecard__KP-101__20260818
asset::kp-101,modality::unknown,HAS_MODALITY,E0,Scorecard__KP-101__20260818
asset::kp-101,indication::major_depressive_disorder,HAS_INDICATION,E0,Scorecard__KP-101__20260818
asset::kp-101,theme::unknown,MAPS_TO_THEME,E0,Scorecard__KP-101__20260818
asset::kp-101,cluster::unknown,MAPS_TO_CLUSTER,E0,Scorecard__KP-101__20260818
asset::kp-101,scorecard::kp-101_20260818,HAS_SCORECARD,E0,Scorecard__KP-101__20260818
asset::kp-101,source::https_koreapharma.co.kr_eng_sub_research_result.php,USES_SOURCE,E0,Source__Korea_Pharma_Research_Results
scorecard::kp-101_20260818,source::https_koreapharma.co.kr_eng_sub_research_result.php,SUPPORTS_SCORE,E0,Source__Korea_Pharma_Research_Results
asset::kp-102,company::korea_pharma_co_ltd,OWNED_BY,E0,Scorecard__KP-102__20260818
asset::kp-102,target::unknown,TARGETS,E0,Scorecard__KP-102__20260818
asset::kp-102,moa::unknown,HAS_MOA,E0,Scorecard__KP-102__20260818
asset::kp-102,modality::unknown,HAS_MODALITY,E0,Scorecard__KP-102__20260818
asset::kp-102,indication::alzheimer's_dementia,HAS_INDICATION,E0,Scorecard__KP-102__20260818
asset::kp-102,theme::unknown,MAPS_TO_THEME,E0,Scorecard__KP-102__20260818
asset::kp-102,cluster::unknown,MAPS_TO_CLUSTER,E0,Scorecard__KP-102__20260818
asset::kp-102,scorecard::kp-102_20260818,HAS_SCORECARD,E0,Scorecard__KP-102__20260818
asset::kp-102,source::https_koreapharma.co.kr_eng_sub_research_result.php,USES_SOURCE,E0,Source__Korea_Pharma_Research_Results
scorecard::kp-102_20260818,source::https_koreapharma.co.kr_eng_sub_research_result.php,SUPPORTS_SCORE,E0,Source__Korea_Pharma_Research_Results
asset::1st-104,"company::1st_biotherapeutics,_inc",OWNED_BY,E3,Scorecard__1ST-104__20260818
asset::1st-104,target::lrrk2_c-abl,TARGETS,E3,Scorecard__1ST-104__20260818
asset::1st-104,moa::dual_lrrk2_c-abl_kinase_inhibition_with_prab10_and_pcrkl_suppression_an_0c7d3ba3,HAS_MOA,E3,Scorecard__1ST-104__20260818
asset::1st-104,modality::small_molecule,HAS_MODALITY,E3,Scorecard__1ST-104__20260818
asset::1st-104,indication::parkinson's_disease,HAS_INDICATION,E3,Scorecard__1ST-104__20260818
asset::1st-104,theme::neuroimmune,MAPS_TO_THEME,E3,Scorecard__1ST-104__20260818
asset::1st-104,cluster::cytokine_신경조절,MAPS_TO_CLUSTER,E3,Scorecard__1ST-104__20260818
asset::1st-104,scorecard::1st-104_20260818,HAS_SCORECARD,E3,Scorecard__1ST-104__20260818
asset::1st-104,competitor::neuron23_neu-411,HAS_COMPETITOR,E3,Scorecard__1ST-104__20260818
asset::1st-104,competitor::denali_therapeutics_biogen_biib122_dnl151,HAS_COMPETITOR,E3,Scorecard__1ST-104__20260818
asset::1st-104,competitor::brenig_therapeutics_bt-267,HAS_COMPETITOR,E3,Scorecard__1ST-104__20260818
asset::1st-104,competitor::finsnobio_type_ii_lrrk2_program,HAS_COMPETITOR,E3,Scorecard__1ST-104__20260818
asset::1st-104,competitor::arvinas_arv-102,HAS_COMPETITOR,E3,Scorecard__1ST-104__20260818
asset::1st-104,competitor::ionis_biogen_biib094,HAS_COMPETITOR,E3,Scorecard__1ST-104__20260818
asset::1st-104,competitor::sparc_vodobatinib,HAS_COMPETITOR,E3,Scorecard__1ST-104__20260818
asset::1st-104,source::https_www.1stbio.com_rd-pipeline,USES_SOURCE,E3,Source__1ST_Biotherapeutics_R&D_Pipeline
scorecard::1st-104_20260818,source::https_www.1stbio.com_rd-pipeline,SUPPORTS_SCORE,E3,Source__1ST_Biotherapeutics_R&D_Pipeline
asset::1st-104,source::https_www.1stbio.com_wp-content_uploads_2025_04_1st-biotherapeutics-joi_5551b584,USES_SOURCE,E3,Source__1ST_Biotherapeutics_Joins_The_Michael_J._Fox_Foundation_LITE_Program
scorecard::1st-104_20260818,source::https_www.1stbio.com_wp-content_uploads_2025_04_1st-biotherapeutics-joi_5551b584,SUPPORTS_SCORE,E3,Source__1ST_Biotherapeutics_Joins_The_Michael_J._Fox_Foundation_LITE_Program
asset::1st-104,source::[104]_current_progress_and_key_findings_ncdp.pdf,USES_SOURCE,E3,Source__[104]_Current_Progress_and_Key_Findings_NCDP.pdf
scorecard::1st-104_20260818,source::[104]_current_progress_and_key_findings_ncdp.pdf,SUPPORTS_SCORE,E3,Source__[104]_Current_Progress_and_Key_Findings_NCDP.pdf
asset::1st-104,source::https_www.1stbio.com_wp-content_uploads_2026_01_1stbio_series_d_completed.pdf,USES_SOURCE,E3,Source__1STBIO_Series_D_Financing_Announcement
scorecard::1st-104_20260818,source::https_www.1stbio.com_wp-content_uploads_2026_01_1stbio_series_d_completed.pdf,SUPPORTS_SCORE,E3,Source__1STBIO_Series_D_Financing_Announcement
asset::1st-104,source::https_pubmed.ncbi.nlm.nih.gov_15541309,USES_SOURCE,E3,Source__Mutations_in_LRRK2_cause_autosomal-dominant_parkinsonism_with_pleomorph_eba53ca5
scorecard::1st-104_20260818,source::https_pubmed.ncbi.nlm.nih.gov_15541309,SUPPORTS_SCORE,E3,Source__Mutations_in_LRRK2_cause_autosomal-dominant_parkinsonism_with_pleomorph_eba53ca5
asset::1st-104,source::https_clinicaltrials.gov_study_nct06680830,USES_SOURCE,E3,Source__NEU-411_Phase_2_NEULARK_-_NCT06680830
scorecard::1st-104_20260818,source::https_clinicaltrials.gov_study_nct06680830,SUPPORTS_SCORE,E3,Source__NEU-411_Phase_2_NEULARK_-_NCT06680830
asset::1st-104,source::https_investors.biogen.com_news-releases_news-release-details_biogen-an_e14318e9,USES_SOURCE,E3,Source__BIIB122_Phase_2b_LUMA_Update
scorecard::1st-104_20260818,source::https_investors.biogen.com_news-releases_news-release-details_biogen-an_e14318e9,SUPPORTS_SCORE,E3,Source__BIIB122_Phase_2b_LUMA_Update
asset::1st-104,source::https_www.brenigther.com,USES_SOURCE,E3,Source__Brenig_Therapeutics_BT-267_Pipeline
scorecard::1st-104_20260818,source::https_www.brenigther.com,SUPPORTS_SCORE,E3,Source__Brenig_Therapeutics_BT-267_Pipeline
asset::1st-104,source::https_ir.arvinas.com_news-releases_news-release-details_arvinas-announc_c587222b,USES_SOURCE,E3,Source__Arvinas_ARV-102_Phase_1_Parkinson's_Disease_Data
scorecard::1st-104_20260818,source::https_ir.arvinas.com_news-releases_news-release-details_arvinas-announc_c587222b,SUPPORTS_SCORE,E3,Source__Arvinas_ARV-102_Phase_1_Parkinson's_Disease_Data
asset::1st-104,source::https_clinicaltrials.gov_study_nct03976349,USES_SOURCE,E3,Source__BIIB094_REASON_Phase_1_-_NCT03976349
scorecard::1st-104_20260818,source::https_clinicaltrials.gov_study_nct03976349,SUPPORTS_SCORE,E3,Source__BIIB094_REASON_Phase_1_-_NCT03976349
asset::1st-104,source::https_www.nature.com_articles_s41591-026-04262-4,USES_SOURCE,E3,Source__LRRK2-targeting_antisense_oligonucleotide_in_Parkinson's_disease
scorecard::1st-104_20260818,source::https_www.nature.com_articles_s41591-026-04262-4,SUPPORTS_SCORE,E3,Source__LRRK2-targeting_antisense_oligonucleotide_in_Parkinson's_disease
asset::1st-104,source::https_www.finsnobio.com_pipeline,USES_SOURCE,E3,Source__FinsnoBio_LRRK2_Type_II_Pipeline
scorecard::1st-104_20260818,source::https_www.finsnobio.com_pipeline,SUPPORTS_SCORE,E3,Source__FinsnoBio_LRRK2_Type_II_Pipeline
asset::1st-104,source::https_pubmed.ncbi.nlm.nih.gov_24412932,USES_SOURCE,E3,Source__c-Abl_phosphorylates_alpha-synuclein_and_regulates_its_degradation
scorecard::1st-104_20260818,source::https_pubmed.ncbi.nlm.nih.gov_24412932,SUPPORTS_SCORE,E3,Source__c-Abl_phosphorylates_alpha-synuclein_and_regulates_its_degradation
asset::1st-104,source::https_pubmed.ncbi.nlm.nih.gov_27474410,USES_SOURCE,E3,Source__Phos-tag_analysis_of_Rab10_phosphorylation_by_LRRK2
scorecard::1st-104_20260818,source::https_pubmed.ncbi.nlm.nih.gov_27474410,SUPPORTS_SCORE,E3,Source__Phos-tag_analysis_of_Rab10_phosphorylation_by_LRRK2
asset::1st-104,source::https_pubmed.ncbi.nlm.nih.gov_40465731,USES_SOURCE,E3,Source__Type_II_kinase_inhibitors_that_target_Parkinson's_disease-associated_LRRK2
scorecard::1st-104_20260818,source::https_pubmed.ncbi.nlm.nih.gov_40465731,SUPPORTS_SCORE,E3,Source__Type_II_kinase_inhibitors_that_target_Parkinson's_disease-associated_LRRK2
asset::1st-104,source::https_www.nature.com_articles_s41531-026-01275-1,USES_SOURCE,E3,Source__Evaluation_of_c-Abl_inhibitor_vodobatinib_in_early_Parkinson's_disease
scorecard::1st-104_20260818,source::https_www.nature.com_articles_s41531-026-01275-1,SUPPORTS_SCORE,E3,Source__Evaluation_of_c-Abl_inhibitor_vodobatinib_in_early_Parkinson's_disease
asset::1st-104,source::https_www.parkinson.org_understanding-parkinsons_statistics_prevalence-incidence,USES_SOURCE,E3,Source__Parkinson's_Foundation_Prevalence_and_Incidence
scorecard::1st-104_20260818,source::https_www.parkinson.org_understanding-parkinsons_statistics_prevalence-incidence,SUPPORTS_SCORE,E3,Source__Parkinson's_Foundation_Prevalence_and_Incidence
asset::1st-104,source::https_clinicaltrials.gov_study_nct06602193,USES_SOURCE,E3,Source__BIIB122_Phase_2a_BEACON_-_NCT06602193
scorecard::1st-104_20260818,source::https_clinicaltrials.gov_study_nct06602193,SUPPORTS_SCORE,E3,Source__BIIB122_Phase_2a_BEACON_-_NCT06602193
asset::ast-001_(speragen),"company::astrogen,_inc",OWNED_BY,E4,Scorecard__AST-001_(Speragen)__20260819
asset::ast-001_(speragen),target::sk_(small-conductance_ca2+-activated_k+)_channels_kca2,TARGETS,E4,Scorecard__AST-001_(Speragen)__20260819
asset::ast-001_(speragen),moa::l-serine-based_modulation_inhibition_of_sk-channel_current_in_vta_dopam_005ccbca,HAS_MOA,E4,Scorecard__AST-001_(Speragen)__20260819
asset::ast-001_(speragen),modality::small_molecule,HAS_MODALITY,E4,Scorecard__AST-001_(Speragen)__20260819
asset::ast-001_(speragen),"indication::pediatric_autism_spectrum_disorder_core_symptoms,_including_social_comm_31934ef0",HAS_INDICATION,E4,Scorecard__AST-001_(Speragen)__20260819
asset::ast-001_(speragen),theme::e_i_balance,MAPS_TO_THEME,E4,Scorecard__AST-001_(Speragen)__20260819
asset::ast-001_(speragen),cluster::ion_channel,MAPS_TO_CLUSTER,E4,Scorecard__AST-001_(Speragen)__20260819
asset::ast-001_(speragen),scorecard::ast-001_(speragen)_20260819,HAS_SCORECARD,E4,Scorecard__AST-001_(Speragen)__20260819
asset::ast-001_(speragen),competitor::multiple_academic_industry_programs;_prior_neurochlore_servier_phase_3_e7ae7456,HAS_COMPETITOR,E4,Scorecard__AST-001_(Speragen)__20260819
asset::ast-001_(speragen),competitor::holland_bloorview_kids_rehabilitation_hospital_prior_seaside_program_ar_45e56246,HAS_COMPETITOR,E4,Scorecard__AST-001_(Speragen)__20260819
asset::ast-001_(speragen),competitor::maplight_therapeutics_ml-004,HAS_COMPETITOR,E4,Scorecard__AST-001_(Speragen)__20260819
asset::ast-001_(speragen),competitor::neurotech_international_fenix_innovation_group_nti164,HAS_COMPETITOR,E4,Scorecard__AST-001_(Speragen)__20260819
asset::ast-001_(speragen),source::https_astrogen.co.kr_eng_subpages_about_overview.html,USES_SOURCE,E4,Source__Astrogen_About_Us_—_Overview
scorecard::ast-001_(speragen)_20260819,source::https_astrogen.co.kr_eng_subpages_about_overview.html,SUPPORTS_SCORE,E4,Source__Astrogen_About_Us_—_Overview
asset::ast-001_(speragen),source::https_astrogen.co.kr_eng_subpages_rnd_pipeline.html,USES_SOURCE,E4,Source__Astrogen_Development_Pipelines
scorecard::ast-001_(speragen)_20260819,source::https_astrogen.co.kr_eng_subpages_rnd_pipeline.html,SUPPORTS_SCORE,E4,Source__Astrogen_Development_Pipelines
asset::ast-001_(speragen),source::https_astrogen.co.kr_contents_03_irpr_sub01.html_board_id=board_notice&_db4221c1,USES_SOURCE,E4,Source__Astrogen_notice_—_Speragen_(AST-001)_MFDS_product_approval_application
scorecard::ast-001_(speragen)_20260819,source::https_astrogen.co.kr_contents_03_irpr_sub01.html_board_id=board_notice&_db4221c1,SUPPORTS_SCORE,E4,Source__Astrogen_notice_—_Speragen_(AST-001)_MFDS_product_approval_application
asset::ast-001_(speragen),source::https_www.astrogen.co.kr_eng_subpages_news_press.html_board_id=board_bp_10bba0f9,USES_SOURCE,E4,Source__Astrogen_June_2026_press_release_—_Speragen_awaiting_MFDS_result
scorecard::ast-001_(speragen)_20260819,source::https_www.astrogen.co.kr_eng_subpages_news_press.html_board_id=board_bp_10bba0f9,SUPPORTS_SCORE,E4,Source__Astrogen_June_2026_press_release_—_Speragen_awaiting_MFDS_result
asset::ast-001_(speragen),source::https_clinicaltrials.gov_study_nct06333964,USES_SOURCE,E4,Source__ClinicalTrials.gov_NCT06333964_—_AST-001_Phase_3
scorecard::ast-001_(speragen)_20260819,source::https_clinicaltrials.gov_study_nct06333964,SUPPORTS_SCORE,E4,Source__ClinicalTrials.gov_NCT06333964_—_AST-001_Phase_3
asset::ast-001_(speragen),source::https_pubmed.ncbi.nlm.nih.gov_39425256,USES_SOURCE,E4,Source__AST-001_versus_placebo_for_social_communication_in_children_with_ASD
scorecard::ast-001_(speragen)_20260819,source::https_pubmed.ncbi.nlm.nih.gov_39425256,SUPPORTS_SCORE,E4,Source__AST-001_versus_placebo_for_social_communication_in_children_with_ASD
asset::ast-001_(speragen),source::https_www.mdpi.com_2227-9059_11_12_3283,USES_SOURCE,E4,Source__AST-001_Improves_Social_Deficits_and_Restores_Dopamine_Neuron_Activity_369b54f8
scorecard::ast-001_(speragen)_20260819,source::https_www.mdpi.com_2227-9059_11_12_3283,SUPPORTS_SCORE,E4,Source__AST-001_Improves_Social_Deficits_and_Restores_Dopamine_Neuron_Activity_369b54f8
asset::ast-001_(speragen),source::https_www.frontiersin.org_journals_pharmacology_articles_10.3389_fphar._7743bbe4,USES_SOURCE,E4,Source__Population_PK_PD_model_guided_weight-tiered_dose_of_AST-001_in_pediatric_ASD
scorecard::ast-001_(speragen)_20260819,source::https_www.frontiersin.org_journals_pharmacology_articles_10.3389_fphar._7743bbe4,SUPPORTS_SCORE,E4,Source__Population_PK_PD_model_guided_weight-tiered_dose_of_AST-001_in_pediatric_ASD
asset::ast-001_(speragen),source::https_pubmed.ncbi.nlm.nih.gov_42305848,USES_SOURCE,E4,Source__52-week_multicenter_long-term_follow-up_of_AST-001_in_children_with_ASD
scorecard::ast-001_(speragen)_20260819,source::https_pubmed.ncbi.nlm.nih.gov_42305848,SUPPORTS_SCORE,E4,Source__52-week_multicenter_long-term_follow-up_of_AST-001_in_children_with_ASD
asset::ast-001_(speragen),source::https_www.astrogen.co.kr_eng_subpages_news_press.html_board_id=board_bp_682e0d48,USES_SOURCE,E4,Source__Astrogen-Cigalah_exclusive_MENA_partnership_for_AST-001
scorecard::ast-001_(speragen)_20260819,source::https_www.astrogen.co.kr_eng_subpages_news_press.html_board_id=board_bp_682e0d48,SUPPORTS_SCORE,E4,Source__Astrogen-Cigalah_exclusive_MENA_partnership_for_AST-001
asset::ast-001_(speragen),source::https_pubmed.ncbi.nlm.nih.gov_42127326,USES_SOURCE,E4,"Source__Drug_development_in_autism_spectrum_disorder_genetic_heterogeneity,_fai_de899a76"
scorecard::ast-001_(speragen)_20260819,source::https_pubmed.ncbi.nlm.nih.gov_42127326,SUPPORTS_SCORE,E4,"Source__Drug_development_in_autism_spectrum_disorder_genetic_heterogeneity,_fai_de899a76"
asset::ast-001_(speragen),source::https_pubmed.ncbi.nlm.nih.gov_37794745,USES_SOURCE,E4,Source__Bumetanide_oral_solution_in_ASD_—_two_randomized_Phase_III_studies
scorecard::ast-001_(speragen)_20260819,source::https_pubmed.ncbi.nlm.nih.gov_37794745,SUPPORTS_SCORE,E4,Source__Bumetanide_oral_solution_in_ASD_—_two_randomized_Phase_III_studies
asset::ast-001_(speragen),source::https_clinicaltrials.gov_study_nct03887676,USES_SOURCE,E4,Source__ClinicalTrials.gov_NCT03887676_—_Arbaclofen_in_ASD
scorecard::ast-001_(speragen)_20260819,source::https_clinicaltrials.gov_study_nct03887676,SUPPORTS_SCORE,E4,Source__ClinicalTrials.gov_NCT03887676_—_Arbaclofen_in_ASD
asset::ast-001_(speragen),source::https_ir.maplightrx.com_news-releases_news-release-details_maplight-ann_4e295e86,USES_SOURCE,E4,Source__MapLight_Phase_2_IRIS_topline_results_for_ML-004_in_ASD
scorecard::ast-001_(speragen)_20260819,source::https_ir.maplightrx.com_news-releases_news-release-details_maplight-ann_4e295e86,SUPPORTS_SCORE,E4,Source__MapLight_Phase_2_IRIS_topline_results_for_ML-004_in_ASD
asset::ast-001_(speragen),source::https_pubmed.ncbi.nlm.nih.gov_42561512,USES_SOURCE,E4,Source__NTI164_Harmony_Phase_II_III_ASD_randomized_trial
scorecard::ast-001_(speragen)_20260819,source::https_pubmed.ncbi.nlm.nih.gov_42561512,SUPPORTS_SCORE,E4,Source__NTI164_Harmony_Phase_II_III_ASD_randomized_trial
asset::ast-001_(speragen),source::https_clinicaltrials.gov_study_nct07257939,USES_SOURCE,E4,Source__ClinicalTrials.gov_NCT07257939_—_NTI164_Phase_III_HarmonyPlus
scorecard::ast-001_(speragen)_20260819,source::https_clinicaltrials.gov_study_nct07257939,SUPPORTS_SCORE,E4,Source__ClinicalTrials.gov_NCT07257939_—_NTI164_Phase_III_HarmonyPlus
asset::ast-001_(speragen),source::ast001_gp_proposal.pptx,USES_SOURCE,E4,Source__AST001_GP_Proposal.pptx
scorecard::ast-001_(speragen)_20260819,source::ast001_gp_proposal.pptx,SUPPORTS_SCORE,E4,Source__AST001_GP_Proposal.pptx
asset::nm301,company::helixmith,OWNED_BY,E0,Scorecard__NM301__20260820
asset::nm301,target::hgf_c-met_signaling,TARGETS,E0,Scorecard__NM301__20260820
asset::nm301,"moa::aav9-mediated_expression_of_hgf_isoforms_for_neuroprotection,_axonal_re_c494c166",HAS_MOA,E0,Scorecard__NM301__20260820
asset::nm301,modality::gene_therapy,HAS_MODALITY,E0,Scorecard__NM301__20260820
asset::nm301,indication::amyotrophic_lateral_sclerosis,HAS_INDICATION,E0,Scorecard__NM301__20260820
asset::nm301,theme::others,MAPS_TO_THEME,E0,Scorecard__NM301__20260820
asset::nm301,cluster::others,MAPS_TO_CLUSTER,E0,Scorecard__NM301__20260820
asset::nm301,scorecard::nm301_20260820,HAS_SCORECARD,E0,Scorecard__NM301__20260820
asset::nm301,source::https_zdnet.co.kr_view_no=20230227171605,USES_SOURCE,E0,Source__Helixmith_NM301_ALS_gene-therapy_report
scorecard::nm301_20260820,source::https_zdnet.co.kr_view_no=20230227171605,SUPPORTS_SCORE,E0,Source__Helixmith_NM301_ALS_gene-therapy_report
asset::nm301,source::https_stockanalysis.com_quote_kosdaq_084990_company,USES_SOURCE,E0,Source__Helixmith_company_profile_pipeline_summary
scorecard::nm301_20260820,source::https_stockanalysis.com_quote_kosdaq_084990_company,SUPPORTS_SCORE,E0,Source__Helixmith_company_profile_pipeline_summary
asset::nm301,source::https_www.nature.com_articles_s41434-023-00383-4,USES_SOURCE,E0,Source__Intrathecal_rAAV-HGF_study_in_ALS_models
scorecard::nm301_20260820,source::https_www.nature.com_articles_s41434-023-00383-4,SUPPORTS_SCORE,E0,Source__Intrathecal_rAAV-HGF_study_in_ALS_models
asset::ar1001,company::aribio,OWNED_BY,E0,Scorecard__AR1001__20260820
asset::ar1001,target::pde5,TARGETS,E0,Scorecard__AR1001__20260820
asset::ar1001,moa::pde5_inhibition_with_cgmp-pathway_modulation_and_downstream_neuroprotec_a27d492f,HAS_MOA,E0,Scorecard__AR1001__20260820
asset::ar1001,modality::small_molecule,HAS_MODALITY,E0,Scorecard__AR1001__20260820
asset::ar1001,indication::early_alzheimer's_disease,HAS_INDICATION,E0,Scorecard__AR1001__20260820
asset::ar1001,theme::others,MAPS_TO_THEME,E0,Scorecard__AR1001__20260820
asset::ar1001,cluster::others,MAPS_TO_CLUSTER,E0,Scorecard__AR1001__20260820
asset::ar1001,scorecard::ar1001_20260820,HAS_SCORECARD,E0,Scorecard__AR1001__20260820
asset::ar1001,source::https_clinicaltrials.gov_study_nct05531526,USES_SOURCE,E0,Source__POLARIS-AD_Phase_3_registry
scorecard::ar1001_20260820,source::https_clinicaltrials.gov_study_nct05531526,SUPPORTS_SCORE,E0,Source__POLARIS-AD_Phase_3_registry
asset::ar1001,source::https_www.fujirebio.com_en_news-events_aribio-co-ltd-and-fujirebio-diag_a76a18b2,USES_SOURCE,E0,Source__AriBio-Fujirebio_POLARIS-AD_milestone
scorecard::ar1001_20260820,source::https_www.fujirebio.com_en_news-events_aribio-co-ltd-and-fujirebio-diag_a76a18b2,SUPPORTS_SCORE,E0,Source__AriBio-Fujirebio_POLARIS-AD_milestone
asset::ar1001,source::https_pmc.ncbi.nlm.nih.gov_articles_pmc11713056,USES_SOURCE,E0,Source__AR1001_PDE5_target-engagement_mechanistic_study
scorecard::ar1001_20260820,source::https_pmc.ncbi.nlm.nih.gov_articles_pmc11713056,SUPPORTS_SCORE,E0,Source__AR1001_PDE5_target-engagement_mechanistic_study
asset::ar1001,source::https_pmc.ncbi.nlm.nih.gov_articles_pmc12501329,USES_SOURCE,E0,Source__AR1001_Phase_2_clinical_results
scorecard::ar1001_20260820,source::https_pmc.ncbi.nlm.nih.gov_articles_pmc12501329,SUPPORTS_SCORE,E0,Source__AR1001_Phase_2_clinical_results
asset::ar1001,source::https_www.einpresswire.com_article_930926568_aribio-completes-treatment_46cdf868,USES_SOURCE,E0,Source__AR1001_Phase_3_treatment-phase_completion_update
scorecard::ar1001_20260820,source::https_www.einpresswire.com_article_930926568_aribio-completes-treatment_46cdf868,SUPPORTS_SCORE,E0,Source__AR1001_Phase_3_treatment-phase_completion_update
asset::gv1001,company::gemvax_&_kael,OWNED_BY,E0,Scorecard__GV1001__20260820
asset::gv1001,target::htert-derived_peptide;_pleiotropic_glial_signaling,TARGETS,E0,Scorecard__GV1001__20260820
asset::gv1001,"moa::modulation_of_microglial_migration_phagocytosis,_amyloid_handling_and_n_e8bf572c",HAS_MOA,E0,Scorecard__GV1001__20260820
asset::gv1001,modality::peptide,HAS_MODALITY,E0,Scorecard__GV1001__20260820
asset::gv1001,indication::alzheimer's_disease,HAS_INDICATION,E0,Scorecard__GV1001__20260820
asset::gv1001,theme::neuroimmune,MAPS_TO_THEME,E0,Scorecard__GV1001__20260820
asset::gv1001,cluster::unknown,MAPS_TO_CLUSTER,E0,Scorecard__GV1001__20260820
asset::gv1001,scorecard::gv1001_20260820,HAS_SCORECARD,E0,Scorecard__GV1001__20260820
asset::gv1001,source::https_www.gemvax.com_sub_pipeline.php,USES_SOURCE,E0,Source__GemVax_current_pipeline
scorecard::gv1001_20260820,source::https_www.gemvax.com_sub_pipeline.php,SUPPORTS_SCORE,E0,Source__GemVax_current_pipeline
asset::gv1001,source::https_clinicaltrials.gov_study_nct05189210,USES_SOURCE,E0,Source__GV1001_Phase_2_AD_registry
scorecard::gv1001_20260820,source::https_clinicaltrials.gov_study_nct05189210,SUPPORTS_SCORE,E0,Source__GV1001_Phase_2_AD_registry
asset::gv1001,source::https_gemvax.com_bbs_board.php_bo_table=releases_en&wr_id=8,USES_SOURCE,E0,Source__GemVax_GV1001_preclinical_mechanism_release
scorecard::gv1001_20260820,source::https_gemvax.com_bbs_board.php_bo_table=releases_en&wr_id=8,SUPPORTS_SCORE,E0,Source__GemVax_GV1001_preclinical_mechanism_release
asset::gv1001,source::https_zdnet.co.kr_view_no=20251107215446,USES_SOURCE,E0,Source__GV1001_Phase_2_CSR_outcome_report
scorecard::gv1001_20260820,source::https_zdnet.co.kr_view_no=20251107215446,SUPPORTS_SCORE,E0,Source__GV1001_Phase_2_CSR_outcome_report
asset::1st-103,company::1st_biotherapeutics_d&d_pharmatech,OWNED_BY,E0,Scorecard__1ST-103__20260820
asset::1st-103,target::ripk2,TARGETS,E0,Scorecard__1ST-103__20260820
asset::1st-103,moa::selective_brain-penetrant_ripk2_inhibition_to_reduce_neuroinflammation_4c8ebe1b,HAS_MOA,E0,Scorecard__1ST-103__20260820
asset::1st-103,modality::small_molecule,HAS_MODALITY,E0,Scorecard__1ST-103__20260820
asset::1st-103,indication::parkinson's_disease;_alzheimer's_disease,HAS_INDICATION,E0,Scorecard__1ST-103__20260820
asset::1st-103,theme::neuroimmune,MAPS_TO_THEME,E0,Scorecard__1ST-103__20260820
asset::1st-103,cluster::unknown,MAPS_TO_CLUSTER,E0,Scorecard__1ST-103__20260820
asset::1st-103,scorecard::1st-103_20260820,HAS_SCORECARD,E0,Scorecard__1ST-103__20260820
asset::1st-103,source::https_www.1stbio.com_rd-pipeline,USES_SOURCE,E0,Source__1ST_Biotherapeutics_R&D_pipeline
scorecard::1st-103_20260820,source::https_www.1stbio.com_rd-pipeline,SUPPORTS_SCORE,E0,Source__1ST_Biotherapeutics_R&D_pipeline
asset::1st-103,source::https_www.edaily.co.kr_news_read_mediacodeno=257&newsid=02735526645349864,USES_SOURCE,E0,Source__NLY02_(1ST-103)_program_report
scorecard::1st-103_20260820,source::https_www.edaily.co.kr_news_read_mediacodeno=257&newsid=02735526645349864,SUPPORTS_SCORE,E0,Source__NLY02_(1ST-103)_program_report
asset::1st-103,source::https_www.hankyung.com_article_202603063094i,USES_SOURCE,E0,Source__NLY02_2026_program_update
scorecard::1st-103_20260820,source::https_www.hankyung.com_article_202603063094i,SUPPORTS_SCORE,E0,Source__NLY02_2026_program_update
asset::1st-103,source::https_www.ddpharmatech.com_board_board.php_bo_table=press&idx=57,USES_SOURCE,E0,Source__NLY02_Parkinson_model_efficacy_update
scorecard::1st-103_20260820,source::https_www.ddpharmatech.com_board_board.php_bo_table=press&idx=57,SUPPORTS_SCORE,E0,Source__NLY02_Parkinson_model_efficacy_update
asset::pf1802,company::immunoforge,OWNED_BY,E0,Scorecard__PF1802__20260820
asset::pf1802,target::glp-1r_and_igf-1r,TARGETS,E0,Scorecard__PF1802__20260820
asset::pf1802,moa::dual-ligand_fc-fusion_agonism_of_glp-1r_igf-1r_signaling,HAS_MOA,E0,Scorecard__PF1802__20260820
asset::pf1802,modality::protein_biologic,HAS_MODALITY,E0,Scorecard__PF1802__20260820
asset::pf1802,indication::amyotrophic_lateral_sclerosis,HAS_INDICATION,E0,Scorecard__PF1802__20260820
asset::pf1802,theme::others,MAPS_TO_THEME,E0,Scorecard__PF1802__20260820
asset::pf1802,cluster::others,MAPS_TO_CLUSTER,E0,Scorecard__PF1802__20260820
asset::pf1802,scorecard::pf1802_20260820,HAS_SCORECARD,E0,Scorecard__PF1802__20260820
asset::pf1802,source::https_www.immunoforge.com_en_m21.php_slide=1,USES_SOURCE,E0,Source__ImmunoForge_PF1802_pipeline
scorecard::pf1802_20260820,source::https_www.immunoforge.com_en_m21.php_slide=1,SUPPORTS_SCORE,E0,Source__ImmunoForge_PF1802_pipeline
asset::pf1802,source::https_www.immunoforge.com_m22.php,USES_SOURCE,E0,Source__ImmunoForge_ongoing_PF1802_project_listing
scorecard::pf1802_20260820,source::https_www.immunoforge.com_m22.php,SUPPORTS_SCORE,E0,Source__ImmunoForge_ongoing_PF1802_project_listing
asset::pf1802,source::https_patents.justia.com_patent_20250289861,USES_SOURCE,E0,Source__PF1802_patent_application
scorecard::pf1802_20260820,source::https_patents.justia.com_patent_20250289861,SUPPORTS_SCORE,E0,Source__PF1802_patent_application
asset::cp-108,company::bukwang_pharmaceutical_contera_pharma,OWNED_BY,E0,Scorecard__CP-108__20260820
asset::cp-108,target::unknown,TARGETS,E0,Scorecard__CP-108__20260820
asset::cp-108,moa::unknown,HAS_MOA,E0,Scorecard__CP-108__20260820
asset::cp-108,modality::unknown,HAS_MODALITY,E0,Scorecard__CP-108__20260820
asset::cp-108,indication::amyotrophic_lateral_sclerosis,HAS_INDICATION,E0,Scorecard__CP-108__20260820
asset::cp-108,theme::unknown,MAPS_TO_THEME,E0,Scorecard__CP-108__20260820
asset::cp-108,cluster::unknown,MAPS_TO_CLUSTER,E0,Scorecard__CP-108__20260820
asset::cp-108,scorecard::cp-108_20260820,HAS_SCORECARD,E0,Scorecard__CP-108__20260820
asset::cp-108,source::https_www.ceoscoredaily.com_page_view_2026031616221966120,USES_SOURCE,E0,Source__Bukwang_Contera_CP-108_development_pause_report
scorecard::cp-108_20260820,source::https_www.ceoscoredaily.com_page_view_2026031616221966120,SUPPORTS_SCORE,E0,Source__Bukwang_Contera_CP-108_development_pause_report
asset::bmd-002,company::biorchestra,OWNED_BY,E0,Scorecard__BMD-002__20260820
asset::bmd-002,target::undisclosed,TARGETS,E0,Scorecard__BMD-002__20260820
asset::bmd-002,moa::aso_rna_interference_delivered_with_bdds;_molecular_target_undisclosed,HAS_MOA,E0,Scorecard__BMD-002__20260820
asset::bmd-002,modality::rna_therapy,HAS_MODALITY,E0,Scorecard__BMD-002__20260820
asset::bmd-002,indication::epilepsy;_drug-resistant_epilepsy_including_lgs_dravet_positioning,HAS_INDICATION,E0,Scorecard__BMD-002__20260820
asset::bmd-002,theme::unknown,MAPS_TO_THEME,E0,Scorecard__BMD-002__20260820
asset::bmd-002,cluster::unknown,MAPS_TO_CLUSTER,E0,Scorecard__BMD-002__20260820
asset::bmd-002,scorecard::bmd-002_20260820,HAS_SCORECARD,E0,Scorecard__BMD-002__20260820
asset::bmd-002,source::https_synapse.patsnap.com_organization_fad77fee67d0c59de233cd979ab252f5,USES_SOURCE,E0,Source__BIORCHESTRA_pipeline_snapshot
scorecard::bmd-002_20260820,source::https_synapse.patsnap.com_organization_fad77fee67d0c59de233cd979ab252f5,SUPPORTS_SCORE,E0,Source__BIORCHESTRA_pipeline_snapshot
asset::bmd-002,source::https_www.linkedin.com_posts_david-c-oxley_epilepsy-jpm25-lennoxgastaut_9901b023,USES_SOURCE,E0,Source__BMD-002_epilepsy_preclinical_update
scorecard::bmd-002_20260820,source::https_www.linkedin.com_posts_david-c-oxley_epilepsy-jpm25-lennoxgastaut_9901b023,SUPPORTS_SCORE,E0,Source__BMD-002_epilepsy_preclinical_update
asset::bmd-002,source::https_oligonucleotides-cns.com_sponsor_biorchestra,USES_SOURCE,E0,Source__BIORCHESTRA_CNS_partnering_profile
scorecard::bmd-002_20260820,source::https_oligonucleotides-cns.com_sponsor_biorchestra,SUPPORTS_SCORE,E0,Source__BIORCHESTRA_CNS_partnering_profile
asset::gxc-303,company::genixcure,OWNED_BY,E0,Scorecard__GXC-303__20260820
asset::gxc-303,target::stmn2,TARGETS,E0,Scorecard__GXC-303__20260820
asset::gxc-303,moa::aav-mediated_restoration_of_stmn2_to_support_axonal_regeneration,HAS_MOA,E0,Scorecard__GXC-303__20260820
asset::gxc-303,modality::gene_therapy,HAS_MODALITY,E0,Scorecard__GXC-303__20260820
asset::gxc-303,indication::amyotrophic_lateral_sclerosis,HAS_INDICATION,E0,Scorecard__GXC-303__20260820
asset::gxc-303,theme::others,MAPS_TO_THEME,E0,Scorecard__GXC-303__20260820
asset::gxc-303,cluster::others,MAPS_TO_CLUSTER,E0,Scorecard__GXC-303__20260820
asset::gxc-303,scorecard::gxc-303_20260820,HAS_SCORECARD,E0,Scorecard__GXC-303__20260820
asset::gxc-303,source::https_www.genix-cure.com,USES_SOURCE,E0,Source__GenixCure_current_pipeline
scorecard::gxc-303_20260820,source::https_www.genix-cure.com,SUPPORTS_SCORE,E0,Source__GenixCure_current_pipeline
asset::gxc-303,source::https_v.daum.net_v_20240912143101214,USES_SOURCE,E0,Source__GXC-303_ALS_program_report
scorecard::gxc-303_20260820,source::https_v.daum.net_v_20240912143101214,SUPPORTS_SCORE,E0,Source__GXC-303_ALS_program_report
asset::oc514,company::oncocross,OWNED_BY,E0,Scorecard__OC514__20260820
asset::oc514,target::unknown,TARGETS,E0,Scorecard__OC514__20260820
asset::oc514,moa::undisclosed_drug-drug_combination_mechanism,HAS_MOA,E0,Scorecard__OC514__20260820
asset::oc514,modality::unknown,HAS_MODALITY,E0,Scorecard__OC514__20260820
asset::oc514,indication::sarcopenia;_amyotrophic_lateral_sclerosis;_muscular_dystrophy,HAS_INDICATION,E0,Scorecard__OC514__20260820
asset::oc514,theme::unknown,MAPS_TO_THEME,E0,Scorecard__OC514__20260820
asset::oc514,cluster::unknown,MAPS_TO_CLUSTER,E0,Scorecard__OC514__20260820
asset::oc514,scorecard::oc514_20260820,HAS_SCORECARD,E0,Scorecard__OC514__20260820
asset::oc514,source::https_synapse.patsnap.com_drug_f188cf3357124d1bb39f81ea058fca83,USES_SOURCE,E0,Source__OC514_current_drug_profile
scorecard::oc514_20260820,source::https_synapse.patsnap.com_drug_f188cf3357124d1bb39f81ea058fca83,SUPPORTS_SCORE,E0,Source__OC514_current_drug_profile
asset::oc514,source::https_www.oncocross.com_en_history,USES_SOURCE,E0,Source__Oncocross_corporate_history
scorecard::oc514_20260820,source::https_www.oncocross.com_en_history,SUPPORTS_SCORE,E0,Source__Oncocross_corporate_history
asset::mdh-014,company::md_healthcare,OWNED_BY,E0,Scorecard__MDH-014__20260820
asset::mdh-014,target::proteostasis_ampk-associated_organelle_homeostasis,TARGETS,E0,Scorecard__MDH-014__20260820
asset::mdh-014,moa::microbial_extracellular_vesicle-mediated_restoration_of_proteostasis_an_e18a9187,HAS_MOA,E0,Scorecard__MDH-014__20260820
asset::mdh-014,modality::other,HAS_MODALITY,E0,Scorecard__MDH-014__20260820
asset::mdh-014,indication::parkinson's_disease,HAS_INDICATION,E0,Scorecard__MDH-014__20260820
asset::mdh-014,theme::protein_homeostasis,MAPS_TO_THEME,E0,Scorecard__MDH-014__20260820
asset::mdh-014,cluster::unknown,MAPS_TO_CLUSTER,E0,Scorecard__MDH-014__20260820
asset::mdh-014,scorecard::mdh-014_20260820,HAS_SCORECARD,E0,Scorecard__MDH-014__20260820
asset::mdh-014,source::https_www.yakup.com_news_index.html_cat=all&mode=view&nid=301187,USES_SOURCE,E0,Source__MDH-014_Australia_IND_report
scorecard::mdh-014_20260820,source::https_www.yakup.com_news_index.html_cat=all&mode=view&nid=301187,SUPPORTS_SCORE,E0,Source__MDH-014_Australia_IND_report
asset::mdh-014,source::https_www.edaily.co.kr_news_read_mediacodeno=257&newsid=04241046639058168,USES_SOURCE,E0,Source__MDH-014_clinical-entry_report
scorecard::mdh-014_20260820,source::https_www.edaily.co.kr_news_read_mediacodeno=257&newsid=04241046639058168,SUPPORTS_SCORE,E0,Source__MDH-014_clinical-entry_report
asset::go-102,company::generoath,OWNED_BY,E0,Scorecard__GO-102__20260820
asset::go-102,target::aimp2_pathway_via_aimp2-dx2,TARGETS,E0,Scorecard__GO-102__20260820
asset::go-102,moa::intrathecal_scaav_expression_of_aimp2-dx2_to_antagonize_pro-apoptotic_a_5bd57d9c,HAS_MOA,E0,Scorecard__GO-102__20260820
asset::go-102,modality::gene_therapy,HAS_MODALITY,E0,Scorecard__GO-102__20260820
asset::go-102,indication::amyotrophic_lateral_sclerosis,HAS_INDICATION,E0,Scorecard__GO-102__20260820
asset::go-102,theme::others,MAPS_TO_THEME,E0,Scorecard__GO-102__20260820
asset::go-102,cluster::others,MAPS_TO_CLUSTER,E0,Scorecard__GO-102__20260820
asset::go-102,scorecard::go-102_20260820,HAS_SCORECARD,E0,Scorecard__GO-102__20260820
asset::go-102,source::https_www.generoath.com_m22.php,USES_SOURCE,E0,Source__Generoath_GO-102_pipeline
scorecard::go-102_20260820,source::https_www.generoath.com_m22.php,SUPPORTS_SCORE,E0,Source__Generoath_GO-102_pipeline
asset::go-102,source::https_patents.google.com_patent_ep4221759a1_en,USES_SOURCE,E0,Source__GO-102_AIMP2-DX2_patent
scorecard::go-102_20260820,source::https_patents.google.com_patent_ep4221759a1_en,SUPPORTS_SCORE,E0,Source__GO-102_AIMP2-DX2_patent
asset::ng201,company::neuracle_genetics_(now_elisigen),OWNED_BY,E0,Scorecard__NG201__20260820
asset::ng201,target::unknown,TARGETS,E0,Scorecard__NG201__20260820
asset::ng201,moa::unknown,HAS_MOA,E0,Scorecard__NG201__20260820
asset::ng201,modality::gene_therapy,HAS_MODALITY,E0,Scorecard__NG201__20260820
asset::ng201,indication::neuropathic_pain,HAS_INDICATION,E0,Scorecard__NG201__20260820
asset::ng201,theme::unknown,MAPS_TO_THEME,E0,Scorecard__NG201__20260820
asset::ng201,cluster::unknown,MAPS_TO_CLUSTER,E0,Scorecard__NG201__20260820
asset::ng201,scorecard::ng201_20260820,HAS_SCORECARD,E0,Scorecard__NG201__20260820
asset::ng201,source::https_informaconnect.com_bio-europe-lead-retrieval_agenda_4,USES_SOURCE,E0,Source__Neuracle_Genetics_NG201_partnering_profile
scorecard::ng201_20260820,source::https_informaconnect.com_bio-europe-lead-retrieval_agenda_4,SUPPORTS_SCORE,E0,Source__Neuracle_Genetics_NG201_partnering_profile
asset::ng201,source::https_www.elisigen.com_en_pipeline,USES_SOURCE,E0,Source__Elisigen_current_pipeline
scorecard::ng201_20260820,source::https_www.elisigen.com_en_pipeline,SUPPORTS_SCORE,E0,Source__Elisigen_current_pipeline
asset::ng201,source::https_www.biospectator.com_news_view_27341,USES_SOURCE,E0,Source__Neuracle_Genetics_to_Elisigen_rename_report
scorecard::ng201_20260820,source::https_www.biospectator.com_news_view_27341,SUPPORTS_SCORE,E0,Source__Neuracle_Genetics_to_Elisigen_rename_report
asset::vrn04-2,company::voronoi_anvia_therapeutics,OWNED_BY,E0,Scorecard__VRN04-2__20260820
asset::vrn04-2,target::ripk1,TARGETS,E0,Scorecard__VRN04-2__20260820
asset::vrn04-2,moa::brain-penetrant_ripk1_inhibition_to_suppress_neuroinflammation_and_necroptosis,HAS_MOA,E0,Scorecard__VRN04-2__20260820
asset::vrn04-2,modality::small_molecule,HAS_MODALITY,E0,Scorecard__VRN04-2__20260820
asset::vrn04-2,indication::multiple_sclerosis;_amyotrophic_lateral_sclerosis,HAS_INDICATION,E0,Scorecard__VRN04-2__20260820
asset::vrn04-2,theme::neuroimmune,MAPS_TO_THEME,E0,Scorecard__VRN04-2__20260820
asset::vrn04-2,cluster::unknown,MAPS_TO_CLUSTER,E0,Scorecard__VRN04-2__20260820
asset::vrn04-2,scorecard::vrn04-2_20260820,HAS_SCORECARD,E0,Scorecard__VRN04-2__20260820
asset::vrn04-2,source::https_voronoi.io_en_pipeline.html,USES_SOURCE,E0,Source__Voronoi_current_pipeline
scorecard::vrn04-2_20260820,source::https_voronoi.io_en_pipeline.html,SUPPORTS_SCORE,E0,Source__Voronoi_current_pipeline
asset::vrn04-2,source::https_stockanalysis.com_quote_kosdaq_310210_company,USES_SOURCE,E0,Source__Voronoi_company_profile_including_VRN04-2
scorecard::vrn04-2_20260820,source::https_stockanalysis.com_quote_kosdaq_310210_company,SUPPORTS_SCORE,E0,Source__Voronoi_company_profile_including_VRN04-2
asset::vrn04-2,source::https_www.awakeplus.co.kr_data_view_20250918900276,USES_SOURCE,E0,Source__VRN04_asset_transfer_report
scorecard::vrn04-2_20260820,source::https_www.awakeplus.co.kr_data_view_20250918900276,SUPPORTS_SCORE,E0,Source__VRN04_asset_transfer_report
asset::vrn04-2,source::https_pmc.ncbi.nlm.nih.gov_articles_pmc9372423,USES_SOURCE,E0,Source__Clinical_target_engagement_of_CNS-penetrant_RIPK1_inhibitor
scorecard::vrn04-2_20260820,source::https_pmc.ncbi.nlm.nih.gov_articles_pmc9372423,SUPPORTS_SCORE,E0,Source__Clinical_target_engagement_of_CNS-penetrant_RIPK1_inhibitor
asset::meloxicam,company::animuscure,OWNED_BY,E0,Scorecard__Meloxicam__20260820
asset::meloxicam,target::unknown,TARGETS,E0,Scorecard__Meloxicam__20260820
asset::meloxicam,moa::unknown,HAS_MOA,E0,Scorecard__Meloxicam__20260820
asset::meloxicam,modality::unknown,HAS_MODALITY,E0,Scorecard__Meloxicam__20260820
asset::meloxicam,indication::sarcopenia_research_association;_pipeline_linkage_unverified,HAS_INDICATION,E0,Scorecard__Meloxicam__20260820
asset::meloxicam,theme::unknown,MAPS_TO_THEME,E0,Scorecard__Meloxicam__20260820
asset::meloxicam,cluster::unknown,MAPS_TO_CLUSTER,E0,Scorecard__Meloxicam__20260820
asset::meloxicam,scorecard::meloxicam_20260820,HAS_SCORECARD,E0,Scorecard__Meloxicam__20260820
asset::meloxicam,source::https_www.animuscure.com_pipelines-en,USES_SOURCE,E0,Source__AniMusCure_current_pipeline
scorecard::meloxicam_20260820,source::https_www.animuscure.com_pipelines-en,SUPPORTS_SCORE,E0,Source__AniMusCure_current_pipeline
asset::meloxicam,source::https_pubmed.ncbi.nlm.nih.gov_42587039,USES_SOURCE,E0,Source__Meloxicam_sarcopenia_study_with_AniMusCure_affiliation
scorecard::meloxicam_20260820,source::https_pubmed.ncbi.nlm.nih.gov_42587039,SUPPORTS_SCORE,E0,Source__Meloxicam_sarcopenia_study_with_AniMusCure_affiliation
asset::meloxicam,company::reyon_pharmaceutical,OWNED_BY,E0,Scorecard__Meloxicam__20260820
asset::meloxicam,target::unknown,TARGETS,E0,Scorecard__Meloxicam__20260820
asset::meloxicam,moa::unknown,HAS_MOA,E0,Scorecard__Meloxicam__20260820
asset::meloxicam,modality::unknown,HAS_MODALITY,E0,Scorecard__Meloxicam__20260820
asset::meloxicam,indication::unknown,HAS_INDICATION,E0,Scorecard__Meloxicam__20260820
asset::meloxicam,theme::unknown,MAPS_TO_THEME,E0,Scorecard__Meloxicam__20260820
asset::meloxicam,cluster::unknown,MAPS_TO_CLUSTER,E0,Scorecard__Meloxicam__20260820
asset::meloxicam,scorecard::meloxicam_20260820,HAS_SCORECARD,E0,Scorecard__Meloxicam__20260820
asset::meloxicam,source::https_www.marketscreener.com_news_reyon-pharmaceutical-co-ltd-reports-e_fe9edcc0,USES_SOURCE,E0,Source__Reyon_Pharmaceutical_2025_company_earnings_profile
scorecard::meloxicam_20260820,source::https_www.marketscreener.com_news_reyon-pharmaceutical-co-ltd-reports-e_fe9edcc0,SUPPORTS_SCORE,E0,Source__Reyon_Pharmaceutical_2025_company_earnings_profile
asset::meloxicam,source::https_www.reyonpharm.co.kr_en_product_productlist.do,USES_SOURCE,E0,Source__Reyon_Pharmaceutical_product_listing
scorecard::meloxicam_20260820,source::https_www.reyonpharm.co.kr_en_product_productlist.do,SUPPORTS_SCORE,E0,Source__Reyon_Pharmaceutical_product_listing
asset::zcs1,company::zincure,OWNED_BY,E0,Scorecard__ZCS1__20260820
asset::zcs1,target::v-atpase_lysosomal_acidification_axis,TARGETS,E0,Scorecard__ZCS1__20260820
asset::zcs1,moa::peptide-driven_lysosome_activation_and_autophagic_clearance_of_toxic_pr_84ba0852,HAS_MOA,E0,Scorecard__ZCS1__20260820
asset::zcs1,modality::peptide,HAS_MODALITY,E0,Scorecard__ZCS1__20260820
asset::zcs1,indication::amyotrophic_lateral_sclerosis,HAS_INDICATION,E0,Scorecard__ZCS1__20260820
asset::zcs1,theme::protein_homeostasis,MAPS_TO_THEME,E0,Scorecard__ZCS1__20260820
asset::zcs1,cluster::unknown,MAPS_TO_CLUSTER,E0,Scorecard__ZCS1__20260820
asset::zcs1,scorecard::zcs1_20260820,HAS_SCORECARD,E0,Scorecard__ZCS1__20260820
asset::zcs1,source::https_www.zincure.com,USES_SOURCE,E0,Source__Zincure_current_pipeline
scorecard::zcs1_20260820,source::https_www.zincure.com,SUPPORTS_SCORE,E0,Source__Zincure_current_pipeline
asset::zcs1,source::https_www.zincure.com_en_amyotrophic-lateral-sclerosis,USES_SOURCE,E0,Source__Zincure_ALS_program_page
scorecard::zcs1_20260820,source::https_www.zincure.com_en_amyotrophic-lateral-sclerosis,SUPPORTS_SCORE,E0,Source__Zincure_ALS_program_page
asset::zcs1,source::https_www.nature.com_articles_d43747-025-00051-z,USES_SOURCE,E0,Source__Nature_Biopharma_Dealmakers_Zincure_profile
scorecard::zcs1_20260820,source::https_www.nature.com_articles_d43747-025-00051-z,SUPPORTS_SCORE,E0,Source__Nature_Biopharma_Dealmakers_Zincure_profile
asset::zcs1,source::https_m.biospectator.com_view_news_view.php_varatcid=29170,USES_SOURCE,E0,Source__ZCS1_2026_preclinical_project_selection_report
scorecard::zcs1_20260820,source::https_m.biospectator.com_view_news_view.php_varatcid=29170,SUPPORTS_SCORE,E0,Source__ZCS1_2026_preclinical_project_selection_report
asset::bsc-3301,company::bisichem,OWNED_BY,E0,Scorecard__BSC-3301__20260820
asset::bsc-3301,target::ripk1,TARGETS,E0,Scorecard__BSC-3301__20260820
asset::bsc-3301,moa::ripk1_kinase_inhibition_to_suppress_neuroinflammation_and_programmed_cell_death,HAS_MOA,E0,Scorecard__BSC-3301__20260820
asset::bsc-3301,modality::small_molecule,HAS_MODALITY,E0,Scorecard__BSC-3301__20260820
asset::bsc-3301,indication::dry_age-related_macular_degeneration;_wet_age-related_macular_degenerat_47b657a5,HAS_INDICATION,E0,Scorecard__BSC-3301__20260820
asset::bsc-3301,theme::neuroimmune,MAPS_TO_THEME,E0,Scorecard__BSC-3301__20260820
asset::bsc-3301,cluster::unknown,MAPS_TO_CLUSTER,E0,Scorecard__BSC-3301__20260820
asset::bsc-3301,scorecard::bsc-3301_20260820,HAS_SCORECARD,E0,Scorecard__BSC-3301__20260820
asset::bsc-3301,source::https_synapse.zhihuiya.com_drug_d8ab8e06d2e34992aba307aaf032e5b2,USES_SOURCE,E0,Source__BSC-3301_current_profile
scorecard::bsc-3301_20260820,source::https_synapse.zhihuiya.com_drug_d8ab8e06d2e34992aba307aaf032e5b2,SUPPORTS_SCORE,E0,Source__BSC-3301_current_profile
asset::bsc-3301,source::https_www.hankyung.com_article_202403086495i,USES_SOURCE,E0,Source__BiSiChem_BSC-3301_report
scorecard::bsc-3301_20260820,source::https_www.hankyung.com_article_202403086495i,SUPPORTS_SCORE,E0,Source__BiSiChem_BSC-3301_report
asset::bsc-3301,source::https_pmc.ncbi.nlm.nih.gov_articles_pmc8917516,USES_SOURCE,E0,Source__RIPK1_inhibition_and_MS_neuroinflammation_study
scorecard::bsc-3301_20260820,source::https_pmc.ncbi.nlm.nih.gov_articles_pmc8917516,SUPPORTS_SCORE,E0,Source__RIPK1_inhibition_and_MS_neuroinflammation_study
asset::bsc-3301,source::https_pmc.ncbi.nlm.nih.gov_articles_pmc9372423,USES_SOURCE,E0,Source__Clinical_target_engagement_of_CNS-penetrant_RIPK1_inhibitor
scorecard::bsc-3301_20260820,source::https_pmc.ncbi.nlm.nih.gov_articles_pmc9372423,SUPPORTS_SCORE,E0,Source__Clinical_target_engagement_of_CNS-penetrant_RIPK1_inhibitor
asset::ndc-011,company::dr._noah_biotech,OWNED_BY,E0,Scorecard__NDC-011__20260820
asset::ndc-011,target::multi-target_combination;_pi3k-linked_neuroprotection,TARGETS,E0,Scorecard__NDC-011__20260820
asset::ndc-011,moa::combination_therapy_producing_pi3k-dependent_neuronal_protection_and_al_425783b0,HAS_MOA,E0,Scorecard__NDC-011__20260820
asset::ndc-011,modality::small_molecule,HAS_MODALITY,E0,Scorecard__NDC-011__20260820
asset::ndc-011,indication::amyotrophic_lateral_sclerosis,HAS_INDICATION,E0,Scorecard__NDC-011__20260820
asset::ndc-011,theme::others,MAPS_TO_THEME,E0,Scorecard__NDC-011__20260820
asset::ndc-011,cluster::others,MAPS_TO_CLUSTER,E0,Scorecard__NDC-011__20260820
asset::ndc-011,scorecard::ndc-011_20260820,HAS_SCORECARD,E0,Scorecard__NDC-011__20260820
asset::ndc-011,source::https_www.drnoahbiotech.com_en_sub_pipeline.php,USES_SOURCE,E0,Source__Dr._Noah_NDC-011_pipeline
scorecard::ndc-011_20260820,source::https_www.drnoahbiotech.com_en_sub_pipeline.php,SUPPORTS_SCORE,E0,Source__Dr._Noah_NDC-011_pipeline
asset::ndc-011,source::https_pr.taosnews.com_article_drnoah-biotechs-ai-driven-als-medicine-re_7fbd4be1,USES_SOURCE,E0,Source__NDC-011_FDA_IND_clearance_release
scorecard::ndc-011_20260820,source::https_pr.taosnews.com_article_drnoah-biotechs-ai-driven-als-medicine-re_7fbd4be1,SUPPORTS_SCORE,E0,Source__NDC-011_FDA_IND_clearance_release
asset::ndc-011,source::https_pmc.ncbi.nlm.nih.gov_articles_pmc10684847,USES_SOURCE,E0,Source__NDC-011_combination_mechanistic_study
scorecard::ndc-011_20260820,source::https_pmc.ncbi.nlm.nih.gov_articles_pmc10684847,SUPPORTS_SCORE,E0,Source__NDC-011_combination_mechanistic_study
asset::ndc-011,source::https_alsnewstoday.com_news_phase-1-testing-ndc-011-dual-combination-al_c85f55a0,USES_SOURCE,E0,Source__NDC-011_ALS_preclinical_IND_report
scorecard::ndc-011_20260820,source::https_alsnewstoday.com_news_phase-1-testing-ndc-011-dual-combination-al_c85f55a0,SUPPORTS_SCORE,E0,Source__NDC-011_ALS_preclinical_IND_report
asset::dg-als-t1,company::deargen,OWNED_BY,E0,Scorecard__DG-ALS-T1__20260820
asset::dg-als-t1,target::unknown,TARGETS,E0,Scorecard__DG-ALS-T1__20260820
asset::dg-als-t1,moa::unknown,HAS_MOA,E0,Scorecard__DG-ALS-T1__20260820
asset::dg-als-t1,modality::small_molecule,HAS_MODALITY,E0,Scorecard__DG-ALS-T1__20260820
asset::dg-als-t1,indication::nervous_system_diseases;_specific_indication_unconfirmed,HAS_INDICATION,E0,Scorecard__DG-ALS-T1__20260820
asset::dg-als-t1,theme::unknown,MAPS_TO_THEME,E0,Scorecard__DG-ALS-T1__20260820
asset::dg-als-t1,cluster::unknown,MAPS_TO_CLUSTER,E0,Scorecard__DG-ALS-T1__20260820
asset::dg-als-t1,scorecard::dg-als-t1_20260820,HAS_SCORECARD,E0,Scorecard__DG-ALS-T1__20260820
asset::dg-als-t1,source::https_synapse.patsnap.com_drug_da0a312c0e4b4386b57e1bed0f7c5a17,USES_SOURCE,E0,Source__DG-ALS-T1_current_drug_profile
scorecard::dg-als-t1_20260820,source::https_synapse.patsnap.com_drug_da0a312c0e4b4386b57e1bed0f7c5a17,SUPPORTS_SCORE,E0,Source__DG-ALS-T1_current_drug_profile
asset::dg-als-t1,source::https_www.preqin.com_data_profile_asset_deargen-inc-_469138,USES_SOURCE,E0,Source__Deargen_company_program_profile
scorecard::dg-als-t1_20260820,source::https_www.preqin.com_data_profile_asset_deargen-inc-_469138,SUPPORTS_SCORE,E0,Source__Deargen_company_program_profile
asset::bey4101a,company::beyondbio,OWNED_BY,E0,Scorecard__BEY4101A__20260820
asset::bey4101a,target::unknown,TARGETS,E0,Scorecard__BEY4101A__20260820
asset::bey4101a,moa::unknown,HAS_MOA,E0,Scorecard__BEY4101A__20260820
asset::bey4101a,modality::unknown,HAS_MODALITY,E0,Scorecard__BEY4101A__20260820
asset::bey4101a,indication::alzheimer's_disease,HAS_INDICATION,E0,Scorecard__BEY4101A__20260820
asset::bey4101a,theme::unknown,MAPS_TO_THEME,E0,Scorecard__BEY4101A__20260820
asset::bey4101a,cluster::unknown,MAPS_TO_CLUSTER,E0,Scorecard__BEY4101A__20260820
asset::bey4101a,scorecard::bey4101a_20260820,HAS_SCORECARD,E0,Scorecard__BEY4101A__20260820
asset::bey4101a,source::https_www.beyondbio.co.kr_eng_sub_sub3_01.php,USES_SOURCE,E0,Source__BeyondBio_current_pipeline
scorecard::bey4101a_20260820,source::https_www.beyondbio.co.kr_eng_sub_sub3_01.php,SUPPORTS_SCORE,E0,Source__BeyondBio_current_pipeline
asset::bey4101a,source::https_synapse.patsnap.com_organization_2a5ca156d4cdacea745e83fd4df13640,USES_SOURCE,E0,Source__Synapse_BeyondBio_pipeline_profile
scorecard::bey4101a_20260820,source::https_synapse.patsnap.com_organization_2a5ca156d4cdacea745e83fd4df13640,SUPPORTS_SCORE,E0,Source__Synapse_BeyondBio_pipeline_profile
asset::sjp1801,company::samjin_pharmaceutical,OWNED_BY,E0,Scorecard__SJP1801__20260820
asset::sjp1801,target::unknown,TARGETS,E0,Scorecard__SJP1801__20260820
asset::sjp1801,moa::unknown,HAS_MOA,E0,Scorecard__SJP1801__20260820
asset::sjp1801,modality::unknown,HAS_MODALITY,E0,Scorecard__SJP1801__20260820
asset::sjp1801,indication::dementia;_parkinson's_disease,HAS_INDICATION,E0,Scorecard__SJP1801__20260820
asset::sjp1801,theme::unknown,MAPS_TO_THEME,E0,Scorecard__SJP1801__20260820
asset::sjp1801,cluster::unknown,MAPS_TO_CLUSTER,E0,Scorecard__SJP1801__20260820
asset::sjp1801,scorecard::sjp1801_20260820,HAS_SCORECARD,E0,Scorecard__SJP1801__20260820
asset::sjp1801,source::https_kind.krx.co.kr_external_2025_03_13_002010_20250313004581_11011.htm,USES_SOURCE,E0,Source__Samjin_Pharmaceutical_KRX_filing
scorecard::sjp1801_20260820,source::https_kind.krx.co.kr_external_2025_03_13_002010_20250313004581_11011.htm,SUPPORTS_SCORE,E0,Source__Samjin_Pharmaceutical_KRX_filing
asset::as-s701_as-701,company::amyloid_solution,OWNED_BY,E0,Scorecard__AS-S701_AS-701__20260820
asset::as-s701_as-701,target::aβ_app_and_tau_aggregates,TARGETS,E0,Scorecard__AS-S701_AS-701__20260820
asset::as-s701_as-701,moa::aβ_disaggregation_aggregate-directed_mechanism,HAS_MOA,E0,Scorecard__AS-S701_AS-701__20260820
asset::as-s701_as-701,modality::small_molecule,HAS_MODALITY,E0,Scorecard__AS-S701_AS-701__20260820
asset::as-s701_as-701,indication::alzheimer's_disease,HAS_INDICATION,E0,Scorecard__AS-S701_AS-701__20260820
asset::as-s701_as-701,theme::protein_homeostasis,MAPS_TO_THEME,E0,Scorecard__AS-S701_AS-701__20260820
asset::as-s701_as-701,cluster::unknown,MAPS_TO_CLUSTER,E0,Scorecard__AS-S701_AS-701__20260820
asset::as-s701_as-701,scorecard::as-s701_as-701_20260820,HAS_SCORECARD,E0,Scorecard__AS-S701_AS-701__20260820
asset::as-s701_as-701,source::https_bioagora.khidi.or.kr_mps_startupcompany_view_menuid=menu00300&use_fff7b831,USES_SOURCE,E0,Source__KHIDI_BioAgora_Amyloid_Solution_profile
scorecard::as-s701_as-701_20260820,source::https_bioagora.khidi.or.kr_mps_startupcompany_view_menuid=menu00300&use_fff7b831,SUPPORTS_SCORE,E0,Source__KHIDI_BioAgora_Amyloid_Solution_profile
asset::as-s701_as-701,source::https_synapse.zhihuiya.com_drug_c0f1b272885049559150beb07e3ef128,USES_SOURCE,E0,Source__Synapse_AS-701_profile
scorecard::as-s701_as-701_20260820,source::https_synapse.zhihuiya.com_drug_c0f1b272885049559150beb07e3ef128,SUPPORTS_SCORE,E0,Source__Synapse_AS-701_profile
asset::as-m801,company::amyloid_solution,OWNED_BY,E0,Scorecard__AS-M801__20260820
asset::as-m801,target::tlr2,TARGETS,E0,Scorecard__AS-M801__20260820
asset::as-m801,moa::tlr2_antagonistic_antibody;_microglial_phagocytosis_modulation,HAS_MOA,E0,Scorecard__AS-M801__20260820
asset::as-m801,modality::antibody,HAS_MODALITY,E0,Scorecard__AS-M801__20260820
asset::as-m801,indication::alzheimer's_disease;_parkinson's_disease,HAS_INDICATION,E0,Scorecard__AS-M801__20260820
asset::as-m801,theme::neuroimmune,MAPS_TO_THEME,E0,Scorecard__AS-M801__20260820
asset::as-m801,cluster::unknown,MAPS_TO_CLUSTER,E0,Scorecard__AS-M801__20260820
asset::as-m801,scorecard::as-m801_20260820,HAS_SCORECARD,E0,Scorecard__AS-M801__20260820
asset::as-m801,source::https_bioagora.khidi.or.kr_mps_startupcompany_view_menuid=menu00300&use_fff7b831,USES_SOURCE,E0,Source__KHIDI_BioAgora_Amyloid_Solution_profile
scorecard::as-m801_20260820,source::https_bioagora.khidi.or.kr_mps_startupcompany_view_menuid=menu00300&use_fff7b831,SUPPORTS_SCORE,E0,Source__KHIDI_BioAgora_Amyloid_Solution_profile
asset::as-m801,source::https_m.biospectator.com_view_news_view.php_varatcid=16199,USES_SOURCE,E0,Source__BioSpectator_AS-M801_article
scorecard::as-m801_20260820,source::https_m.biospectator.com_view_news_view.php_varatcid=16199,SUPPORTS_SCORE,E0,Source__BioSpectator_AS-M801_article
asset::ar1002,company::aribio,OWNED_BY,E0,Scorecard__AR1002__20260820
asset::ar1002,target::unknown,TARGETS,E0,Scorecard__AR1002__20260820
asset::ar1002,moa::unknown,HAS_MOA,E0,Scorecard__AR1002__20260820
asset::ar1002,modality::unknown,HAS_MODALITY,E0,Scorecard__AR1002__20260820
asset::ar1002,indication::unknown,HAS_INDICATION,E0,Scorecard__AR1002__20260820
asset::ar1002,theme::unknown,MAPS_TO_THEME,E0,Scorecard__AR1002__20260820
asset::ar1002,cluster::unknown,MAPS_TO_CLUSTER,E0,Scorecard__AR1002__20260820
asset::ar1002,scorecard::ar1002_20260820,HAS_SCORECARD,E0,Scorecard__AR1002__20260820
asset::1st-103_(nly02),company::1st_biotherapeutics,OWNED_BY,E0,Scorecard__1ST-103_(NLY02)__20260820
asset::1st-103_(nly02),target::ripk2,TARGETS,E0,Scorecard__1ST-103_(NLY02)__20260820
asset::1st-103_(nly02),moa::ripk2_inhibitor,HAS_MOA,E0,Scorecard__1ST-103_(NLY02)__20260820
asset::1st-103_(nly02),modality::small_molecule,HAS_MODALITY,E0,Scorecard__1ST-103_(NLY02)__20260820
asset::1st-103_(nly02),indication::parkinson's_disease;_alzheimer's_disease;_multiple_sclerosis_neuroinfla_dc2a50e6,HAS_INDICATION,E0,Scorecard__1ST-103_(NLY02)__20260820
asset::1st-103_(nly02),theme::neuroimmune,MAPS_TO_THEME,E0,Scorecard__1ST-103_(NLY02)__20260820
asset::1st-103_(nly02),cluster::unknown,MAPS_TO_CLUSTER,E0,Scorecard__1ST-103_(NLY02)__20260820
asset::1st-103_(nly02),scorecard::1st-103_(nly02)_20260820,HAS_SCORECARD,E0,Scorecard__1ST-103_(NLY02)__20260820
asset::1st-103_(nly02),source::https_www.1stbio.com_rd-pipeline,USES_SOURCE,E0,Source__1ST_Biotherapeutics_current_R&D_pipeline
scorecard::1st-103_(nly02)_20260820,source::https_www.1stbio.com_rd-pipeline,SUPPORTS_SCORE,E0,Source__1ST_Biotherapeutics_current_R&D_pipeline
asset::1st-103_(nly02),source::https_kind.krx.co.kr_external_dst_irreference_18082_%5b%eb%94%94%ec%95%_c66f44d5,USES_SOURCE,E0,Source__D&D_Pharmatech_2026_IR
scorecard::1st-103_(nly02)_20260820,source::https_kind.krx.co.kr_external_dst_irreference_18082_%5b%eb%94%94%ec%95%_c66f44d5,SUPPORTS_SCORE,E0,Source__D&D_Pharmatech_2026_IR
asset::acl-513_(ckd-513),company::chong_kun_dang,OWNED_BY,E0,Scorecard__ACL-513_(CKD-513)__20260820
asset::acl-513_(ckd-513),target::hdac6,TARGETS,E0,Scorecard__ACL-513_(CKD-513)__20260820
asset::acl-513_(ckd-513),moa::hdac6_inhibitor,HAS_MOA,E0,Scorecard__ACL-513_(CKD-513)__20260820
asset::acl-513_(ckd-513),modality::small_molecule,HAS_MODALITY,E0,Scorecard__ACL-513_(CKD-513)__20260820
asset::acl-513_(ckd-513),indication::neurological_disease,HAS_INDICATION,E0,Scorecard__ACL-513_(CKD-513)__20260820
asset::acl-513_(ckd-513),theme::unknown,MAPS_TO_THEME,E0,Scorecard__ACL-513_(CKD-513)__20260820
asset::acl-513_(ckd-513),cluster::unknown,MAPS_TO_CLUSTER,E0,Scorecard__ACL-513_(CKD-513)__20260820
asset::acl-513_(ckd-513),scorecard::acl-513_(ckd-513)_20260820,HAS_SCORECARD,E0,Scorecard__ACL-513_(CKD-513)__20260820
asset::acl-513_(ckd-513),source::https_www.ckdpharm.com_en_research_project.do,USES_SOURCE,E0,Source__Chong_Kun_Dang_current_R&D_pipeline
scorecard::acl-513_(ckd-513)_20260820,source::https_www.ckdpharm.com_en_research_project.do,SUPPORTS_SCORE,E0,Source__Chong_Kun_Dang_current_R&D_pipeline
asset::snr1611,company::genuv,OWNED_BY,E0,Scorecard__SNR1611__20260820
asset::snr1611,target::mek1_2,TARGETS,E0,Scorecard__SNR1611__20260820
asset::snr1611,moa::mek1_2_inhibitor;_neuroprotective_neuroregenerative_program,HAS_MOA,E0,Scorecard__SNR1611__20260820
asset::snr1611,modality::small_molecule,HAS_MODALITY,E0,Scorecard__SNR1611__20260820
asset::snr1611,indication::amyotrophic_lateral_sclerosis;_alzheimer's_disease,HAS_INDICATION,E0,Scorecard__SNR1611__20260820
asset::snr1611,theme::others,MAPS_TO_THEME,E0,Scorecard__SNR1611__20260820
asset::snr1611,cluster::others,MAPS_TO_CLUSTER,E0,Scorecard__SNR1611__20260820
asset::snr1611,scorecard::snr1611_20260820,HAS_SCORECARD,E0,Scorecard__SNR1611__20260820
asset::snr1611,source::https_genuv.com_pipeline_pipeline-en,USES_SOURCE,E0,Source__GENUV_current_pipeline
scorecard::snr1611_20260820,source::https_genuv.com_pipeline_pipeline-en,SUPPORTS_SCORE,E0,Source__GENUV_current_pipeline
asset::snr1611,source::https_genuv.com_tech_platform01-en,USES_SOURCE,E0,Source__GENUV_SNR_platform_page
scorecard::snr1611_20260820,source::https_genuv.com_tech_platform01-en,SUPPORTS_SCORE,E0,Source__GENUV_SNR_platform_page
asset::as-301,company::amyloid_solution,OWNED_BY,E0,Scorecard__AS-301__20260820
asset::as-301,target::tau,TARGETS,E0,Scorecard__AS-301__20260820
asset::as-301,moa::tau_inhibitor,HAS_MOA,E0,Scorecard__AS-301__20260820
asset::as-301,modality::gene_therapy,HAS_MODALITY,E0,Scorecard__AS-301__20260820
asset::as-301,indication::alzheimer's_disease,HAS_INDICATION,E0,Scorecard__AS-301__20260820
asset::as-301,theme::unknown,MAPS_TO_THEME,E0,Scorecard__AS-301__20260820
asset::as-301,cluster::unknown,MAPS_TO_CLUSTER,E0,Scorecard__AS-301__20260820
asset::as-301,scorecard::as-301_20260820,HAS_SCORECARD,E0,Scorecard__AS-301__20260820
asset::as-301,source::https_synapse.patsnap.com_drug_b5030398be0c470ea07ac49251fde808,USES_SOURCE,E0,Source__Synapse_AS-301_profile
scorecard::as-301_20260820,source::https_synapse.patsnap.com_drug_b5030398be0c470ea07ac49251fde808,SUPPORTS_SCORE,E0,Source__Synapse_AS-301_profile
asset::yhc2133,company::yuhan,OWNED_BY,E0,Scorecard__YHC2133__20260820
asset::yhc2133,target::unknown,TARGETS,E0,Scorecard__YHC2133__20260820
asset::yhc2133,moa::immune-response_modulation_against_cns_disease-causing_factor,HAS_MOA,E0,Scorecard__YHC2133__20260820
asset::yhc2133,modality::unknown,HAS_MODALITY,E0,Scorecard__YHC2133__20260820
asset::yhc2133,indication::alzheimer's_disease,HAS_INDICATION,E0,Scorecard__YHC2133__20260820
asset::yhc2133,theme::neuroimmune,MAPS_TO_THEME,E0,Scorecard__YHC2133__20260820
asset::yhc2133,cluster::unknown,MAPS_TO_CLUSTER,E0,Scorecard__YHC2133__20260820
asset::yhc2133,scorecard::yhc2133_20260820,HAS_SCORECARD,E0,Scorecard__YHC2133__20260820
asset::yhc2133,source::https_yuhan.co.kr_research_pipeline_top=y,USES_SOURCE,E0,Source__Yuhan_current_R&D_pipeline
scorecard::yhc2133_20260820,source::https_yuhan.co.kr_research_pipeline_top=y,SUPPORTS_SCORE,E0,Source__Yuhan_current_R&D_pipeline
asset::yhc2133,source::https_kind.krx.co.kr_external_2024_06_28_001185_20240628002143_%ec%9c%a_36f8355b,USES_SOURCE,E0,Source__Yuhan_2023-2024_sustainability_report
scorecard::yhc2133_20260820,source::https_kind.krx.co.kr_external_2024_06_28_001185_20240628002143_%ec%9c%a_36f8355b,SUPPORTS_SCORE,E0,Source__Yuhan_2023-2024_sustainability_report
"asset::intractable_brain_diseases_therapy,_dong-ast",company::dong-a_st,OWNED_BY,E0,"Scorecard__intractable_brain_diseases_therapy,_Dong-AST__20260820"
"asset::intractable_brain_diseases_therapy,_dong-ast",target::unknown,TARGETS,E0,"Scorecard__intractable_brain_diseases_therapy,_Dong-AST__20260820"
"asset::intractable_brain_diseases_therapy,_dong-ast",moa::unknown,HAS_MOA,E0,"Scorecard__intractable_brain_diseases_therapy,_Dong-AST__20260820"
"asset::intractable_brain_diseases_therapy,_dong-ast",modality::unknown,HAS_MODALITY,E0,"Scorecard__intractable_brain_diseases_therapy,_Dong-AST__20260820"
"asset::intractable_brain_diseases_therapy,_dong-ast",indication::unknown,HAS_INDICATION,E0,"Scorecard__intractable_brain_diseases_therapy,_Dong-AST__20260820"
"asset::intractable_brain_diseases_therapy,_dong-ast",theme::unknown,MAPS_TO_THEME,E0,"Scorecard__intractable_brain_diseases_therapy,_Dong-AST__20260820"
"asset::intractable_brain_diseases_therapy,_dong-ast",cluster::unknown,MAPS_TO_CLUSTER,E0,"Scorecard__intractable_brain_diseases_therapy,_Dong-AST__20260820"
"asset::intractable_brain_diseases_therapy,_dong-ast","scorecard::intractable_brain_diseases_therapy,_dong-ast_20260820",HAS_SCORECARD,E0,"Scorecard__intractable_brain_diseases_therapy,_Dong-AST__20260820"
"asset::intractable_brain_diseases_therapy,_dong-ast",source::https_www.asiae.co.kr_en_article_2025082209351631429,USES_SOURCE,E0,Source__Dong-A_ST_Gradient_brain-disease_collaboration_report
"scorecard::intractable_brain_diseases_therapy,_dong-ast_20260820",source::https_www.asiae.co.kr_en_article_2025082209351631429,SUPPORTS_SCORE,E0,Source__Dong-A_ST_Gradient_brain-disease_collaboration_report
asset::lb-p4,company::liscure_biosciences,OWNED_BY,E0,Scorecard__LB-P4__20260820
asset::lb-p4,target::unknown,TARGETS,E0,Scorecard__LB-P4__20260820
asset::lb-p4,moa::microbiome_microbial-metabolite_based_cns_modulation,HAS_MOA,E0,Scorecard__LB-P4__20260820
asset::lb-p4,modality::other,HAS_MODALITY,E0,Scorecard__LB-P4__20260820
asset::lb-p4,indication::parkinson's_disease;_alzheimer's_disease,HAS_INDICATION,E0,Scorecard__LB-P4__20260820
asset::lb-p4,theme::unknown,MAPS_TO_THEME,E0,Scorecard__LB-P4__20260820
asset::lb-p4,cluster::unknown,MAPS_TO_CLUSTER,E0,Scorecard__LB-P4__20260820
asset::lb-p4,scorecard::lb-p4_20260820,HAS_SCORECARD,E0,Scorecard__LB-P4__20260820
asset::lb-p4,source::https_www.liscure.bio_kr,USES_SOURCE,E0,Source__LISCure_current_website
scorecard::lb-p4_20260820,source::https_www.liscure.bio_kr,SUPPORTS_SCORE,E0,Source__LISCure_current_website
asset::lb-p4,source::https_www.liscure.bio_kr_board_board.php_bo_table=pr_kr&idx=22&pg=2,USES_SOURCE,E0,Source__LISCure_LB-P4_PR
scorecard::lb-p4_20260820,source::https_www.liscure.bio_kr_board_board.php_bo_table=pr_kr&idx=22&pg=2,SUPPORTS_SCORE,E0,Source__LISCure_LB-P4_PR
asset::srn-008,company::sirnagen_therapeutics,OWNED_BY,E0,Scorecard__SRN-008__20260820
asset::srn-008,target::bace1;_mapt,TARGETS,E0,Scorecard__SRN-008__20260820
asset::srn-008,moa::dual_rnai_knockdown_using_glut-samirna,HAS_MOA,E0,Scorecard__SRN-008__20260820
asset::srn-008,modality::rna_therapy,HAS_MODALITY,E0,Scorecard__SRN-008__20260820
asset::srn-008,indication::alzheimer's_disease,HAS_INDICATION,E0,Scorecard__SRN-008__20260820
asset::srn-008,theme::protein_homeostasis,MAPS_TO_THEME,E0,Scorecard__SRN-008__20260820
asset::srn-008,cluster::unknown,MAPS_TO_CLUSTER,E0,Scorecard__SRN-008__20260820
asset::srn-008,scorecard::srn-008_20260820,HAS_SCORECARD,E0,Scorecard__SRN-008__20260820
asset::srn-008,source::https_patents.google.com_patent_wo2023230099a1_en,USES_SOURCE,E0,Source__SRN-008_patent_WO2023230099A1
scorecard::srn-008_20260820,source::https_patents.google.com_patent_wo2023230099a1_en,SUPPORTS_SCORE,E0,Source__SRN-008_patent_WO2023230099A1
asset::srn-008,source::https_synapse.patsnap.com_drug_afca8d6ee9bdac05ac98a2d4015dca48,USES_SOURCE,E0,Source__Synapse_SRN-008_profile
scorecard::srn-008_20260820,source::https_synapse.patsnap.com_drug_afca8d6ee9bdac05ac98a2d4015dca48,SUPPORTS_SCORE,E0,Source__Synapse_SRN-008_profile
asset::isu203,company::isu_abxis,OWNED_BY,E0,Scorecard__ISU203__20260820
asset::isu203,target::acid_sphingomyelinase_(asm),TARGETS,E0,Scorecard__ISU203__20260820
asset::isu203,moa::anti-asm_monoclonal_antibody;_neuroinflammation_suppression_and_aβ_plaq_f45e0bc1,HAS_MOA,E0,Scorecard__ISU203__20260820
asset::isu203,modality::antibody,HAS_MODALITY,E0,Scorecard__ISU203__20260820
asset::isu203,indication::alzheimer's_disease,HAS_INDICATION,E0,Scorecard__ISU203__20260820
asset::isu203,theme::neuroimmune,MAPS_TO_THEME,E0,Scorecard__ISU203__20260820
asset::isu203,cluster::unknown,MAPS_TO_CLUSTER,E0,Scorecard__ISU203__20260820
asset::isu203,scorecard::isu203_20260820,HAS_SCORECARD,E0,Scorecard__ISU203__20260820
asset::isu203,source::https_www.abxis.com_kor_public_getprc1001view.do_idx=189,USES_SOURCE,E0,Source__ISU_ABXIS_ISU203_company_update
scorecard::isu203_20260820,source::https_www.abxis.com_kor_public_getprc1001view.do_idx=189,SUPPORTS_SCORE,E0,Source__ISU_ABXIS_ISU203_company_update
asset::isu203,source::https_alz-journals.onlinelibrary.wiley.com_doi_abs_10.1002_alz.082288,USES_SOURCE,E0,Source__Alzheimer's_&_Dementia_ISU203_abstract
scorecard::isu203_20260820,source::https_alz-journals.onlinelibrary.wiley.com_doi_abs_10.1002_alz.082288,SUPPORTS_SCORE,E0,Source__Alzheimer's_&_Dementia_ISU203_abstract
asset::isu203,source::https_kind.krx.co.kr_external_dst_irreference_17132_ir%20book_2q2025_is_3637e59f,USES_SOURCE,E0,Source__ISU_ABXIS_2Q2025_IR
scorecard::isu203_20260820,source::https_kind.krx.co.kr_external_dst_irreference_17132_ir%20book_2q2025_is_3637e59f,SUPPORTS_SCORE,E0,Source__ISU_ABXIS_2Q2025_IR
asset::isu203,company::kyungpook_national_university_isu_abxis,OWNED_BY,E0,Scorecard__ISU203__20260820
asset::isu203,target::acid_sphingomyelinase_(asm),TARGETS,E0,Scorecard__ISU203__20260820
asset::isu203,moa::anti-asm_monoclonal_antibody;_neuroinflammation_suppression_and_aβ_plaq_f45e0bc1,HAS_MOA,E0,Scorecard__ISU203__20260820
asset::isu203,modality::antibody,HAS_MODALITY,E0,Scorecard__ISU203__20260820
asset::isu203,indication::alzheimer's_disease,HAS_INDICATION,E0,Scorecard__ISU203__20260820
asset::isu203,theme::neuroimmune,MAPS_TO_THEME,E0,Scorecard__ISU203__20260820
asset::isu203,cluster::unknown,MAPS_TO_CLUSTER,E0,Scorecard__ISU203__20260820
asset::isu203,scorecard::isu203_20260820,HAS_SCORECARD,E0,Scorecard__ISU203__20260820
asset::isu203,source::https_www.abxis.com_kor_public_getprc1001view.do_idx=189,USES_SOURCE,E0,Source__ISU_ABXIS_ISU203_company_update
scorecard::isu203_20260820,source::https_www.abxis.com_kor_public_getprc1001view.do_idx=189,SUPPORTS_SCORE,E0,Source__ISU_ABXIS_ISU203_company_update
asset::isu203,source::https_alz-journals.onlinelibrary.wiley.com_doi_abs_10.1002_alz.082288,USES_SOURCE,E0,Source__Alzheimer's_&_Dementia_ISU203_abstract
scorecard::isu203_20260820,source::https_alz-journals.onlinelibrary.wiley.com_doi_abs_10.1002_alz.082288,SUPPORTS_SCORE,E0,Source__Alzheimer's_&_Dementia_ISU203_abstract
asset::isu203,source::https_kind.krx.co.kr_external_dst_irreference_17132_ir%20book_2q2025_is_3637e59f,USES_SOURCE,E0,Source__ISU_ABXIS_2Q2025_IR
scorecard::isu203_20260820,source::https_kind.krx.co.kr_external_dst_irreference_17132_ir%20book_2q2025_is_3637e59f,SUPPORTS_SCORE,E0,Source__ISU_ABXIS_2Q2025_IR
asset::ab-12_(iv),company::autotac_bio,OWNED_BY,E0,Scorecard__AB-12_(IV)__20260820
asset::ab-12_(iv),target::tau_oligomers_aggregates,TARGETS,E0,Scorecard__AB-12_(IV)__20260820
asset::ab-12_(iv),moa::autotac-mediated_tau_aggregate_degradation,HAS_MOA,E0,Scorecard__AB-12_(IV)__20260820
asset::ab-12_(iv),modality::other,HAS_MODALITY,E0,Scorecard__AB-12_(IV)__20260820
asset::ab-12_(iv),indication::alzheimer's_disease,HAS_INDICATION,E0,Scorecard__AB-12_(IV)__20260820
asset::ab-12_(iv),theme::protein_homeostasis,MAPS_TO_THEME,E0,Scorecard__AB-12_(IV)__20260820
asset::ab-12_(iv),cluster::unknown,MAPS_TO_CLUSTER,E0,Scorecard__AB-12_(IV)__20260820
asset::ab-12_(iv),scorecard::ab-12_(iv)_20260820,HAS_SCORECARD,E0,Scorecard__AB-12_(IV)__20260820
asset::ab-12_(iv),source::https_www.nature.com_articles_d43747-025-00051-z,USES_SOURCE,E0,Source__Nature_Biopharma_Dealmakers_AUTOTAC_article
scorecard::ab-12_(iv)_20260820,source::https_www.nature.com_articles_d43747-025-00051-z,SUPPORTS_SCORE,E0,Source__Nature_Biopharma_Dealmakers_AUTOTAC_article
asset::ab-12_(iv),source::https_adisinsight.springer.com_drugs_800079209,USES_SOURCE,E0,Source__AdisInsight_AB-12_profile
scorecard::ab-12_(iv)_20260820,source::https_adisinsight.springer.com_drugs_800079209,SUPPORTS_SCORE,E0,Source__AdisInsight_AB-12_profile
asset::alzheimer's_disease_vaccine_(padivax+),company::eubiologics,OWNED_BY,E0,Scorecard__Alzheimer's_disease_vaccine_(PADIVAX+)__20260820
asset::alzheimer's_disease_vaccine_(padivax+),target::amyloid_and_tau_antigens,TARGETS,E0,Scorecard__Alzheimer's_disease_vaccine_(PADIVAX+)__20260820
asset::alzheimer's_disease_vaccine_(padivax+),moa::active_immunization_against_amyloid_tau_antigens,HAS_MOA,E0,Scorecard__Alzheimer's_disease_vaccine_(PADIVAX+)__20260820
asset::alzheimer's_disease_vaccine_(padivax+),modality::other,HAS_MODALITY,E0,Scorecard__Alzheimer's_disease_vaccine_(PADIVAX+)__20260820
asset::alzheimer's_disease_vaccine_(padivax+),indication::alzheimer's_disease,HAS_INDICATION,E0,Scorecard__Alzheimer's_disease_vaccine_(PADIVAX+)__20260820
asset::alzheimer's_disease_vaccine_(padivax+),theme::protein_homeostasis,MAPS_TO_THEME,E0,Scorecard__Alzheimer's_disease_vaccine_(PADIVAX+)__20260820
asset::alzheimer's_disease_vaccine_(padivax+),cluster::unknown,MAPS_TO_CLUSTER,E0,Scorecard__Alzheimer's_disease_vaccine_(PADIVAX+)__20260820
asset::alzheimer's_disease_vaccine_(padivax+),scorecard::alzheimer's_disease_vaccine_(padivax+)_20260820,HAS_SCORECARD,E0,Scorecard__Alzheimer's_disease_vaccine_(PADIVAX+)__20260820
asset::alzheimer's_disease_vaccine_(padivax+),source::https_eubiologics.com_eng_sub2_2.php,USES_SOURCE,E0,Source__EuBiologics_current_R&D_page
scorecard::alzheimer's_disease_vaccine_(padivax+)_20260820,source::https_eubiologics.com_eng_sub2_2.php,SUPPORTS_SCORE,E0,Source__EuBiologics_current_R&D_page
asset::alzheimer's_disease_vaccine_(padivax+),source::https_www.linkedin.com_company_eubiologics_posts,USES_SOURCE,E0,Source__EuBiologics_company_update_on_AD_vaccine
scorecard::alzheimer's_disease_vaccine_(padivax+)_20260820,source::https_www.linkedin.com_company_eubiologics_posts,SUPPORTS_SCORE,E0,Source__EuBiologics_company_update_on_AD_vaccine
asset::alzheimer's_disease_vaccine_(padivax+),source::https_synapse.patsnap.com_drug_7d3a7b2a6be74120a15fd606b640fe28,USES_SOURCE,E0,Source__Synapse_EuBiologics_AD_vaccine_profile
scorecard::alzheimer's_disease_vaccine_(padivax+)_20260820,source::https_synapse.patsnap.com_drug_7d3a7b2a6be74120a15fd606b640fe28,SUPPORTS_SCORE,E0,Source__Synapse_EuBiologics_AD_vaccine_profile
asset::nly02_(1st-103),company::1st_biotherapeutics,OWNED_BY,E0,Scorecard__NLY02_(1ST-103)__20260820
asset::nly02_(1st-103),target::ripk2,TARGETS,E0,Scorecard__NLY02_(1ST-103)__20260820
asset::nly02_(1st-103),moa::ripk2_inhibitor,HAS_MOA,E0,Scorecard__NLY02_(1ST-103)__20260820
asset::nly02_(1st-103),modality::small_molecule,HAS_MODALITY,E0,Scorecard__NLY02_(1ST-103)__20260820
asset::nly02_(1st-103),indication::parkinson's_disease;_alzheimer's_disease;_multiple_sclerosis_neuroinfla_dc2a50e6,HAS_INDICATION,E0,Scorecard__NLY02_(1ST-103)__20260820
asset::nly02_(1st-103),theme::neuroimmune,MAPS_TO_THEME,E0,Scorecard__NLY02_(1ST-103)__20260820
asset::nly02_(1st-103),cluster::unknown,MAPS_TO_CLUSTER,E0,Scorecard__NLY02_(1ST-103)__20260820
asset::nly02_(1st-103),scorecard::nly02_(1st-103)_20260820,HAS_SCORECARD,E0,Scorecard__NLY02_(1ST-103)__20260820
asset::nly02_(1st-103),source::https_www.1stbio.com_rd-pipeline,USES_SOURCE,E0,Source__1ST_Biotherapeutics_current_R&D_pipeline
scorecard::nly02_(1st-103)_20260820,source::https_www.1stbio.com_rd-pipeline,SUPPORTS_SCORE,E0,Source__1ST_Biotherapeutics_current_R&D_pipeline
asset::nly02_(1st-103),source::https_kind.krx.co.kr_external_dst_irreference_18082_%5b%eb%94%94%ec%95%_c66f44d5,USES_SOURCE,E0,Source__D&D_Pharmatech_2026_IR
scorecard::nly02_(1st-103)_20260820,source::https_kind.krx.co.kr_external_dst_irreference_18082_%5b%eb%94%94%ec%95%_c66f44d5,SUPPORTS_SCORE,E0,Source__D&D_Pharmatech_2026_IR
asset::atb-501,company::autotelic_bio,OWNED_BY,E0,Scorecard__ATB-501__20260820
asset::atb-501,target::unknown,TARGETS,E0,Scorecard__ATB-501__20260820
asset::atb-501,moa::unknown,HAS_MOA,E0,Scorecard__ATB-501__20260820
asset::atb-501,modality::unknown,HAS_MODALITY,E0,Scorecard__ATB-501__20260820
asset::atb-501,indication::unknown,HAS_INDICATION,E0,Scorecard__ATB-501__20260820
asset::atb-501,theme::unknown,MAPS_TO_THEME,E0,Scorecard__ATB-501__20260820
asset::atb-501,cluster::unknown,MAPS_TO_CLUSTER,E0,Scorecard__ATB-501__20260820
asset::atb-501,scorecard::atb-501_20260820,HAS_SCORECARD,E0,Scorecard__ATB-501__20260820
asset::atb-501,source::https_www.autotelic.co.kr_en_sub_pipeline_pipeline.php,USES_SOURCE,E0,Source__Autotelic_Bio_-_Pipeline
scorecard::atb-501_20260820,source::https_www.autotelic.co.kr_en_sub_pipeline_pipeline.php,SUPPORTS_SCORE,E0,Source__Autotelic_Bio_-_Pipeline
asset::aukontals,company::auzone_biological_technology,OWNED_BY,E0,Scorecard__Aukontals__20260820
asset::aukontals,target::free_radicals,TARGETS,E0,Scorecard__Aukontals__20260820
asset::aukontals,moa::free-radical_scavenger;_antioxidative_stress,HAS_MOA,E0,Scorecard__Aukontals__20260820
asset::aukontals,modality::small_molecule,HAS_MODALITY,E0,Scorecard__Aukontals__20260820
asset::aukontals,indication::amyotrophic_lateral_sclerosis_(als);_acute_ischemic_stroke;_early_sympt_a786f38d,HAS_INDICATION,E0,Scorecard__Aukontals__20260820
asset::aukontals,theme::others,MAPS_TO_THEME,E0,Scorecard__Aukontals__20260820
asset::aukontals,cluster::others,MAPS_TO_CLUSTER,E0,Scorecard__Aukontals__20260820
asset::aukontals,scorecard::aukontals_20260820,HAS_SCORECARD,E0,Scorecard__Aukontals__20260820
asset::aukontals,source::https_paragraphfour.com_wp-content_uploads_2023_07_njdc25cv3326a.pdf,USES_SOURCE,E0,"Source__Auzone_Answer_and_Counterclaims,_NDA_No._219846_(U.S._District_Court_filing)"
scorecard::aukontals_20260820,source::https_paragraphfour.com_wp-content_uploads_2023_07_njdc25cv3326a.pdf,SUPPORTS_SCORE,E0,"Source__Auzone_Answer_and_Counterclaims,_NDA_No._219846_(U.S._District_Court_filing)"
asset::aukontals,source::https_data.pharmacodia.com_drugs_details_1887768664359305240,USES_SOURCE,E0,Source__Pharmacodia_-_Edaravone_tablet_(Shanghai_Auzone_Biological_Technology)
scorecard::aukontals_20260820,source::https_data.pharmacodia.com_drugs_details_1887768664359305240,SUPPORTS_SCORE,E0,Source__Pharmacodia_-_Edaravone_tablet_(Shanghai_Auzone_Biological_Technology)
asset::aukontals,source::https_delta.larvol.com_products_productid=aa7f0fb6-7553-49ae-95ea-7b173d956733,USES_SOURCE,E0,"Source__LARVOL_DELTA_-_Aukontals_(edaravone_oral)_Auzone_Biological,_Huadong_Medicine"
scorecard::aukontals_20260820,source::https_delta.larvol.com_products_productid=aa7f0fb6-7553-49ae-95ea-7b173d956733,SUPPORTS_SCORE,E0,"Source__LARVOL_DELTA_-_Aukontals_(edaravone_oral)_Auzone_Biological,_Huadong_Medicine"
asset::aukontals,source::https_www.accessdata.fda.gov_drugsatfda_docs_label_2022_209176s012lbl.pdf,USES_SOURCE,E0,Source__FDA_Prescribing_Information_-_RADICAVA_RADICAVA_ORS_(edaravone)
scorecard::aukontals_20260820,source::https_www.accessdata.fda.gov_drugsatfda_docs_label_2022_209176s012lbl.pdf,SUPPORTS_SCORE,E0,Source__FDA_Prescribing_Information_-_RADICAVA_RADICAVA_ORS_(edaravone)
asset::acp-brain_disease_research_project,company::avixgen,OWNED_BY,E0,Scorecard__ACP-Brain_Disease_Research_Project__20260820
asset::acp-brain_disease_research_project,target::unknown,TARGETS,E0,Scorecard__ACP-Brain_Disease_Research_Project__20260820
asset::acp-brain_disease_research_project,moa::unknown,HAS_MOA,E0,Scorecard__ACP-Brain_Disease_Research_Project__20260820
asset::acp-brain_disease_research_project,modality::unknown,HAS_MODALITY,E0,Scorecard__ACP-Brain_Disease_Research_Project__20260820
asset::acp-brain_disease_research_project,indication::unknown,HAS_INDICATION,E0,Scorecard__ACP-Brain_Disease_Research_Project__20260820
asset::acp-brain_disease_research_project,theme::unknown,MAPS_TO_THEME,E0,Scorecard__ACP-Brain_Disease_Research_Project__20260820
asset::acp-brain_disease_research_project,cluster::unknown,MAPS_TO_CLUSTER,E0,Scorecard__ACP-Brain_Disease_Research_Project__20260820
asset::acp-brain_disease_research_project,scorecard::acp-brain_disease_research_project_20260820,HAS_SCORECARD,E0,Scorecard__ACP-Brain_Disease_Research_Project__20260820
asset::acp-brain_disease_research_project,source::https_avixgen.com_eng_sub_pipeline_index.php,USES_SOURCE,E0,Source__Avixgen_-_Clinical_and_development_status
scorecard::acp-brain_disease_research_project_20260820,source::https_avixgen.com_eng_sub_pipeline_index.php,SUPPORTS_SCORE,E0,Source__Avixgen_-_Clinical_and_development_status
asset::acp-brain_disease_research_project,source::https_avixgen.com_eng_sub_pipeline_product1_9.php,USES_SOURCE,E0,Source__Avixgen_-_ACP_platform
scorecard::acp-brain_disease_research_project_20260820,source::https_avixgen.com_eng_sub_pipeline_product1_9.php,SUPPORTS_SCORE,E0,Source__Avixgen_-_ACP_platform
asset::axn-1501,company::axceso_biopharma,OWNED_BY,E0,Scorecard__AXN-1501__20260820
asset::axn-1501,target::sirt1,TARGETS,E0,Scorecard__AXN-1501__20260820
asset::axn-1501,moa::sirt1_stimulant,HAS_MOA,E0,Scorecard__AXN-1501__20260820
asset::axn-1501,modality::small_molecule,HAS_MODALITY,E0,Scorecard__AXN-1501__20260820
asset::axn-1501,indication::alzheimer's_disease,HAS_INDICATION,E0,Scorecard__AXN-1501__20260820
asset::axn-1501,theme::unknown,MAPS_TO_THEME,E0,Scorecard__AXN-1501__20260820
asset::axn-1501,cluster::unknown,MAPS_TO_CLUSTER,E0,Scorecard__AXN-1501__20260820
asset::axn-1501,scorecard::axn-1501_20260820,HAS_SCORECARD,E0,Scorecard__AXN-1501__20260820
asset::axn-1501,source::https_synapse.patsnap.com_organization_9e5e4b40b472ceabb19a88c37b5340f0,USES_SOURCE,E0,Source__Synapse_-_Axceso_Biopharma_Co._Ltd._pipeline
scorecard::axn-1501_20260820,source::https_synapse.patsnap.com_organization_9e5e4b40b472ceabb19a88c37b5340f0,SUPPORTS_SCORE,E0,Source__Synapse_-_Axceso_Biopharma_Co._Ltd._pipeline
asset::axn-1501,source::https_synapse.patsnap.com_drug_237c58bbaef74d41827f938aad50a873,USES_SOURCE,E0,Source__Synapse_-_AXN-1501
scorecard::axn-1501_20260820,source::https_synapse.patsnap.com_drug_237c58bbaef74d41827f938aad50a873,SUPPORTS_SCORE,E0,Source__Synapse_-_AXN-1501
asset::axn-1901,company::axceso_biopharma,OWNED_BY,E0,Scorecard__AXN-1901__20260820
asset::axn-1901,target::sirt1,TARGETS,E0,Scorecard__AXN-1901__20260820
asset::axn-1901,moa::sirt1_stimulant,HAS_MOA,E0,Scorecard__AXN-1901__20260820
asset::axn-1901,modality::small_molecule,HAS_MODALITY,E0,Scorecard__AXN-1901__20260820
asset::axn-1901,indication::parkinson's_disease,HAS_INDICATION,E0,Scorecard__AXN-1901__20260820
asset::axn-1901,theme::unknown,MAPS_TO_THEME,E0,Scorecard__AXN-1901__20260820
asset::axn-1901,cluster::unknown,MAPS_TO_CLUSTER,E0,Scorecard__AXN-1901__20260820
asset::axn-1901,scorecard::axn-1901_20260820,HAS_SCORECARD,E0,Scorecard__AXN-1901__20260820
asset::axn-1901,source::https_synapse.patsnap.com_organization_9e5e4b40b472ceabb19a88c37b5340f0,USES_SOURCE,E0,Source__Synapse_-_Axceso_Biopharma_Co._Ltd._pipeline
scorecard::axn-1901_20260820,source::https_synapse.patsnap.com_organization_9e5e4b40b472ceabb19a88c37b5340f0,SUPPORTS_SCORE,E0,Source__Synapse_-_Axceso_Biopharma_Co._Ltd._pipeline
asset::axn-1901,source::https_synapse.patsnap.com_drug_018ac73cccde49b297c26ece067c08df,USES_SOURCE,E0,Source__Synapse_-_AXN-1901
scorecard::axn-1901_20260820,source::https_synapse.patsnap.com_drug_018ac73cccde49b297c26ece067c08df,SUPPORTS_SCORE,E0,Source__Synapse_-_AXN-1901
asset::azbe53206,company::azothbio,OWNED_BY,E0,Scorecard__AZBE53206__20260820
asset::azbe53206,target::unknown,TARGETS,E0,Scorecard__AZBE53206__20260820
asset::azbe53206,moa::unknown,HAS_MOA,E0,Scorecard__AZBE53206__20260820
asset::azbe53206,modality::unknown,HAS_MODALITY,E0,Scorecard__AZBE53206__20260820
asset::azbe53206,indication::unknown,HAS_INDICATION,E0,Scorecard__AZBE53206__20260820
asset::azbe53206,theme::unknown,MAPS_TO_THEME,E0,Scorecard__AZBE53206__20260820
asset::azbe53206,cluster::unknown,MAPS_TO_CLUSTER,E0,Scorecard__AZBE53206__20260820
asset::azbe53206,scorecard::azbe53206_20260820,HAS_SCORECARD,E0,Scorecard__AZBE53206__20260820
asset::azbe53206,source::https_synapse.patsnap.com_organization_8e13cd3c07e71715c6da726e023d66ee,USES_SOURCE,E0,Source__Synapse_-_AZothBio_Inc._pipeline
scorecard::azbe53206_20260820,source::https_synapse.patsnap.com_organization_8e13cd3c07e71715c6da726e023d66ee,SUPPORTS_SCORE,E0,Source__Synapse_-_AZothBio_Inc._pipeline
asset::vta-27,company::vasthera,OWNED_BY,E3,Scorecard__VTA-27__20260806
asset::vta-27,target::peroxiredoxin_redox_homeostasis_astrocytic_stat3_signaling,TARGETS,E3,Scorecard__VTA-27__20260806
asset::vta-27,moa::prx-mimetic_redox_modulation_that_suppresses_astrocytic_stat3_phosphory_09bab40c,HAS_MOA,E3,Scorecard__VTA-27__20260806
asset::vta-27,modality::small_molecule,HAS_MODALITY,E3,Scorecard__VTA-27__20260806
asset::vta-27,indication::mild-to-moderate_alzheimer's_disease;_parkinson's_disease_is_only_a_pot_8b9f0f09,HAS_INDICATION,E3,Scorecard__VTA-27__20260806
asset::vta-27,theme::neuroimmune,MAPS_TO_THEME,E3,Scorecard__VTA-27__20260806
asset::vta-27,cluster::교세포_향상성,MAPS_TO_CLUSTER,E3,Scorecard__VTA-27__20260806
asset::vta-27,scorecard::vta-27_20260806,HAS_SCORECARD,E3,Scorecard__VTA-27__20260806
asset::vta-27,competitor::eisai_biogen_leqembi_(lecanemab),HAS_COMPETITOR,E3,Scorecard__VTA-27__20260806
asset::vta-27,competitor::eli_lilly_kisunla_(donanemab),HAS_COMPETITOR,E3,Scorecard__VTA-27__20260806
asset::vta-27,competitor::biogen_ionis_diranersen_(biib080),HAS_COMPETITOR,E3,Scorecard__VTA-27__20260806
asset::vta-27,competitor::sanofi_former_vigil_neuroscience_sar448851_vg-3927,HAS_COMPETITOR,E3,Scorecard__VTA-27__20260806
asset::vta-27,competitor::ac_immune_aci-19764,HAS_COMPETITOR,E3,Scorecard__VTA-27__20260806
asset::vta-27,competitor::alector_al002,HAS_COMPETITOR,E3,Scorecard__VTA-27__20260806
asset::vta-27,source::https_www.vasthera.com_about_about.php,USES_SOURCE,E3,Source__https_www.vasthera.com_about_about.php
scorecard::vta-27_20260806,source::https_www.vasthera.com_about_about.php,SUPPORTS_SCORE,E3,Source__https_www.vasthera.com_about_about.php
asset::vta-27,source::https_www.vasthera.com_technology_platform.php,USES_SOURCE,E3,Source__https_www.vasthera.com_technology_platform.php
scorecard::vta-27_20260806,source::https_www.vasthera.com_technology_platform.php,SUPPORTS_SCORE,E3,Source__https_www.vasthera.com_technology_platform.php
asset::vta-27,source::https_www.vasthera.com_technology_pipeline.php,USES_SOURCE,E3,Source__https_www.vasthera.com_technology_pipeline.php
scorecard::vta-27_20260806,source::https_www.vasthera.com_technology_pipeline.php,SUPPORTS_SCORE,E3,Source__https_www.vasthera.com_technology_pipeline.php
asset::vta-27,source::https_www.vasthera.com_investors_news.php_code=news&idx=124&ptype=view,USES_SOURCE,E3,Source__https_www.vasthera.com_investors_news.php_code=news&idx=124&ptype=view
scorecard::vta-27_20260806,source::https_www.vasthera.com_investors_news.php_code=news&idx=124&ptype=view,SUPPORTS_SCORE,E3,Source__https_www.vasthera.com_investors_news.php_code=news&idx=124&ptype=view
asset::vta-27,source::https_link.springer.com_article_10.15252_emmm.201809665,USES_SOURCE,E3,Source__https_link.springer.com_article_10.15252_emmm.201809665
scorecard::vta-27_20260806,source::https_link.springer.com_article_10.15252_emmm.201809665,SUPPORTS_SCORE,E3,Source__https_link.springer.com_article_10.15252_emmm.201809665
asset::vta-27,source::https_pubmed.ncbi.nlm.nih.gov_41875826,USES_SOURCE,E3,Source__https_pubmed.ncbi.nlm.nih.gov_41875826
scorecard::vta-27_20260806,source::https_pubmed.ncbi.nlm.nih.gov_41875826,SUPPORTS_SCORE,E3,Source__https_pubmed.ncbi.nlm.nih.gov_41875826
asset::vta-27,source::https_www.fda.gov_news-events_press-announcements_fda-converts-novel-al_2dfaf7af,USES_SOURCE,E3,Source__https_www.fda.gov_news-events_press-announcements_fda-converts-novel-al_2dfaf7af
scorecard::vta-27_20260806,source::https_www.fda.gov_news-events_press-announcements_fda-converts-novel-al_2dfaf7af,SUPPORTS_SCORE,E3,Source__https_www.fda.gov_news-events_press-announcements_fda-converts-novel-al_2dfaf7af
asset::vta-27,source::https_www.fda.gov_drugs_news-events-human-drugs_fda-approves-treatment-_abbc72bc,USES_SOURCE,E3,Source__https_www.fda.gov_drugs_news-events-human-drugs_fda-approves-treatment-_abbc72bc
scorecard::vta-27_20260806,source::https_www.fda.gov_drugs_news-events-human-drugs_fda-approves-treatment-_abbc72bc,SUPPORTS_SCORE,E3,Source__https_www.fda.gov_drugs_news-events-human-drugs_fda-approves-treatment-_abbc72bc
asset::vta-27,source::https_clinicaltrials.gov_study_nct05399888,USES_SOURCE,E3,Source__https_clinicaltrials.gov_study_NCT05399888
scorecard::vta-27_20260806,source::https_clinicaltrials.gov_study_nct05399888,SUPPORTS_SCORE,E3,Source__https_clinicaltrials.gov_study_NCT05399888
asset::vta-27,source::https_www.sanofi.com_assets_dotcom_pressreleases_2025_2025-05-21-23-15-_0405b7c9,USES_SOURCE,E3,Source__https_www.sanofi.com_assets_dotcom_pressreleases_2025_2025-05-21-23-15-_0405b7c9
scorecard::vta-27_20260806,source::https_www.sanofi.com_assets_dotcom_pressreleases_2025_2025-05-21-23-15-_0405b7c9,SUPPORTS_SCORE,E3,Source__https_www.sanofi.com_assets_dotcom_pressreleases_2025_2025-05-21-23-15-_0405b7c9
asset::vta-27,source::https_ichgcp.net_ko_clinical-trials-registry_nct07688213,USES_SOURCE,E3,Source__https_ichgcp.net_ko_clinical-trials-registry_NCT07688213
scorecard::vta-27_20260806,source::https_ichgcp.net_ko_clinical-trials-registry_nct07688213,SUPPORTS_SCORE,E3,Source__https_ichgcp.net_ko_clinical-trials-registry_NCT07688213
asset::vta-27,source::https_clinicaltrials.gov_study_nct07463196,USES_SOURCE,E3,Source__https_clinicaltrials.gov_study_NCT07463196
scorecard::vta-27_20260806,source::https_clinicaltrials.gov_study_nct07463196,SUPPORTS_SCORE,E3,Source__https_clinicaltrials.gov_study_NCT07463196
asset::vta-27,source::https_clinicaltrials.gov_study_nct04592874,USES_SOURCE,E3,Source__https_clinicaltrials.gov_study_NCT04592874
scorecard::vta-27_20260806,source::https_clinicaltrials.gov_study_nct04592874,SUPPORTS_SCORE,E3,Source__https_clinicaltrials.gov_study_NCT04592874
asset::vta-27,source::https_www.nature.com_articles_s41591-026-04273-1,USES_SOURCE,E3,Source__https_www.nature.com_articles_s41591-026-04273-1
scorecard::vta-27_20260806,source::https_www.nature.com_articles_s41591-026-04273-1,SUPPORTS_SCORE,E3,Source__https_www.nature.com_articles_s41591-026-04273-1
asset::vta-27,source::https_www.alz.org_getmedia_ef8f48f9-ad36-48ea-87f9-b74034635c1e_alzheim_d436d756,USES_SOURCE,E3,Source__https_www.alz.org_getmedia_ef8f48f9-ad36-48ea-87f9-b74034635c1e_alzheim_d436d756
scorecard::vta-27_20260806,source::https_www.alz.org_getmedia_ef8f48f9-ad36-48ea-87f9-b74034635c1e_alzheim_d436d756,SUPPORTS_SCORE,E3,Source__https_www.alz.org_getmedia_ef8f48f9-ad36-48ea-87f9-b74034635c1e_alzheim_d436d756
asset::vta-27,source::https_www.precisionmedicineonline.com_business-news_eli-lilly-posts-str_888b9d4a,USES_SOURCE,E3,Source__https_www.precisionmedicineonline.com_business-news_eli-lilly-posts-str_888b9d4a
scorecard::vta-27_20260806,source::https_www.precisionmedicineonline.com_business-news_eli-lilly-posts-str_888b9d4a,SUPPORTS_SCORE,E3,Source__https_www.precisionmedicineonline.com_business-news_eli-lilly-posts-str_888b9d4a
asset::vta-27,source::https_synapse.patsnap.com_drug_1e188d0bdf794df49d00edb2a1d03d3c,USES_SOURCE,E3,Source__https_synapse.patsnap.com_drug_1e188d0bdf794df49d00edb2a1d03d3c
scorecard::vta-27_20260806,source::https_synapse.patsnap.com_drug_1e188d0bdf794df49d00edb2a1d03d3c,SUPPORTS_SCORE,E3,Source__https_synapse.patsnap.com_drug_1e188d0bdf794df49d00edb2a1d03d3c
asset::ab-ad-002,company::aliadbiopharma,OWNED_BY,E0,Scorecard__AB-AD-002__20260819
asset::ab-ad-002,target::unknown,TARGETS,E0,Scorecard__AB-AD-002__20260819
asset::ab-ad-002,moa::unknown,HAS_MOA,E0,Scorecard__AB-AD-002__20260819
asset::ab-ad-002,modality::unknown,HAS_MODALITY,E0,Scorecard__AB-AD-002__20260819
asset::ab-ad-002,indication::unknown,HAS_INDICATION,E0,Scorecard__AB-AD-002__20260819
asset::ab-ad-002,theme::unknown,MAPS_TO_THEME,E0,Scorecard__AB-AD-002__20260819
asset::ab-ad-002,cluster::unknown,MAPS_TO_CLUSTER,E0,Scorecard__AB-AD-002__20260819
asset::ab-ad-002,scorecard::ab-ad-002_20260819,HAS_SCORECARD,E0,Scorecard__AB-AD-002__20260819
asset::ab-asd-003,"company::aliad_biopharma,_inc",OWNED_BY,E0,Scorecard__AB-ASD-003__20260819
asset::ab-asd-003,target::unknown,TARGETS,E0,Scorecard__AB-ASD-003__20260819
asset::ab-asd-003,moa::unknown,HAS_MOA,E0,Scorecard__AB-ASD-003__20260819
asset::ab-asd-003,modality::small_molecule,HAS_MODALITY,E0,Scorecard__AB-ASD-003__20260819
asset::ab-asd-003,indication::autism_spectrum_disorder,HAS_INDICATION,E0,Scorecard__AB-ASD-003__20260819
asset::ab-asd-003,theme::unknown,MAPS_TO_THEME,E0,Scorecard__AB-ASD-003__20260819
asset::ab-asd-003,cluster::unknown,MAPS_TO_CLUSTER,E0,Scorecard__AB-ASD-003__20260819
asset::ab-asd-003,scorecard::ab-asd-003_20260819,HAS_SCORECARD,E0,Scorecard__AB-ASD-003__20260819
asset::ab-asd-003,source::https_synapse.patsnap.com_drug_137f0d83ed1e4d5abbb58d228a6133e6,USES_SOURCE,E0,Source__Synapse_—_AB-ASD-003
scorecard::ab-asd-003_20260819,source::https_synapse.patsnap.com_drug_137f0d83ed1e4d5abbb58d228a6133e6,SUPPORTS_SCORE,E0,Source__Synapse_—_AB-ASD-003
asset::ab-asd-003,source::https_www.aliadbiopharma.com_page_rs02,USES_SOURCE,E0,Source__Aliad_Biopharma_—_mTORC2_core_technology
scorecard::ab-asd-003_20260819,source::https_www.aliadbiopharma.com_page_rs02,SUPPORTS_SCORE,E0,Source__Aliad_Biopharma_—_mTORC2_core_technology
asset::as-603,company::amyloid_solution_inc,OWNED_BY,E0,Scorecard__AS-603__20260819
asset::as-603,target::aβ_and_tau_aggregates,TARGETS,E0,Scorecard__AS-603__20260819
asset::as-603,moa::direct_chemical_dissociation_clearance_of_aβ_and_tau_aggregates,HAS_MOA,E0,Scorecard__AS-603__20260819
asset::as-603,modality::small_molecule,HAS_MODALITY,E0,Scorecard__AS-603__20260819
asset::as-603,indication::alzheimer's_disease,HAS_INDICATION,E0,Scorecard__AS-603__20260819
asset::as-603,theme::protein_homeostasis,MAPS_TO_THEME,E0,Scorecard__AS-603__20260819
asset::as-603,cluster::unknown,MAPS_TO_CLUSTER,E0,Scorecard__AS-603__20260819
asset::as-603,scorecard::as-603_20260819,HAS_SCORECARD,E0,Scorecard__AS-603__20260819
asset::as-603,source::https_clinicaltrials.gov_study_nct06786676,USES_SOURCE,E0,Source__ClinicalTrials.gov_—_NCT06786676
scorecard::as-603_20260819,source::https_clinicaltrials.gov_study_nct06786676,SUPPORTS_SCORE,E0,Source__ClinicalTrials.gov_—_NCT06786676
asset::as-603,source::https_pmc.ncbi.nlm.nih.gov_articles_pmc12740438,USES_SOURCE,E0,Source__Alzheimer's_&_Dementia_—_AS-S603_AAIC_2025_abstract
scorecard::as-603_20260819,source::https_pmc.ncbi.nlm.nih.gov_articles_pmc12740438,SUPPORTS_SCORE,E0,Source__Alzheimer's_&_Dementia_—_AS-S603_AAIC_2025_abstract
asset::as-603,source::https_synapse.patsnap.com_drug_5898c8800e4142b6bdc035b718d6a7cc,USES_SOURCE,E0,Source__Synapse_—_AS-603
scorecard::as-603_20260819,source::https_synapse.patsnap.com_drug_5898c8800e4142b6bdc035b718d6a7cc,SUPPORTS_SCORE,E0,Source__Synapse_—_AS-603
asset::ckr-492,company::ck_regeon_inc,OWNED_BY,E0,Scorecard__CKR-492__20260819
asset::ckr-492,target::cxxc5-dvl_ppi_wnt-β-catenin_pathway,TARGETS,E0,Scorecard__CKR-492__20260819
asset::ckr-492,moa::cxxc5-dvl_ppi_inhibition_to_restore_wnt_β-catenin_signaling,HAS_MOA,E0,Scorecard__CKR-492__20260819
asset::ckr-492,modality::small_molecule,HAS_MODALITY,E0,Scorecard__CKR-492__20260819
asset::ckr-492,indication::alzheimer's_disease,HAS_INDICATION,E0,Scorecard__CKR-492__20260819
asset::ckr-492,theme::others,MAPS_TO_THEME,E0,Scorecard__CKR-492__20260819
asset::ckr-492,cluster::others,MAPS_TO_CLUSTER,E0,Scorecard__CKR-492__20260819
asset::ckr-492,scorecard::ckr-492_20260819,HAS_SCORECARD,E0,Scorecard__CKR-492__20260819
asset::ckr-492,source::https_synapse.patsnap.com_organization_da31af23213025f08e00c752ce41a5b8,USES_SOURCE,E0,Source__Synapse_—_CK_Regeon_pipeline
scorecard::ckr-492_20260819,source::https_synapse.patsnap.com_organization_da31af23213025f08e00c752ce41a5b8,SUPPORTS_SCORE,E0,Source__Synapse_—_CK_Regeon_pipeline
asset::ckr-492,source::https_ckregeon.com_ko_developing-items-ko,USES_SOURCE,E0,Source__CK_Regeon_—_Developing_Items
scorecard::ckr-492_20260819,source::https_ckregeon.com_ko_developing-items-ko,SUPPORTS_SCORE,E0,Source__CK_Regeon_—_Developing_Items
asset::ckr-492,source::https_ckregeon.com_pressrelease_mod=document&uid=72,USES_SOURCE,E0,Source__CK_Regeon_—_Alzheimer_patent_program_update
scorecard::ckr-492_20260819,source::https_ckregeon.com_pressrelease_mod=document&uid=72,SUPPORTS_SCORE,E0,Source__CK_Regeon_—_Alzheimer_patent_program_update
asset::ckr-492,source::https_www.hkn24.com_news_articleview.html_idxno=346280,USES_SOURCE,E0,Source__Health_Korea_News_—_CKR-492_pipeline
scorecard::ckr-492_20260819,source::https_www.hkn24.com_news_articleview.html_idxno=346280,SUPPORTS_SCORE,E0,Source__Health_Korea_News_—_CKR-492_pipeline
asset::cpb2101,"company::corepharm_bio_co.,_ltd",OWNED_BY,E0,Scorecard__CPB2101__20260819
asset::cpb2101,target::unknown,TARGETS,E0,Scorecard__CPB2101__20260819
asset::cpb2101,moa::unknown,HAS_MOA,E0,Scorecard__CPB2101__20260819
asset::cpb2101,modality::small_molecule,HAS_MODALITY,E0,Scorecard__CPB2101__20260819
asset::cpb2101,"indication::pain;_non-narcotic_analgesic,_neuropathic_subtype_not_confirmed",HAS_INDICATION,E0,Scorecard__CPB2101__20260819
asset::cpb2101,theme::unknown,MAPS_TO_THEME,E0,Scorecard__CPB2101__20260819
asset::cpb2101,cluster::unknown,MAPS_TO_CLUSTER,E0,Scorecard__CPB2101__20260819
asset::cpb2101,scorecard::cpb2101_20260819,HAS_SCORECARD,E0,Scorecard__CPB2101__20260819
asset::cpb2101,source::https_www.corepharm.com_eng_product_pipeline.php,USES_SOURCE,E0,Source__Corepharm_Bio_pipeline
scorecard::cpb2101_20260819,source::https_www.corepharm.com_eng_product_pipeline.php,SUPPORTS_SCORE,E0,Source__Corepharm_Bio_pipeline
asset::cpb2101,source::https_synapse.patsnap.com_drug_0c00a1fab8214d978981ef3d50d834fd,USES_SOURCE,E0,Source__Synapse_—_CPB2101
scorecard::cpb2101_20260819,source::https_synapse.patsnap.com_drug_0c00a1fab8214d978981ef3d50d834fd,SUPPORTS_SCORE,E0,Source__Synapse_—_CPB2101
asset::ctx-pd02_03,company::ctx_inc,OWNED_BY,E0,Scorecard__CTX-PD02_03__20260819
asset::ctx-pd02_03,target::unknown,TARGETS,E0,Scorecard__CTX-PD02_03__20260819
asset::ctx-pd02_03,moa::combinatorial_ipsc-based_cell_therapy_to_improve_transplanted-neuron_re_d86879c1,HAS_MOA,E0,Scorecard__CTX-PD02_03__20260819
asset::ctx-pd02_03,modality::cell_therapy,HAS_MODALITY,E0,Scorecard__CTX-PD02_03__20260819
asset::ctx-pd02_03,indication::parkinson's_disease,HAS_INDICATION,E0,Scorecard__CTX-PD02_03__20260819
asset::ctx-pd02_03,theme::others,MAPS_TO_THEME,E0,Scorecard__CTX-PD02_03__20260819
asset::ctx-pd02_03,cluster::others,MAPS_TO_CLUSTER,E0,Scorecard__CTX-PD02_03__20260819
asset::ctx-pd02_03,scorecard::ctx-pd02_03_20260819,HAS_SCORECARD,E0,Scorecard__CTX-PD02_03__20260819
asset::ctx-pd02_03,source::https_cell-tx.com_en_sub_pipe_pipe.php,USES_SOURCE,E0,Source__CTX_pipeline_—_CTX-PD02_03
scorecard::ctx-pd02_03_20260819,source::https_cell-tx.com_en_sub_pipe_pipe.php,SUPPORTS_SCORE,E0,Source__CTX_pipeline_—_CTX-PD02_03
asset::ctx-pd01,company::ctx_inc,OWNED_BY,E0,Scorecard__CTX-PD01__20260819
asset::ctx-pd01,target::midbrain_dopaminergic_cell_replacement,TARGETS,E0,Scorecard__CTX-PD01__20260819
asset::ctx-pd01,moa::autologous_ipsc-derived_mdap_mdan_transplantation,HAS_MOA,E0,Scorecard__CTX-PD01__20260819
asset::ctx-pd01,modality::cell_therapy,HAS_MODALITY,E0,Scorecard__CTX-PD01__20260819
asset::ctx-pd01,indication::parkinson's_disease,HAS_INDICATION,E0,Scorecard__CTX-PD01__20260819
asset::ctx-pd01,theme::others,MAPS_TO_THEME,E0,Scorecard__CTX-PD01__20260819
asset::ctx-pd01,cluster::others,MAPS_TO_CLUSTER,E0,Scorecard__CTX-PD01__20260819
asset::ctx-pd01,scorecard::ctx-pd01_20260819,HAS_SCORECARD,E0,Scorecard__CTX-PD01__20260819
asset::ctx-pd01,source::https_cell-tx.com_en_sub_pipe_pipe.php,USES_SOURCE,E0,Source__CTX_pipeline_—_CTX-PD01
scorecard::ctx-pd01_20260819,source::https_cell-tx.com_en_sub_pipe_pipe.php,SUPPORTS_SCORE,E0,Source__CTX_pipeline_—_CTX-PD01
asset::ctx-pd01,source::https_www.cell-tx.com_en_sub_company_history.php,USES_SOURCE,E0,Source__CTX_company_history
scorecard::ctx-pd01_20260819,source::https_www.cell-tx.com_en_sub_company_history.php,SUPPORTS_SCORE,E0,Source__CTX_company_history
asset::cur202,company::curamys_inc,OWNED_BY,E0,Scorecard__CUR202__20260819
asset::cur202,target::motor-neuron_tissue_restoration_via_cell_fusion,TARGETS,E0,Scorecard__CUR202__20260819
asset::cur202,moa::therapeutic_cell_fusion_using_engineered_stem_cells_to_restore_diseased_dff3bf62,HAS_MOA,E0,Scorecard__CUR202__20260819
asset::cur202,modality::cell_therapy,HAS_MODALITY,E0,Scorecard__CUR202__20260819
asset::cur202,indication::amyotrophic_lateral_sclerosis_(lou_gehrig's_disease),HAS_INDICATION,E0,Scorecard__CUR202__20260819
asset::cur202,theme::others,MAPS_TO_THEME,E0,Scorecard__CUR202__20260819
asset::cur202,cluster::others,MAPS_TO_CLUSTER,E0,Scorecard__CUR202__20260819
asset::cur202,scorecard::cur202_20260819,HAS_SCORECARD,E0,Scorecard__CUR202__20260819
asset::cur202,source::https_www.curamys.com,USES_SOURCE,E0,Source__Curamys_official_website
scorecard::cur202_20260819,source::https_www.curamys.com,SUPPORTS_SCORE,E0,Source__Curamys_official_website
asset::cur202,source::https_www.dongascience.com_ko_news_73348,USES_SOURCE,E0,Source__Donga_Science_—_CUR202
scorecard::cur202_20260819,source::https_www.dongascience.com_ko_news_73348,SUPPORTS_SCORE,E0,Source__Donga_Science_—_CUR202
asset::dm3159,company::digmbio_inc,OWNED_BY,E0,Scorecard__DM3159__20260819
asset::dm3159,target::tas1r3,TARGETS,E0,Scorecard__DM3159__20260819
asset::dm3159,moa::tas1r3_agonism_activating_signaling_for_neuroprotection_and_functional_recovery,HAS_MOA,E0,Scorecard__DM3159__20260819
asset::dm3159,modality::small_molecule,HAS_MODALITY,E0,Scorecard__DM3159__20260819
asset::dm3159,indication::alzheimer's_disease,HAS_INDICATION,E0,Scorecard__DM3159__20260819
asset::dm3159,theme::others,MAPS_TO_THEME,E0,Scorecard__DM3159__20260819
asset::dm3159,cluster::others,MAPS_TO_CLUSTER,E0,Scorecard__DM3159__20260819
asset::dm3159,scorecard::dm3159_20260819,HAS_SCORECARD,E0,Scorecard__DM3159__20260819
asset::dm3159,source::https_digmbio.com_bbs_content.php_co_id=pipeline,USES_SOURCE,E0,Source__DigmBio_pipeline
scorecard::dm3159_20260819,source::https_digmbio.com_bbs_content.php_co_id=pipeline,SUPPORTS_SCORE,E0,Source__DigmBio_pipeline
asset::dm3159,source::https_m.biospectator.com_view_news_view.php_varatcid=29483,USES_SOURCE,E0,Source__BioSpectator_—_DM3159_preclinical_program
scorecard::dm3159_20260819,source::https_m.biospectator.com_view_news_view.php_varatcid=29483,SUPPORTS_SCORE,E0,Source__BioSpectator_—_DM3159_preclinical_program
asset::dm3190,company::digmbio_inc,OWNED_BY,E0,Scorecard__DM3190__20260819
asset::dm3190,target::tas2r_gpcr,TARGETS,E0,Scorecard__DM3190__20260819
asset::dm3190,moa::tas2r_gpcr_modulation_in_parkinson's_disease,HAS_MOA,E0,Scorecard__DM3190__20260819
asset::dm3190,modality::small_molecule,HAS_MODALITY,E0,Scorecard__DM3190__20260819
asset::dm3190,indication::parkinson's_disease,HAS_INDICATION,E0,Scorecard__DM3190__20260819
asset::dm3190,theme::others,MAPS_TO_THEME,E0,Scorecard__DM3190__20260819
asset::dm3190,cluster::others,MAPS_TO_CLUSTER,E0,Scorecard__DM3190__20260819
asset::dm3190,scorecard::dm3190_20260819,HAS_SCORECARD,E0,Scorecard__DM3190__20260819
asset::dm3190,source::https_digmbio.com_bbs_content.php_co_id=pipeline,USES_SOURCE,E0,Source__DigmBio_pipeline
scorecard::dm3190_20260819,source::https_digmbio.com_bbs_content.php_co_id=pipeline,SUPPORTS_SCORE,E0,Source__DigmBio_pipeline
asset::dm3190,source::https_www.digmbio.co.kr_bbs_board.php_bo_table=online&wr_id=28,USES_SOURCE,E0,Source__DigmBio_press_coverage_—_DM3190_TAS2R
scorecard::dm3190_20260819,source::https_www.digmbio.co.kr_bbs_board.php_bo_table=online&wr_id=28,SUPPORTS_SCORE,E0,Source__DigmBio_press_coverage_—_DM3190_TAS2R
asset::dm3190,source::https_m.biospectator.com_view_news_view.php_varatcid=27178,USES_SOURCE,E0,Source__BioSpectator_—_TAS2R_GPCR_Parkinson_program
scorecard::dm3190_20260819,source::https_m.biospectator.com_view_news_view.php_varatcid=27178,SUPPORTS_SCORE,E0,Source__BioSpectator_—_TAS2R_GPCR_Parkinson_program
