id,label,type,title,tags,score,recommendation,evidence_level
asset::ilm01_(gaia-aβ),ILM01 (GAIA-Aβ),asset,Asset__ILM01_(GAIA-Aβ),pipeline/asset;theme/neuroimmune,15,Shortlist,E3
company::illimis_therapeutics,Illimis Therapeutics,company,Company__Illimis_Therapeutics,pipeline/company,,,
"target::amyloid-β,_especially_oligomeric_aβ;_tam_receptors_tyro3_axl_mertk_as_t_ba5985eb","Amyloid-β, especially oligomeric Aβ; TAM receptors Tyro3/Axl/MerTK as the effector axis",target,"Target__Amyloid-β,_especially_oligomeric_Aβ;_TAM_receptors_Tyro3_Axl_MerTK_as_t_ba5985eb",pipeline/target,,,
moa::aβ_binding_plus_engineered_gas6-mediated_tam_receptor_clustering_activa_103fe530,Aβ binding plus engineered GAS6-mediated TAM receptor clustering activates efferocytosis/phagocytosis in glia while using an effector-silenced Fc to reduce FcγR-driven inflammatory signaling.,moa,MoA__Aβ_binding_plus_engineered_GAS6-mediated_TAM_receptor_clustering_activa_103fe530,pipeline/moa,,,
modality::protein_biologic,Protein biologic,modality,Modality__Protein_biologic,pipeline/modality,,,
indication::early_symptomatic_alzheimer's_disease;_exact_intended_clinical_populati_44d70da0,Early symptomatic Alzheimer's disease; exact intended clinical population has not been publicly finalized,indication,Indication__Early_symptomatic_Alzheimer's_disease;_exact_intended_clinical_populati_44d70da0,pipeline/indication,,,
theme::neuroimmune,Neuroimmune,theme,Theme__Neuroimmune,skbp/theme,,,
cluster::교세포_향상성,교세포 향상성,cluster,Cluster__교세포_향상성,skbp/cluster,,,
scorecard::ilm01_(gaia-aβ)_20260806,Scorecard - ILM01 (GAIA-Aβ),scorecard,Scorecard__ILM01_(GAIA-Aβ)__20260806,pipeline/scorecard,15,Shortlist,E3
competitor::eisai_biogen_leqembi_(lecanemab),Leqembi (lecanemab),competitor,Competitor__Eisai_Biogen__Leqembi_(lecanemab),pipeline/competitor,,,
competitor::eli_lilly_kisunla_(donanemab),Kisunla (donanemab),competitor,Competitor__Eli_Lilly__Kisunla_(donanemab),pipeline/competitor,,,
competitor::eli_lilly_remternetug_(ly3372993),Remternetug (LY3372993),competitor,Competitor__Eli_Lilly__Remternetug_(LY3372993),pipeline/competitor,,,
competitor::roche_trontinemab,Trontinemab,competitor,Competitor__Roche__Trontinemab,pipeline/competitor,,,
competitor::acumen_pharmaceuticals_sabirnetug_(acu193),Sabirnetug (ACU193),competitor,Competitor__Acumen_Pharmaceuticals__Sabirnetug_(ACU193),pipeline/competitor,,,
source::illimis_therapeutics_company_intro_ncdp_202601_skbp_share,Illimis Therapeutics Company Intro_NCDP_202601_SKBP_share,source,Source__Illimis_Therapeutics_Company_Intro_NCDP_202601_SKBP_share,pipeline/source;source/other,,,E3
source::https_illimistx.com_en,Illimis Therapeutics official website,source,Source__Illimis_Therapeutics_official_website,pipeline/source;source/official_company,,,E3
source::https_illimistx.com_en_sub_platform%26pipeline_pipeline.php,Illimis official pipeline,source,Source__Illimis_official_pipeline,pipeline/source;source/other,,,E0
source::https_illimistx.com_en_sub_platform%26pipeline_platform.php,Illimis GAIA platform description,source,Source__Illimis_GAIA_platform_description,pipeline/source;source/official_company_platform,,,E0
source::https_illimistx.com_en_sub_investor%26media_news.php_bid=16&idx=282&mod_5a2ae7b8,Illimis Therapeutics $42M Series B press release,source,Source__Illimis_Therapeutics_$42M_Series_B_press_release,pipeline/source;source/official_company_press_release,,,E3
source::https_illimistx.com_en_sub_platform%26pipeline_conference.php,Illimis Therapeutics conference presentations,source,Source__Illimis_Therapeutics_conference_presentations,pipeline/source;source/official_company_conference_page,,,E3
source::https_illimistx.com_data_aaic%202025_abstract_illimistx.pdf,AAIC 2025 GAIA-Aβ abstract,source,Source__AAIC_2025_GAIA-Aβ_abstract,pipeline/source;source/conference_abstract,,,E3
source::https_www.nature.com_articles_s41591-022-01926-9,Anti-inflammatory clearance of amyloid-β by a chimeric Gas6 fusion protein,source,Source__Anti-inflammatory_clearance_of_amyloid-β_by_a_chimeric_Gas6_fusion_protein,pipeline/source;source/peer_reviewed_publication,,,E3
source::https_www.biospectator.com_news_view_28887,BioSpectator interview on ILM01 preclinical program and planned 2027 clinical entry,source,Source__BioSpectator_interview_on_ILM01_preclinical_program_and_planned_2027_cl_e077b90f,pipeline/source;source/biotech_news,,,E3
source::https_www.fda.gov_news-events_press-announcements_fda-converts-novel-al_2dfaf7af,Evidence source,source,Source__Evidence_source,pipeline/source;source/regulatory,,,E3
source::https_www.fda.gov_drugs_news-events-human-drugs_fda-approves-treatment-_abbc72bc,Evidence source,source,Source__Evidence_source,pipeline/source;source/regulatory,,,E3
source::https_trials.lilly.com_en-us_trial_548297,Lilly TRAILRUNNER-ALZ 3 remternetug trial,source,Source__Lilly_TRAILRUNNER-ALZ_3_remternetug_trial,pipeline/source;source/clinical_registry_sponsor,,,E3
source::https_clinicaltrials.gov_study_nct07169578,ClinicalTrials.gov trontinemab Phase 3 study NCT07169578,source,Source__ClinicalTrials.gov_trontinemab_Phase_3_study_NCT07169578,pipeline/source;source/clinical_registry,,,E3
source::https_acumenpharm.com_altitude-ad,Acumen ALTITUDE-AD sabirnetug study,source,Source__Acumen_ALTITUDE-AD_sabirnetug_study,pipeline/source;source/official_company_trial_page,,,E3
source::https_alz-journals.onlinelibrary.wiley.com_doi_10.1002_trc2.70251,Alzheimer's disease drug development pipeline: 2026,source,Source__Alzheimer's_disease_drug_development_pipeline_2026,pipeline/source;source/peer_reviewed_review,,,E3
source::https_alz-journals.onlinelibrary.wiley.com_doi_10.1002_dad2.12497,Estimating prevalence of early symptomatic Alzheimer's disease in the United States,source,Source__Estimating_prevalence_of_early_symptomatic_Alzheimer's_disease_in_the_U_65d8288f,pipeline/source;source/peer_reviewed_epidemiology,,,E3
source::https_www.eisai.com_news_2023_news202302.html,https://www.eisai.com/news/2023/news202302.html,source,Source__https_www.eisai.com_news_2023_news202302.html,pipeline/source;source/other,,,E3
source::https_investor.lilly.com_news-releases_news-release-details_lillys-kisu_5dbfd133,Lilly Kisunla approval and limited-duration treatment cost,source,Source__Lilly_Kisunla_approval_and_limited-duration_treatment_cost,pipeline/source;source/official_company_pricing,,,E3
source::https_www.alz.org_getmedia_ef8f48f9-ad36-48ea-87f9-b74034635c1e_alzheim_55918ed3,2026 Alzheimer's Disease Facts and Figures,source,Source__2026_Alzheimer's_Disease_Facts_and_Figures,pipeline/source;source/epidemiology_report,,,E3
asset::wt-1108,WT-1108,asset,Asset__WT-1108,pipeline/asset;theme/others,8,Watch,E2
"company::hangzhou_westan_pharmaceutical_technology_co.,_ltd","Hangzhou Westan Pharmaceutical Technology Co., Ltd.",company,"Company__Hangzhou_Westan_Pharmaceutical_Technology_Co.,_Ltd",pipeline/company,,,
target::p2x3_receptor_p2rx3,P2X3 receptor / P2RX3,target,Target__P2X3_receptor_P2RX3,pipeline/target,,,
moa::selective_p2x3_receptor_antagonism_intended_to_reduce_atp-mediated_airw_a0f471fe,Selective P2X3 receptor antagonism intended to reduce ATP-mediated airway sensory nerve activation and cough hypersensitivity.,moa,MoA__Selective_P2X3_receptor_antagonism_intended_to_reduce_ATP-mediated_airw_a0f471fe,pipeline/moa,,,
modality::small_molecule,Small molecule,modality,Modality__Small_molecule,pipeline/modality,,,
indication::refractory_or_unexplained_chronic_cough_(rcc_ucc),Refractory or unexplained chronic cough (RCC/UCC),indication,Indication__Refractory_or_unexplained_chronic_cough_(RCC_UCC),pipeline/indication,,,
theme::others,Others,theme,Theme__Others,skbp/theme,,,
cluster::others,Others,cluster,Cluster__Others,skbp/cluster,,,
scorecard::wt-1108_20260621,Scorecard - WT-1108,scorecard,Scorecard__WT-1108__20260621,pipeline/scorecard,8,Watch,E2
competitor::merck_&_co._msd_gefapixant_lyfnua,Gefapixant / Lyfnua,competitor,Competitor__Merck_&_Co._MSD__Gefapixant_Lyfnua,pipeline/competitor,,,
competitor::gsk_bellus_health_camlipixant_blu-5937,Camlipixant / BLU-5937,competitor,Competitor__GSK_BELLUS_Health__Camlipixant_BLU-5937,pipeline/competitor,,,
competitor::shionogi_sivopixant_s-600918,Sivopixant / S-600918,competitor,Competitor__Shionogi__Sivopixant_S-600918,pipeline/competitor,,,
competitor::jiangsu_hengrui_guangdong_hengrui_hrs-2261,HRS-2261,competitor,Competitor__Jiangsu_Hengrui_Guangdong_Hengrui__HRS-2261,pipeline/competitor,,,
competitor::hansoh_pharma_hs-10383,HS-10383,competitor,Competitor__Hansoh_Pharma__HS-10383,pipeline/competitor,,,
competitor::createrna_langlai_technology_qr052107b_relicpixant,QR052107B / relicpixant,competitor,Competitor__Createrna_Langlai_Technology__QR052107B_relicpixant,pipeline/competitor,,,
source::https_westanpharma.com_products.aspx,Westan products page,source,Source__Westan_products_page,pipeline/source;source/other,,,E2
source::https_www.changbaicao.cn_trialsdetail-id-20793.html,Changbaicao CTR20254063 trial page,source,Source__Changbaicao_CTR20254063_trial_page,pipeline/source;source/clinical_trial_registry,,,E2
source::https_synapse.patsnap.com_drug_0b28edb3230146bca084e523c94678b2,Synapse WT-1108,source,Source__Synapse_WT-1108,pipeline/source;source/other,,,E0
source::https_pubmed.ncbi.nlm.nih.gov_35248186,Lancet COUGH-1/COUGH-2 PubMed record,source,Source__Lancet_COUGH-1_COUGH-2_PubMed_record,pipeline/source;source/publication,,,E2
source::https_www.gsk.com_en-gb_media_press-releases_gsk-reaches-agreement-to-a_c4beb605,GSK/BELLUS acquisition press release,source,Source__GSK_BELLUS_acquisition_press_release,pipeline/source;source/news,,,E2
source::https_www.bioduro-sundia.cn_company-news_westanpharma-ind-approval-p2x3.html,BioDuro-Sundia/PharmCube WT-1108 IND article,source,Source__BioDuro-Sundia_PharmCube_WT-1108_IND_article,pipeline/source;source/news,,,E2
source::https_www.delveinsight.com_report-store_chronic-refractory-cough-market,DelveInsight chronic refractory cough market page,source,Source__DelveInsight_chronic_refractory_cough_market_page,pipeline/source;source/market,,,E2
source::https_www.westanpharma.com,Westan official site,source,Source__Westan_official_site,pipeline/source;source/official_company,,,E2
source::https_www.ema.europa.eu_en_medicines_human_epar_lyfnua,Gefapixant / Lyfnua source,source,Source__Gefapixant_Lyfnua_source,pipeline/source;source/other,,,E2
source::https_link.springer.com_article_10.1007_s00408-022-00592-5,Sivopixant / S-600918 source,source,Source__Sivopixant_S-600918_source,pipeline/source;source/other,,,E2
source::https_pubmed.ncbi.nlm.nih.gov_38198010,HRS-2261 source,source,Source__HRS-2261_source,pipeline/source;source/other,,,E2
source::https_www.hspharm.com_news_news-detail-513247.htm,HS-10383 source,source,Source__HS-10383_source,pipeline/source;source/other,,,E2
source::https_www.prnewswire.com_news-releases_createrna-announces-positive-top_fc58721f,QR052107B / relicpixant source,source,Source__QR052107B_relicpixant_source,pipeline/source;source/other,,,E2
source::https_www.hra.nhs.uk_planning-and-improving-research_application-summar_0bed49ad,HRA gefapixant mechanism summary,source,Source__HRA_gefapixant_mechanism_summary,pipeline/source;source/clinical_trial_registry,,,E2
source::https_www.merck.com_news_merck-receives-positive-european-union-chmp-op_29185acb,Merck CHMP press release,source,Source__Merck_CHMP_press_release,pipeline/source;source/news,,,E2
source::https_www.merck.com_news_merck-provides-u-s-and-japan-regulatory-update_5ebeacc7,Merck Japan regulatory update,source,Source__Merck_Japan_regulatory_update,pipeline/source;source/news,,,E2
source::https_link.springer.com_article_10.1007_s00408-022-00553-y,Gefapixant pooled Phase 3 analysis,source,Source__Gefapixant_pooled_Phase_3_analysis,pipeline/source;source/publication,,,E2
source::https_pubmed.ncbi.nlm.nih.gov_40043302,Camlipixant Phase 2b PubMed,source,Source__Camlipixant_Phase_2b_PubMed,pipeline/source;source/publication,,,E2
source::https_bydrug.pharmcube.com_investgo_company_detail_1b0943a3d0a44519a9d5_4e2ff7d3,ByDrug Westan profile,source,Source__ByDrug_Westan_profile,pipeline/source;source/other,,,E2
source::https_www.zhihuiya.com_news_info_2271.html,Zhihuiya WT-1108 news,source,Source__Zhihuiya_WT-1108_news,pipeline/source;source/news,,,E2
source::https_westanpharma.com_aboutus.aspx,Westan about page,source,Source__Westan_about_page,pipeline/source;source/official_company,,,E2
source::https_finance.sina.com.cn_stock_aigc_ywsygs_2025-10-11_doc-inftnueu7432084.shtml,Sina WT-1108 Phase IIa news,source,Source__Sina_WT-1108_Phase_IIa_news,pipeline/source;source/news,,,E2
asset::ux-ep001_uxep-001,UX-EP001 / UXEP-001,asset,Asset__UX-EP001_UXEP-001,pipeline/asset;theme/e_i_balance,5,Deprioritize,E1
"company::shanghai_unixell_biotechnology_co.,_ltd","Shanghai UniXell Biotechnology Co., Ltd.",company,"Company__Shanghai_UniXell_Biotechnology_Co.,_Ltd",pipeline/company,,,
target::undisclosed,Undisclosed,target,Target__Undisclosed,pipeline/target,,,
"moa::undisclosed_for_ux-ep001._if_confused_with_ux-gip001,_the_moa_would_be_cf2be7de","Undisclosed for UX-EP001. If confused with UX-GIP001, the MoA would be iPSC-derived GABAergic interneuron progenitor replacement to restore inhibitory neural circuitry, but this cannot be assumed without company confirmation.",moa,"MoA__Undisclosed_for_UX-EP001._If_confused_with_UX-GIP001,_the_MoA_would_be_cf2be7de",pipeline/moa,,,
"modality::synapse_lists_tcr-t_cell_therapy_for_ux-ep001,_but_this_is_not_corrobor_f837809e","Synapse lists TCR-T Cell therapy for UX-EP001, but this is not corroborated by official UniXell sources. Company platform is hPSC/iPSC-derived neural cell therapy based on reprogramming, differentiation, SISBAR lineage tracing and gene editing.",modality,"Modality__Synapse_lists_TCR-T_Cell_therapy_for_UX-EP001,_but_this_is_not_corrobor_f837809e",pipeline/modality,,,
indication::epilepsy,Epilepsy,indication,Indication__Epilepsy,pipeline/indication,,,
theme::e_i_balance,E/I Balance,theme,Theme__E-I_Balance,skbp/theme,,,
cluster::network_modulation,Network Modulation,cluster,Cluster__Network_Modulation,skbp/cluster,,,
scorecard::ux-ep001_uxep-001_20260621,Scorecard - UX-EP001 / UXEP-001,scorecard,Scorecard__UX-EP001_UXEP-001__20260621,pipeline/scorecard,5,Deprioritize,E1
competitor::neurona_therapeutics_ucb_nrtx-1001_rezanecel,NRTX-1001 / rezanecel,competitor,Competitor__Neurona_Therapeutics_UCB__NRTX-1001_rezanecel,pipeline/competitor,,,
competitor::unixell_biotech_ux-gip001,UX-GIP001,competitor,Competitor__UniXell_Biotech__UX-GIP001,pipeline/competitor,,,
competitor::encoded_therapeutics_etx101,ETX101,competitor,Competitor__Encoded_Therapeutics__ETX101,pipeline/competitor,,,
competitor::stoke_therapeutics_biogen_zorevunersen_stk-001,Zorevunersen / STK-001,competitor,Competitor__Stoke_Therapeutics_Biogen__Zorevunersen_STK-001,pipeline/competitor,,,
source::https_synapse.patsnap.com_drug_0f29bad183a3471187fd29db65e62bd7,Synapse UX-EP001 asset page,source,Source__Synapse_UX-EP001_asset_page,pipeline/source;source/other,,,E1
source::https_www.unixell.com_en_technologyplatformsandproductpipelines_index.aspx,UniXell Technology Platform and R&D pipeline,source,Source__UniXell_Technology_Platform_and_R&D_pipeline,pipeline/source;source/official_company,,,E1
source::https_www.unixell.com_en_companynews_info.aspx_itemid=307,UniXell UX-GIP001 IND news,source,Source__UniXell_UX-GIP001_IND_news,pipeline/source;source/official_company,,,E1
source::https_www.biospace.com_press-releases_unixell-biotech-receives-ind-clea_1d38ec1e,BioSpace / PRNewswire UX-GIP001 FDA IND clearance,source,Source__BioSpace_PRNewswire_UX-GIP001_FDA_IND_clearance,pipeline/source;source/news,,,E1
source::https_www.ucb.com_newsroom_press-releases_article_ucb-to-acquire-neuron_5495d099,UCB acquisition of Neurona,source,Source__UCB_acquisition_of_Neurona,pipeline/source;source/news,,,E1
source::https_www.unixell.com_en_index.aspx,UniXell official website,source,Source__UniXell_official_website,pipeline/source;source/official_company,,,E1
source::https_www.unixell.com_en_aboutthejump_index.aspx,UniXell About page,source,Source__UniXell_About_page,pipeline/source;source/official_company,,,E1
source::https_encoded.com_programs_etx101-for-dravet-syndrome,ETX101 source,source,Source__ETX101_source,pipeline/source;source/other,,,E1
source::https_pubmed.ncbi.nlm.nih.gov_41780062,Zorevunersen / STK-001 source,source,Source__Zorevunersen_STK-001_source,pipeline/source;source/other,,,E1
source::https_www.neuronatherapeutics.com_nte001,Neurona NTE001 study page,source,Source__Neurona_NTE001_study_page,pipeline/source;source/clinical_trial_registry,,,E1
source::https_www.cell.com_cell-stem-cell_fulltext_s1934-5909%2823%2900044-9,SISBAR Cell Stem Cell paper,source,Source__SISBAR_Cell_Stem_Cell_paper,pipeline/source;source/publication,,,E1
source::https_www.cell.com_cell-stem-cell_abstract_s1934-5909%2825%2900369-8,SphereDiff Cell Stem Cell paper,source,Source__SphereDiff_Cell_Stem_Cell_paper,pipeline/source;source/publication,,,E1
source::https_www.innostarbio.com_en_news_693.html,InnoStar UX-GIP001 FDA IND support,source,Source__InnoStar_UX-GIP001_FDA_IND_support,pipeline/source;source/news,,,E1
asset::lnk01006_blkr201,LNK01006 / BLKR201,asset,Asset__LNK01006_BLKR201,pipeline/asset;theme/neuroimmune,13,Shortlist,E3
"company::lynk_pharmaceuticals_co.,_ltd","Lynk Pharmaceuticals Co., Ltd.",company,"Company__Lynk_Pharmaceuticals_Co.,_Ltd",pipeline/company,,,
target::tyk2,TYK2,target,Target__TYK2,pipeline/target,,,
moa::oral_allosteric_tyk2_inhibitor_targeting_the_jh2_pseudokinase_regulator_cc811ca3,"Oral allosteric TYK2 inhibitor targeting the JH2 pseudokinase/regulatory domain; designed to inhibit TYK2-mediated IL-12, IL-23 and type I interferon signaling with CNS exposure.",moa,MoA__Oral_allosteric_TYK2_inhibitor_targeting_the_JH2_pseudokinase_regulator_cc811ca3,pipeline/moa,,,
indication::phase_1_healthy-volunteer_study;_intended_development_positioning_inclu_d38001b6,Phase 1 healthy-volunteer study; intended development positioning includes MS and broader CNS/neuroinflammatory or autoimmune/inflammatory diseases.,indication,Indication__Phase_1_healthy-volunteer_study;_intended_development_positioning_inclu_d38001b6,pipeline/indication,,,
cluster::cytokine_신경조절,Cytokine 신경조절,cluster,Cluster__Cytokine_신경조절,skbp/cluster,,,
scorecard::lnk01006_blkr201_20260621,Scorecard - LNK01006 / BLKR201,scorecard,Scorecard__LNK01006_BLKR201__20260621,pipeline/scorecard,13,Shortlist,E3
competitor::neuron23_neu-627,NEU-627,competitor,Competitor__Neuron23__NEU-627,pipeline/competitor,,,
competitor::alumis_a-005,A-005,competitor,Competitor__Alumis__A-005,pipeline/competitor,,,
competitor::bristol_myers_squibb_deucravacitinib_sotyktu,Deucravacitinib / Sotyktu,competitor,Competitor__Bristol_Myers_Squibb__Deucravacitinib_Sotyktu,pipeline/competitor,,,
competitor::takeda_zasocitinib_tak-279,Zasocitinib / TAK-279,competitor,Competitor__Takeda__Zasocitinib_TAK-279,pipeline/competitor,,,
competitor::roche_fenebrutinib,Fenebrutinib,competitor,Competitor__Roche__Fenebrutinib,pipeline/competitor,,,
competitor::sanofi_tolebrutinib,Tolebrutinib,competitor,Competitor__Sanofi__Tolebrutinib,pipeline/competitor,,,
source::https_www.prnewswire.com_apac_news-releases_lynk-pharmaceuticals-announ_9f29a386,Lynk FDA IND announcement,source,Source__Lynk_FDA_IND_announcement,pipeline/source;source/other,,,E3
source::https_www.formation.bio_press_formation-bio-licenses-phase-1-ready-cns-_be31f330,Formation Bio licensing page,source,Source__Formation_Bio_licensing_page,pipeline/source;source/official_company,,,E3
source::https_www.prnewswire.com_news-releases_lynk-pharmaceuticals-and-formati_31aa61aa,Lynk and Formation licensing agreement,source,Source__Lynk_and_Formation_licensing_agreement,pipeline/source;source/news,,,E3
source::https_www.prnewswire.com_news-releases_formation-bio-doses-first-partic_a8856057,Formation first participant dosed,source,Source__Formation_first_participant_dosed,pipeline/source;source/news,,,E3
source::https_clinicaltrials.gov_study_nct07501039,ClinicalTrials.gov NCT07501039,source,Source__ClinicalTrials.gov_NCT07501039,pipeline/source;source/clinical_trial_registry,,,E0
source::https_synapse.patsnap.com_drug_565a5da0689043fb8f26295eeae190fa,Synapse LNK-01006,source,Source__Synapse_LNK-01006,pipeline/source;source/other,,,E3
source::https_www.lynkpharma.com,Lynk official website,source,Source__Lynk_official_website,pipeline/source;source/official_company,,,E3
source::https_www.pnas.org_doi_10.1073_pnas.2422172122,Central TYK2 inhibition PNAS,source,Source__Central_TYK2_inhibition_PNAS,pipeline/source;source/publication,,,E3
source::https_atlasofms.org,Atlas of MS,source,Source__Atlas_of_MS,pipeline/source;source/market,,,E3
source::https_www.ocrevus.com_patient_cost.html,Ocrevus pricing,source,Source__Ocrevus_pricing,pipeline/source;source/market,,,E3
source::https_neuron23.com_neuron23-announces-publication-in-pnas-highlighting-_98044a46,NEU-627 source,source,Source__NEU-627_source,pipeline/source;source/other,,,E3
source::https_investors.alumis.com_news-releases_news-release-details_alumis-an_5c9ebe89,A-005 source,source,Source__A-005_source,pipeline/source;source/other,,,E3
source::https_news.bms.com_news_details_2022_u.s.-food-and-drug-administration-_19dd85b7,Deucravacitinib / Sotyktu source,source,Source__Deucravacitinib_Sotyktu_source,pipeline/source;source/other,,,E3
source::https_www.takeda.com_newsroom_newsreleases_2026_zasocitinib-outperforms_b6fb7e68,Zasocitinib / TAK-279 source,source,Source__Zasocitinib_TAK-279_source,pipeline/source;source/other,,,E3
source::https_www.roche.com_media_releases_med-cor-2026-04-21c,Fenebrutinib source,source,Source__Fenebrutinib_source,pipeline/source;source/other,,,E3
source::https_www.sanofi.com_en_media-room_press-releases_2025_2025-12-15-06-05_61888b0d,Tolebrutinib source,source,Source__Tolebrutinib_source,pipeline/source;source/other,,,E3
asset::small_molecules_to_antagonize_trpm7,Small Molecules to Antagonize TRPM7,asset,Asset__Small_Molecules_to_Antagonize_TRPM7,pipeline/asset;theme/e_i_balance,11,Watch,E2
company::vivavision_biotech,VivaVision Biotech,company,Company__VivaVision_Biotech,pipeline/company,,,
target::trpm7,TRPM7,target,Target__TRPM7,pipeline/target,,,
moa::trpm7_antagonist_inhibitor;_channel_closed-state_stabilization_is_suppo_2a2e465e,"TRPM7 antagonist / inhibitor; channel closed-state stabilization is supported at target level for some tool compounds, but asset-level MoA is unverified",moa,MoA__TRPM7_antagonist_inhibitor;_channel_closed-state_stabilization_is_suppo_2a2e465e,pipeline/moa,,,
modality::small_molecule;_exact_compound_and_platform_undisclosed,Small molecule; exact compound and platform undisclosed,modality,Modality__Small_molecule;_exact_compound_and_platform_undisclosed,pipeline/modality,,,
"indication::market-source_description_includes_oncology,_ophthalmology,_cardiovascu_6b2c47da","Market-source description includes oncology, ophthalmology, cardiovascular and CNS disorders; SKBP-relevant CNS hypotheses include acute ischemic stroke and status epilepticus",indication,"Indication__Market-source_description_includes_oncology,_ophthalmology,_cardiovascu_6b2c47da",pipeline/indication,,,
cluster::ion_channel,Ion Channel,cluster,Cluster__Ion_Channel,skbp/cluster,,,
scorecard::small_molecules_to_antagonize_trpm7_20260622,Scorecard - Small Molecules to Antagonize TRPM7,scorecard,Scorecard__Small_Molecules_to_Antagonize_TRPM7__20260622,pipeline/scorecard,11,Watch,E2
competitor::vivavision_biotech_small_molecules_to_antagonize_trpm7,Small Molecules to Antagonize TRPM7,competitor,Competitor__VivaVision_Biotech__Small_Molecules_to_Antagonize_TRPM7,pipeline/competitor,,,
competitor::academic_research_tool_cct128930,CCT128930,competitor,Competitor__Academic_research_tool__CCT128930,pipeline/competitor,,,
competitor::academic_ns8593_sduy-225,NS8593 / SDUY-225,competitor,Competitor__Academic__NS8593_SDUY-225,pipeline/competitor,,,
competitor::academic_university_research_vpc01091.4_vpc4,VPC01091.4 / VPC4,competitor,Competitor__Academic_University_research__VPC01091.4_VPC4,pipeline/competitor,,,
competitor::university_of_hawaii_system_academic_natural_product_research_waixenicin_a,Waixenicin A,competitor,Competitor__University_of_Hawaii_System_academic_natural_product_research__Waixenicin_A,pipeline/competitor,,,
competitor::vivavision_biotech_vvn539,VVN539,competitor,Competitor__VivaVision_Biotech__VVN539,pipeline/competitor,,,
competitor::genentech_roche_and_others;_device_procedure_ecosystem_alteplase_tenect_30f72285,Alteplase / Tenecteplase / Mechanical thrombectomy,competitor,Competitor__Genentech_Roche_and_others;_device_procedure_ecosystem__Alteplase_Tenecteplase_Mechanical_thrombectomy,pipeline/competitor,,,
source::https_www.vivabioinnovator.com_portfolio_viva-vision,Viva BioInnovator portfolio: Viva Vision,source,Source__Viva_BioInnovator_portfolio_Viva_Vision,pipeline/source;source/other,,,E2
source::https_www.vivabiotech.com_news_789.html,VivaVision Series D2 financing and pipeline summary,source,Source__VivaVision_Series_D2_financing_and_pipeline_summary,pipeline/source;source/official_company,,,E2
source::https_www.marketresearch.com_global-markets-direct-v3480_glaucoma-drugs_f451f4c7,MarketResearch/GlobalData glaucoma pipeline report,source,Source__MarketResearch_GlobalData_glaucoma_pipeline_report,pipeline/source;source/market,,,E2
source::https_www.marketresearch.com_global-markets-direct-v3480_stroke-drugs-d_51a7d3b9,MarketResearch/GlobalData stroke pipeline report,source,Source__MarketResearch_GlobalData_stroke_pipeline_report,pipeline/source;source/market,,,E2
source::https_www.ncbi.nlm.nih.gov_gene_54822,NCBI Gene TRPM7,source,Source__NCBI_Gene_TRPM7,pipeline/source;source/other,,,E2
source::https_www.nature.com_articles_s41467-023-38362-3,Structural mechanisms of TRPM7 activation and inhibition,source,Source__Structural_mechanisms_of_TRPM7_activation_and_inhibition,pipeline/source;source/publication,,,E2
source::https_link.springer.com_article_10.1186_s12974-024-03292-4,TRPM7 contributes to pyroptosis and status epilepticus,source,Source__TRPM7_contributes_to_pyroptosis_and_status_epilepticus,pipeline/source;source/publication,,,E2
source::https_www.vivavisionbio.com_en,VivaVision official website,source,Source__VivaVision_official_website,pipeline/source;source/official_company,,,E2
source::https_www.vivabioinnovator.com_news_vvn539-a-dual-target-innovative-dru_6bd2c1f0,VVN539 Phase II announcement,source,Source__VVN539_Phase_II_announcement,pipeline/source;source/official_company,,,E2
source::https_pubmed.ncbi.nlm.nih.gov_38192683,VVN539 Phase 2 publication,source,Source__VVN539_Phase_2_publication,pipeline/source;source/publication,,,E2
source::https_patents.google.com_patent_cn118340775a_en,VVN539 patent,source,Source__VVN539_patent,pipeline/source;source/other,,,E2
source::https_rupress.org_jgp_article_156_1_e202313419_276399_analogs-of-fty720_995336bc,JGP FTY720 analogs inhibit TRPM7,source,Source__JGP_FTY720_analogs_inhibit_TRPM7,pipeline/source;source/publication,,,E2
source::https_pubmed.ncbi.nlm.nih.gov_37433006,Science Signaling TRPM7 kinase activity and amyloid-beta degradation,source,Source__Science_Signaling_TRPM7_kinase_activity_and_amyloid-beta_degradation,pipeline/source;source/publication,,,E2
source::https_www.cdc.gov_stroke_data-research_facts-stats_index.html,CDC Stroke Facts,source,Source__CDC_Stroke_Facts,pipeline/source;source/market,,,E2
source::https_www.stroke.org_en_about-stroke_types-of-stroke_ischemic-stroke-clots,American Stroke Association Ischemic Stroke,source,Source__American_Stroke_Association_Ischemic_Stroke,pipeline/source;source/market,,,E2
source::https_www.cell.com_cell-reports_fulltext_s2211-1247%2824%2900436-4,CCT128930 source,source,Source__CCT128930_source,pipeline/source;source/other,,,E2
source::https_synapse.patsnap.com_drug_fc93832996cf23becaadb14833e7a0a4,Waixenicin A source,source,Source__Waixenicin_A_source,pipeline/source;source/other,,,E2
source::https_www.mdpi.com_1422-0067_25_2_719,https://www.mdpi.com/1422-0067/25/2/719,source,Source__https_www.mdpi.com_1422-0067_25_2_719,pipeline/source;source/other,,,E2
source::https_www.ahajournals.org_doi_10.1161_strokeaha.116.015822,https://www.ahajournals.org/doi/10.1161/STROKEAHA.116.015822,source,Source__https_www.ahajournals.org_doi_10.1161_STROKEAHA.116.015822,pipeline/source;source/other,,,E2
asset::hy209_nucerin,HY209 / NuCerin,asset,Asset__HY209_NuCerin,pipeline/asset;theme/neuroimmune,16,Watch,E3
company::shaperon_inc,Shaperon Inc.,company,Company__Shaperon_Inc,pipeline/company,,,
target::gpcr19_tgr5_with_downstream_p2x7r-nlrp3_inflammasome_modulation,GPCR19 / TGR5 with downstream P2X7R-NLRP3 inflammasome modulation,target,Target__GPCR19_TGR5_with_downstream_P2X7R-NLRP3_inflammasome_modulation,pipeline/target,,,
"moa::hy209_tdca_activates_gpcr19_tgr5_and_modulates_gpcr19-p2x7_interaction,_4c969749","HY209/TDCA activates GPCR19/TGR5 and modulates GPCR19-P2X7 interaction, suppressing P2X7R-mediated Ca2+ mobilization, NLRP3 activation and IL-1β/IL-18 production in microglia; in AD mouse models it is reported to reduce Aβ plaques, microgliosis and neuronal loss and improve memory.",moa,"MoA__HY209_TDCA_activates_GPCR19_TGR5_and_modulates_GPCR19-P2X7_interaction,_4c969749",pipeline/moa,,,
indication::alzheimer’s_disease,Alzheimer’s disease,indication,Indication__Alzheimer’s_disease,pipeline/indication,,,
scorecard::hy209_nucerin_20260622,Scorecard - HY209 / NuCerin,scorecard,Scorecard__HY209_NuCerin__20260622,pipeline/scorecard,16,Watch,E3
competitor::eisai_biogen_bioarctic_leqembi_lecanemab,Leqembi / lecanemab,competitor,Competitor__Eisai_Biogen_BioArctic__Leqembi_lecanemab,pipeline/competitor,,,
competitor::eli_lilly_kisunla_donanemab,Kisunla / donanemab,competitor,Competitor__Eli_Lilly__Kisunla_donanemab,pipeline/competitor,,,
competitor::nodthera_nt-0796,NT-0796,competitor,Competitor__NodThera__NT-0796,pipeline/competitor,,,
competitor::ventyx_biosciences_vtx3232,VTX3232,competitor,Competitor__Ventyx_Biosciences__VTX3232,pipeline/competitor,,,
competitor::ventus_therapeutics_vent-02,VENT-02,competitor,Competitor__Ventus_Therapeutics__VENT-02,pipeline/competitor,,,
competitor::olatec_dapansutrile_olt1177,Dapansutrile / OLT1177,competitor,Competitor__Olatec__Dapansutrile_OLT1177,pipeline/competitor,,,
source::https_shaperon.com_en_sub_pipeline.html,Shaperon official pipeline page,source,Source__Shaperon_official_pipeline_page,pipeline/source;source/other,,,E3
source::https_shaperon.com_en_main_main.html,Shaperon official homepage,source,Source__Shaperon_official_homepage,pipeline/source;source/official_company,,,E3
source::https_www.frontiersin.org_journals_immunology_articles_10.3389_fimmu.20_fc7b5288,Frontiers Immunology GPCR19/P2X7R/NLRP3 AD mouse paper,source,Source__Frontiers_Immunology_GPCR19_P2X7R_NLRP3_AD_mouse_paper,pipeline/source;source/publication,,,E3
source::https_www.centerwatch.com_clinical-trials_listings_nct06533878_evaluate_75da78f2,NCT06533878 HY209 Phase 1 listing,source,Source__NCT06533878_HY209_Phase_1_listing,pipeline/source;source/clinical_trial_registry,,,E3
source::https_app.rndcircle.io_lab_c061ff05-ac82-4bae-93f1-aa04115834c0_papers_aa7299bb,NuCerin oral HY209 AD mouse abstract summary,source,Source__NuCerin_oral_HY209_AD_mouse_abstract_summary,pipeline/source;source/publication,,,E3
source::ai_draft_search_note,AI draft search note,source,Source__AI_draft_search_note,pipeline/source;source/other,,,E3
source::https_englishdart.fss.or.kr_dsbc001_selectpopup.ax_selectkey=01387164,DART Shaperon company profile,source,Source__DART_Shaperon_company_profile,pipeline/source;source/company_registry,,,E3
source::https_www.bio.org_events_bio-international-convention_sessions_2420132,BIO company profile,source,Source__BIO_company_profile,pipeline/source;source/company_profile,,,E3
source::https_www.who.int_news-room_fact-sheets_detail_dementia,WHO dementia fact sheet,source,Source__WHO_dementia_fact_sheet,pipeline/source;source/market,,,E3
source::https_www.alz.org_alzheimers-dementia_facts-figures,Alzheimer's Association Facts and Figures,source,Source__Alzheimer's_Association_Facts_and_Figures,pipeline/source;source/market,,,E3
source::https_www.nodthera.com_news_nodtheras-nlrp3-inhibitor-nt-0796-reverses-_4c6e96b7,NT-0796 source,source,Source__NT-0796_source,pipeline/source;source/other,,,E3
source::https_clinicaltrials.gov_study_nct06556173,VTX3232 source,source,Source__VTX3232_source,pipeline/source;source/other,,,E3
source::https_www.ventustx.com_ventus-therapeutics-announces-first-patient-dose_15e90dd2,VENT-02 source,source,Source__VENT-02_source,pipeline/source;source/other,,,E3
source::https_www.frontiersin.org_journals_pharmacology_articles_10.3389_fphar._243e0656,Dapansutrile / OLT1177 source,source,Source__Dapansutrile_OLT1177_source,pipeline/source;source/other,,,E3
source::https_hudsontherapeutics.com_inflammasome,https://hudsontherapeutics.com/inflammasome,source,Source__https_hudsontherapeutics.com_inflammasome,pipeline/source;source/other,,,E3
source::https_www.frontiersin.org_journals_pharmacology_articles_10.3389_fphar._78cd83ed,https://www.frontiersin.org/journals/pharmacology/articles/10.3389/fphar.2022.845185/full,source,Source__https_www.frontiersin.org_journals_pharmacology_articles_10.3389_fphar._78cd83ed,pipeline/source;source/other,,,E3
source::https_www.alzdiscovery.org_uploads_cognitive_vitality_media_nlrp3_inhib_1c280093,https://www.alzdiscovery.org/uploads/cognitive_vitality_media/NLRP3_Inhibitors_UPDATE_%28drug_in_development%29.pdf,source,Source__https_www.alzdiscovery.org_uploads_cognitive_vitality_media_NLRP3_Inhib_1c280093,pipeline/source;source/other,,,E3
source::https_www.mdpi.com_1422-0067_25_17_9279,https://www.mdpi.com/1422-0067/25/17/9279,source,Source__https_www.mdpi.com_1422-0067_25_17_9279,pipeline/source;source/other,,,E3
source::https_pmc.ncbi.nlm.nih.gov_articles_pmc11212731,https://pmc.ncbi.nlm.nih.gov/articles/PMC11212731/,source,Source__https_pmc.ncbi.nlm.nih.gov_articles_PMC11212731,pipeline/source;source/other,,,E3
source::https_doaj.org_article_89f6e0b19a8d46f9b3063ba13be1f0d1,https://doaj.org/article/89f6e0b19a8d46f9b3063ba13be1f0d1,source,Source__https_doaj.org_article_89f6e0b19a8d46f9b3063ba13be1f0d1,pipeline/source;source/other,,,E3
source::https_www.bioworld.com_articles_518211-bridge-biotherapeutics-inks-30b-_dd0e8f4d,https://www.bioworld.com/articles/518211-bridge-biotherapeutics-inks-30b-deal-with-shaperon-for-gpcr19-agonist,source,Source__https_www.bioworld.com_articles_518211-bridge-biotherapeutics-inks-30b-_dd0e8f4d,pipeline/source;source/other,,,E3
source::https_link.springer.com_article_10.1186_s12974-021-02087-1,https://link.springer.com/article/10.1186/s12974-021-02087-1,source,Source__https_link.springer.com_article_10.1186_s12974-021-02087-1,pipeline/source;source/other,,,E3
asset::meta-01_meta-1i_mp-5342,META-01 / META-1i / MP-5342,asset,Asset__META-01_META-1i_MP-5342,pipeline/asset;theme/neuroimmune,11,Watch,E2
company::meta_pharmaceuticals_inc,META Pharmaceuticals Inc.,company,Company__META_Pharmaceuticals_Inc,pipeline/company,,,
target::ldh_lactate_dehydrogenase;_likely_ldha-focused_but_isoform_selectivity_2955c872,LDH / lactate dehydrogenase; likely LDHA-focused but isoform selectivity is not fully public,target,Target__LDH_lactate_dehydrogenase;_likely_LDHA-focused_but_isoform_selectivity_2955c872,pipeline/target,,,
moa::oral_small-molecule_ldh_inhibition_intended_to_modulate_immune-cell_glu_8049671b,"Oral small-molecule LDH inhibition intended to modulate immune-cell glucose metabolism and T-cell/B-cell function, restoring immune balance and reducing pathogenic inflammation. CNS relevance is indirect through autoimmune/neuroimmune expansion such as multiple sclerosis.",moa,MoA__Oral_small-molecule_LDH_inhibition_intended_to_modulate_immune-cell_glu_8049671b,pipeline/moa,,,
modality::oral_small_molecule;_immunometabolism_platform;_ai-assisted_metabolic_p_ce1f0603,Oral small molecule; immunometabolism platform; AI-assisted metabolic pathway target discovery with XtalPi AI/FEP/robotic synthesis support,modality,Modality__Oral_small_molecule;_immunometabolism_platform;_AI-assisted_metabolic_p_ce1f0603,pipeline/modality,,,
indication::lead_disclosed_indication_inflammatory_bowel_disease;_expansion_potenti_5e2ac79e,"Lead disclosed indication: inflammatory bowel disease; expansion potential claimed for MS, PBC and atopic dermatitis",indication,Indication__Lead_disclosed_indication_inflammatory_bowel_disease;_expansion_potenti_5e2ac79e,pipeline/indication,,,
cluster::말초_면역기관_연결,말초 면역기관 연결,cluster,Cluster__말초_면역기관_연결,skbp/cluster,,,
scorecard::meta-01_meta-1i_mp-5342_20260622,Scorecard - META-01 / META-1i / MP-5342,scorecard,Scorecard__META-01_META-1i_MP-5342__20260622,pipeline/scorecard,11,Watch,E2
competitor::abbvie_skyrizi_risankizumab,Skyrizi / risankizumab,competitor,Competitor__AbbVie__Skyrizi_risankizumab,pipeline/competitor,,,
competitor::abbvie_rinvoq_upadacitinib,Rinvoq / upadacitinib,competitor,Competitor__AbbVie__Rinvoq_upadacitinib,pipeline/competitor,,,
competitor::eli_lilly_omvoh_mirikizumab,Omvoh / mirikizumab,competitor,Competitor__Eli_Lilly__Omvoh_mirikizumab,pipeline/competitor,,,
competitor::takeda_entyvio_vedolizumab,Entyvio / vedolizumab,competitor,Competitor__Takeda__Entyvio_vedolizumab,pipeline/competitor,,,
competitor::merck_tulisokibart_mk-7240,Tulisokibart / MK-7240,competitor,Competitor__Merck__Tulisokibart_MK-7240,pipeline/competitor,,,
competitor::sanofi_teva_duvakitug_tev-48574,Duvakitug / TEV-48574,competitor,Competitor__Sanofi_Teva__Duvakitug_TEV-48574,pipeline/competitor,,,
competitor::roche_telavant_rvt-3101_afimkibart,RVT-3101 / afimkibart,competitor,Competitor__Roche_Telavant__RVT-3101_afimkibart,pipeline/competitor,,,
competitor::academic_tool_compounds_fx11_gsk2837808a-type_ldha_inhibitors,FX11 / GSK2837808A-type LDHA inhibitors,competitor,Competitor__Academic_tool_compounds__FX11_GSK2837808A-type_LDHA_inhibitors,pipeline/competitor,,,
source::https_en.metabiopharma.com,META Pharmaceuticals official homepage,source,Source__META_Pharmaceuticals_official_homepage,pipeline/source;source/other,,,E2
source::https_en.metabiopharma.com_index.php_news,META Pharmaceuticals official news,source,Source__META_Pharmaceuticals_official_news,pipeline/source;source/official_company,,,E2
source::https_metabiopharma.com,META Pharmaceuticals Chinese official site,source,Source__META_Pharmaceuticals_Chinese_official_site,pipeline/source;source/official_company,,,E2
source::https_synapse.patsnap.com_drug_7196b08c3c4b4dd3bbc0cd3292c675b0,Synapse META-01 profile,source,Source__Synapse_META-01_profile,pipeline/source;source/other,,,E2
source::https_www.prnewswire.com_apac_news-releases_xtalpi-holdings-announces-f_7598d997,XtalPi 2025 annual results,source,Source__XtalPi_2025_annual_results,pipeline/source;source/news,,,E2
source::https_pubmed.ncbi.nlm.nih.gov_27708054,Science 2016 LDHA/T helper 1 paper,source,Source__Science_2016_LDHA_T_helper_1_paper,pipeline/source;source/publication,,,E2
source::https_pubmed.ncbi.nlm.nih.gov_33479154,Science 2021 CD8 T-cell LDHA paper,source,Source__Science_2021_CD8_T-cell_LDHA_paper,pipeline/source;source/publication,,,E2
source::https_pmc.ncbi.nlm.nih.gov_articles_pmc10069527,Global IBD burden paper,source,Source__Global_IBD_burden_paper,pipeline/source;source/market,,,E2
source::https_en.metabiopharma.com_index.php_about,META Pharmaceuticals About page,source,Source__META_Pharmaceuticals_About_page,pipeline/source;source/official_company,,,E2
source::https_www.hkstp.org_en_park-life_news-and-events_news_meta-pharm-inc-an_bd5ce4fb,HKSTP Series A1 financing news,source,Source__HKSTP_Series_A1_financing_news,pipeline/source;source/news,,,E2
source::https_synapse.patsnap.com_organization_beb5d2619a0c1fa0af931d10269fb4e4,Synapse Shenzhen META Pharmaceuticals organization profile,source,Source__Synapse_Shenzhen_META_Pharmaceuticals_organization_profile,pipeline/source;source/other,,,E2
source::https_adisinsight.springer.com_drugs_800074116,AdisInsight META 1i,source,Source__AdisInsight_META_1i,pipeline/source;source/other,,,E2
source::https_pubmed.ncbi.nlm.nih.gov_33979589,Immunity 2021 Th17 glycolysis paper,source,Source__Immunity_2021_Th17_glycolysis_paper,pipeline/source;source/publication,,,E2
source::https_www.cdc.gov_inflammatory-bowel-disease_php_facts-stats_index.html,CDC IBD facts and stats,source,Source__CDC_IBD_facts_and_stats,pipeline/source;source/market,,,E2
source::https_news.abbvie.com_2024-06-18-u-s-fda-approves-skyrizi-r-risankizuma_56617c43,Skyrizi / risankizumab source,source,Source__Skyrizi_risankizumab_source,pipeline/source;source/other,,,E2
source::https_news.abbvie.com_2025-10-13-u-s-food-and-drug-administration-fda-a_94c1c66c,Rinvoq / upadacitinib source,source,Source__Rinvoq_upadacitinib_source,pipeline/source;source/other,,,E2
source::https_www.prnewswire.com_news-releases_fda-approves-lillys-omvoh-miriki_bad9781b,Omvoh / mirikizumab source,source,Source__Omvoh_mirikizumab_source,pipeline/source;source/other,,,E2
source::https_www.takeda.com_newsroom_newsreleases_2024_fda-approves-subcutaneo_626609f9,Entyvio / vedolizumab source,source,Source__Entyvio_vedolizumab_source,pipeline/source;source/other,,,E2
source::https_www.merck.com_news_merck-to-present-new-long-term-data-for-tuliso_47bdd5f3,Tulisokibart / MK-7240 source,source,Source__Tulisokibart_MK-7240_source,pipeline/source;source/other,,,E2
source::https_www.sanofi.com_en_media-room_press-releases_2026_2026-02-17-11-00_04c36811,Duvakitug / TEV-48574 source,source,Source__Duvakitug_TEV-48574_source,pipeline/source;source/other,,,E2
source::https_www.roche.com_investors_updates_inv-update-2023-10-23,RVT-3101 / afimkibart source,source,Source__RVT-3101_afimkibart_source,pipeline/source;source/other,,,E2
source::https_pubmed.ncbi.nlm.nih.gov_32602217,FX11 / GSK2837808A-type LDHA inhibitors source,source,Source__FX11_GSK2837808A-type_LDHA_inhibitors_source,pipeline/source;source/other,,,E2
source::https_pmc.ncbi.nlm.nih.gov_articles_pmc8913504,https://pmc.ncbi.nlm.nih.gov/articles/PMC8913504/,source,Source__https_pmc.ncbi.nlm.nih.gov_articles_PMC8913504,pipeline/source;source/other,,,E2
source::https_pmc.ncbi.nlm.nih.gov_articles_pmc10799425,https://pmc.ncbi.nlm.nih.gov/articles/PMC10799425/,source,Source__https_pmc.ncbi.nlm.nih.gov_articles_PMC10799425,pipeline/source;source/other,,,E2
source::https_en.metabiopharma.com_index.php_science,https://en.metabiopharma.com/index.php/science/,source,Source__https_en.metabiopharma.com_index.php_science,pipeline/source;source/other,,,E2
source::https_www.vcbeathealth.com_article_4398,https://www.vcbeathealth.com/article/4398,source,Source__https_www.vcbeathealth.com_article_4398,pipeline/source;source/other,,,E2
source::https_www.prnewswire.com_news-releases_meta-pharmaceuticals-announces-f_11d397f9,https://www.prnewswire.com/news-releases/meta-pharmaceuticals-announces-fda-grants-rare-pediatric-disease-designation-to-meta-001-ph-for-the-treatment-of-primary-hyperoxaluria-302214393.html,source,Source__https_www.prnewswire.com_news-releases_meta-pharmaceuticals-announces-f_11d397f9,pipeline/source;source/other,,,E2
source::https_www.rinvoq.com_cost,https://www.rinvoq.com/cost,source,Source__https_www.rinvoq.com_cost,pipeline/source;source/other,,,E2
source::https_www.skyrizi.com_ulcerative-colitis_cost-and-savings,https://www.skyrizi.com/ulcerative-colitis/cost-and-savings,source,Source__https_www.skyrizi.com_ulcerative-colitis_cost-and-savings,pipeline/source;source/other,,,E2
source::https_icer.org_news-insights_press-releases_icer-publishes-final-report_8763a14b,https://icer.org/news-insights/press-releases/icer-publishes-final-report-and-policy-recommendations-for-targeted-immune-modulator-therapies-for-ulcerative-colitis/,source,Source__https_icer.org_news-insights_press-releases_icer-publishes-final-report_8763a14b,pipeline/source;source/other,,,E2
asset::ns-041,NS-041,asset,Asset__NS-041,pipeline/asset;theme/e_i_balance,14,Watch,E4
company::neushen_therapeutics,NeuShen Therapeutics,company,Company__NeuShen_Therapeutics,pipeline/company,,,
target::kcnq2_3_(kv7.2_kv7.3),KCNQ2/3 (Kv7.2/Kv7.3),target,Target__KCNQ2_3_(Kv7.2_Kv7.3),pipeline/target,,,
"moa::selective_kcnq2_3_activator;_modulates_m-current,_hyperpolarizes_neuron_889f7860","Selective KCNQ2/3 activator; modulates M-current, hyperpolarizes neurons, suppresses repetitive action potential firing and neuronal hyperexcitability.",moa,"MoA__Selective_KCNQ2_3_activator;_modulates_M-current,_hyperpolarizes_neuron_889f7860",pipeline/moa,,,
modality::oral_small-molecule_tablet;_neushen_small-molecule_cns_discovery_platform,Oral small-molecule / tablet; NeuShen small-molecule CNS discovery platform,modality,Modality__Oral_small-molecule_tablet;_NeuShen_small-molecule_CNS_discovery_platform,pipeline/modality,,,
indication::focal_onset_seizure;_major_depressive_disorder;_pain,Focal onset seizure; major depressive disorder; pain,indication,Indication__Focal_onset_seizure;_major_depressive_disorder;_pain,pipeline/indication,,,
scorecard::ns-041_20260623,Scorecard - NS-041,scorecard,Scorecard__NS-041__20260623,pipeline/scorecard,14,Watch,E4
competitor::xenon_pharmaceuticals_azetukalner_xen1101,Azetukalner / XEN1101,competitor,Competitor__Xenon_Pharmaceuticals__Azetukalner_XEN1101,pipeline/competitor,,,
competitor::biohaven_opakalim_bhv-7000,Opakalim / BHV-7000,competitor,Competitor__Biohaven__Opakalim_BHV-7000,pipeline/competitor,,,
competitor::gsk_valeant_historical_retigabine_ezogabine_potiga_trobalt,Retigabine / Ezogabine / Potiga / Trobalt,competitor,Competitor__GSK_Valeant_historical__Retigabine_Ezogabine_Potiga_Trobalt,pipeline/competitor,,,
competitor::quralis_qrl-101,QRL-101,competitor,Competitor__QurAlis__QRL-101,pipeline/competitor,,,
competitor::saniona_jazz_pharmaceuticals_san2355,SAN2355,competitor,Competitor__Saniona_Jazz_Pharmaceuticals__SAN2355,pipeline/competitor,,,
competitor::praxis_precision_medicines_prax-628,PRAX-628,competitor,Competitor__Praxis_Precision_Medicines__PRAX-628,pipeline/competitor,,,
competitor::sk_life_science_sk_biopharmaceuticals_cenobamate_xcopri,Cenobamate / XCOPRI,competitor,Competitor__SK_Life_Science_SK_Biopharmaceuticals__Cenobamate_XCOPRI,pipeline/competitor,,,
source::https_www.neushen.com_news_2024_neushen-therapeutics-granted-nmpa-cde-i_17f201b3,NeuShen NS-041 NMPA CDE IND approval,source,Source__NeuShen_NS-041_NMPA_CDE_IND_approval,pipeline/source;source/other,,,E4
source::https_www.neushen.com_our-pipeline.html,NeuShen pipeline,source,Source__NeuShen_pipeline,pipeline/source;source/official_company,,,E4
source::https_www.neushen.com_news_2023_neushen-therapeutics-announces-poster-p_8287ae4c,NeuShen ACS Fall 2023 poster,source,Source__NeuShen_ACS_Fall_2023_poster,pipeline/source;source/official_company,,,E4
source::https_www.hkexnews.hk_listedco_listconews_sehk_2025_1221_2025122100017.pdf,HKEX/Livzon depression clinical trial approval,source,Source__HKEX_Livzon_depression_clinical_trial_approval,pipeline/source;source/clinical_trial_registry,,,E4
source::https_en.livzon.com.cn_news_1028.html,Livzon Phase I completion,source,Source__Livzon_Phase_I_completion,pipeline/source;source/news,,,E4
source::https_www.neushen.com_company.html,NeuShen company page,source,Source__NeuShen_company_page,pipeline/source;source/official_company,,,E4
source::https_www.chinadrugtrials.org.cn_clinicaltrials.searchlist.dhtml_keywor_8402ee62,China Drug Trials CTR20251874,source,Source__China_Drug_Trials_CTR20251874,pipeline/source;source/clinical_trial_registry,,,E4
source::https_www.chinadrugtrials.org.cn_clinicaltrials.searchlist.dhtml_keywor_3bfec74b,China Drug Trials CTR20253838,source,Source__China_Drug_Trials_CTR20253838,pipeline/source;source/clinical_trial_registry,,,E4
source::https_jamanetwork.com_journals_jamaneurology_fullarticle_2809938,JAMA Neurology XEN1101 Phase 2b trial,source,Source__JAMA_Neurology_XEN1101_Phase_2b_trial,pipeline/source;source/publication,,,E0
source::https_jamanetwork.com_journals_jamanetworkopen_fullarticle_2834419,JAMA Network Open azetukalner MDD,source,Source__JAMA_Network_Open_azetukalner_MDD,pipeline/source;source/publication,,,E4
source::https_investor.xenon-pharma.com_news-releases_news-release-details_xeno_dfccb5d1,Xenon Announces Positive Topline Data from Phase 3 X-TOLE2 Study,source,Source__Xenon_Announces_Positive_Topline_Data_from_Phase_3_X-TOLE2_Study,pipeline/source;source/other,,,E0
source::https_www.biohaven.com_pipeline_innovation-engine_kv7,Biohaven Kv7 Ion Channel Modulation Platform,source,Source__Biohaven_Kv7_Ion_Channel_Modulation_Platform,pipeline/source;source/other,,,E0
source::https_www.who.int_news-room_fact-sheets_detail_epilepsy,WHO epilepsy fact sheet,source,Source__WHO_epilepsy_fact_sheet,pipeline/source;source/market,,,E4
source::https_www.sklifescienceinc.com_pdf_sklsi_connecticut_prescriber_disclos_5d011039,SK Life Science XCOPRI WAC disclosure,source,Source__SK_Life_Science_XCOPRI_WAC_disclosure,pipeline/source;source/market,,,E4
source::https_www.accessdata.fda.gov_drugsatfda_docs_label_2013_022345s006lbl.pdf,Retigabine / Ezogabine / Potiga / Trobalt source,source,Source__Retigabine_Ezogabine_Potiga_Trobalt_source,pipeline/source;source/other,,,E4
source::https_www.quralis.com_news_quralis-announces-expansion-of-its-selective_9729cd1f,QRL-101 source,source,Source__QRL-101_source,pipeline/source;source/other,,,E4
source::https_www.bioworld.com_articles_723481-jazz-gains-rights-to-sanionas-san-2355,SAN2355 source,source,Source__SAN2355_source,pipeline/source;source/other,,,E4
source::https_ir.praxismedicines.com_news-releases_news-release-details_praxis-_54863f5e,PRAX-628 source,source,Source__PRAX-628_source,pipeline/source;source/other,,,E4
source::https_www.neushen.com_news_2023_neushen-therapeutics-announces-nmpa-cde_495859f0,https://www.neushen.com/news/2023/neushen-therapeutics-announces-nmpa-cde-acceptance-of-ind-application-for-kcnq23-activator-ns-041.html,source,Source__https_www.neushen.com_news_2023_neushen-therapeutics-announces-nmpa-cde_495859f0,pipeline/source;source/other,,,E4
source::https_www.prnewswire.com_news-releases_biohaven-reports-new-clinical-da_fced1f21,Biohaven Reports New Clinical Data in Epilepsy with Opakalim,source,Source__Biohaven_Reports_New_Clinical_Data_in_Epilepsy_with_Opakalim,pipeline/source;source/news,,,E0
source::https_www.gsk.com_en-gb_media_press-releases_gsk-and-valeant-receive-eu_0732d64c,https://www.gsk.com/en-gb/media/press-releases/gsk-and-valeant-receive-european-authorisation-for-trobalt-retigabine/,source,Source__https_www.gsk.com_en-gb_media_press-releases_gsk-and-valeant-receive-eu_0732d64c,pipeline/source;source/other,,,E4
source::https_www.ilae.org_files_dmfile_gsk_retigabinetrobalt-reminder.pdf,https://www.ilae.org/files/dmfile/GSK_RetigabineTrobalt-Reminder.pdf,source,Source__https_www.ilae.org_files_dmfile_GSK_RetigabineTrobalt-Reminder.pdf,pipeline/source;source/other,,,E4
source::https_mfn.se_a_saniona_saniona-provides-update-on-major-progress-for-san2355,https://mfn.se/a/saniona/saniona-provides-update-on-major-progress-for-san2355,source,Source__https_mfn.se_a_saniona_saniona-provides-update-on-major-progress-for-san2355,pipeline/source;source/other,,,E4
source::https_www.neushen.com_news_2026_neushen-therapeutics-announces-completi_523a0bb1,https://www.neushen.com/news/2026/neushen-therapeutics-announces-completion-of-series-a-plus-financing.html,source,Source__https_www.neushen.com_news_2026_neushen-therapeutics-announces-completi_523a0bb1,pipeline/source;source/other,,,E4
source::https_synapse.patsnap.com_drug_ffa60f392516470c92875b9236e91c4e,https://synapse.patsnap.com/drug/ffa60f392516470c92875b9236e91c4e,source,Source__https_synapse.patsnap.com_drug_ffa60f392516470c92875b9236e91c4e,pipeline/source;source/other,,,E4
source::https_pmc.ncbi.nlm.nih.gov_articles_pmc1071497,https://pmc.ncbi.nlm.nih.gov/articles/PMC1071497/,source,Source__https_pmc.ncbi.nlm.nih.gov_articles_PMC1071497,pipeline/source;source/other,,,E4
source::https_securities.miraeasset.com_bbs_download_2108666.pdf_attachmentid=2108666,https://securities.miraeasset.com/bbs/download/2108666.pdf?attachmentId=2108666,source,Source__https_securities.miraeasset.com_bbs_download_2108666.pdf_attachmentId=2108666,pipeline/source;source/other,,,E4
asset::azetukalner_xen1101,Azetukalner / XEN1101,asset,Asset__Azetukalner_XEN1101,pipeline/asset;theme/e_i_balance,,Run Full Scout,E0
company::xenon_pharmaceuticals,Xenon Pharmaceuticals,company,Company__Xenon_Pharmaceuticals,pipeline/company,,,
target::kv7_kcnq_potassium_channels,Kv7/KCNQ potassium channels,target,Target__Kv7_KCNQ_potassium_channels,pipeline/target,,,
moa::potassium_channel_opener_neuronal_hyperexcitability_reduction,Potassium channel opener / neuronal hyperexcitability reduction,moa,MoA__Potassium_channel_opener_neuronal_hyperexcitability_reduction,pipeline/moa,,,
indication::focal_onset_seizures,Focal onset seizures,indication,Indication__Focal_onset_seizures,pipeline/indication,,,
scorecard::azetukalner_xen1101_20260623,Scorecard - Azetukalner / XEN1101,scorecard,Scorecard__Azetukalner_XEN1101__20260623,pipeline/scorecard,,Run Full Scout,E0
asset::opakalim_bhv-7000,Opakalim / BHV-7000,asset,Asset__Opakalim_BHV-7000,pipeline/asset;theme/e_i_balance,,Run Full Scout,E0
company::biohaven,Biohaven,company,Company__Biohaven,pipeline/company,,,
target::kv7.2_kv7.3,Kv7.2/Kv7.3,target,Target__Kv7.2_Kv7.3,pipeline/target,,,
moa::selective_kv7.2_kv7.3_potassium_channel_activator,Selective Kv7.2/Kv7.3 potassium channel activator,moa,MoA__Selective_Kv7.2_Kv7.3_potassium_channel_activator,pipeline/moa,,,
indication::focal_epilepsy_and_broader_epilepsy_populations,Focal epilepsy and broader epilepsy populations,indication,Indication__Focal_epilepsy_and_broader_epilepsy_populations,pipeline/indication,,,
scorecard::opakalim_bhv-7000_20260623,Scorecard - Opakalim / BHV-7000,scorecard,Scorecard__Opakalim_BHV-7000__20260623,pipeline/scorecard,,Run Full Scout,E0
asset::qrl-101,QRL-101,asset,Asset__QRL-101,pipeline/asset;theme/e_i_balance,,Run Full Scout,E0
company::quralis,QurAlis,company,Company__QurAlis,pipeline/company,,,
moa::selective_kv7.2_kv7.3_ion-channel_opener_intended_to_reduce_neuronal_hy_86d0a748,Selective Kv7.2/Kv7.3 ion-channel opener intended to reduce neuronal hyperexcitability,moa,MoA__Selective_Kv7.2_Kv7.3_ion-channel_opener_intended_to_reduce_neuronal_hy_86d0a748,pipeline/moa,,,
modality::oral_small_molecule,Oral small molecule,modality,Modality__Oral_small_molecule,pipeline/modality,,,
indication::dee_planning;_als_hyperexcitability_clinical_pom_context,DEE planning; ALS hyperexcitability clinical PoM context,indication,Indication__DEE_planning;_ALS_hyperexcitability_clinical_PoM_context,pipeline/indication,,,
scorecard::qrl-101_20260623,Scorecard - QRL-101,scorecard,Scorecard__QRL-101__20260623,pipeline/scorecard,,Run Full Scout,E0
source::https_www.quralis.com_news_quralis-to-present-data-from-its-phase-1-cli_4ee5fefb,QurAlis Phase 1 QRL-101 AES 2025 announcement,source,Source__QurAlis_Phase_1_QRL-101_AES_2025_announcement,pipeline/source;source/other,,,E0
asset::san2355,SAN2355,asset,Asset__SAN2355,pipeline/asset;theme/e_i_balance,,Run Full Scout,E0
company::jazz_pharmaceuticals_saniona,Jazz Pharmaceuticals / Saniona,company,Company__Jazz_Pharmaceuticals_Saniona,pipeline/company,,,
moa::selective_small-molecule_activator_of_kv7.2_kv7.3_potassium_channels,Selective small-molecule activator of Kv7.2/Kv7.3 potassium channels,moa,MoA__Selective_small-molecule_activator_of_Kv7.2_Kv7.3_potassium_channels,pipeline/moa,,,
scorecard::san2355_20260623,Scorecard - SAN2355,scorecard,Scorecard__SAN2355__20260623,pipeline/scorecard,,Run Full Scout,E0
source::https_investor.jazzpharma.com_news-releases_news-release-details_jazz-p_cc776602,Jazz Pharmaceuticals enters exclusive licensing agreement for SAN2355,source,Source__Jazz_Pharmaceuticals_enters_exclusive_licensing_agreement_for_SAN2355,pipeline/source;source/other,,,E0
asset::rap-219,RAP-219,asset,Asset__RAP-219,pipeline/asset;theme/e_i_balance,,Run Full Scout,E0
company::rapport_therapeutics,Rapport Therapeutics,company,Company__Rapport_Therapeutics,pipeline/company,,,
target::tarpγ8-associated_ampa_receptor_modulation,TARPγ8-associated AMPA receptor modulation,target,Target__TARPγ8-associated_AMPA_receptor_modulation,pipeline/target,,,
moa::tarpγ8-specific_ampar_negative_allosteric_modulator,TARPγ8-specific AMPAR negative allosteric modulator,moa,MoA__TARPγ8-specific_AMPAR_negative_allosteric_modulator,pipeline/moa,,,
cluster::synaptic_transmission,Synaptic Transmission,cluster,Cluster__Synaptic_Transmission,skbp/cluster,,,
scorecard::rap-219_20260623,Scorecard - RAP-219,scorecard,Scorecard__RAP-219__20260623,pipeline/scorecard,,Run Full Scout,E0
source::https_investors.rapportrx.com_news-releases_news-release-details_rappor_bf39c8e4,Rapport RAP-219 Phase 2a follow-up results,source,Source__Rapport_RAP-219_Phase_2a_follow-up_results,pipeline/source;source/other,,,E0
source::https_aesnet.org_abstractslisting_efficacy-and-tolerability-of-rap-219-_1a629fcb,AES abstract: RAP-219 TARPγ8 NAM,source,Source__AES_abstract_RAP-219_TARPγ8_NAM,pipeline/source;source/publication,,,E0
asset::abs-1230,ABS-1230,asset,Asset__ABS-1230,pipeline/asset;theme/e_i_balance,15,Shortlist,E4
company::actio_biosciences,Actio Biosciences,company,Company__Actio_Biosciences,pipeline/company,,,
target::kcnt1,KCNT1,target,Target__KCNT1,pipeline/target,,,
moa::selective_kcnt1_ion-channel_inhibitor,Selective KCNT1 ion-channel inhibitor,moa,MoA__Selective_KCNT1_ion-channel_inhibitor,pipeline/moa,,,
indication::kcnt1-related_epilepsy,KCNT1-related epilepsy,indication,Indication__KCNT1-related_epilepsy,pipeline/indication,,,
scorecard::abs-1230_20260623,Scorecard - ABS-1230,scorecard,Scorecard__ABS-1230__20260623,pipeline/scorecard,15,Shortlist,E4
source::https_actiobiosciences.com_actio-biosciences-announces-first-participan_ae820dd4,ABS-1230 first participant dosed Phase 1,source,Source__ABS-1230_first_participant_dosed_Phase_1,pipeline/source;source/official_company,,,E4
source::https_www.clinicaltrialsarena.com_news_actio-biosciences-begins-abs-1230-trial,Clinical Trials Arena ABS-1230 Phase Ib/II trial,source,Source__Clinical_Trials_Arena_ABS-1230_Phase_Ib_II_trial,pipeline/source;source/news,,,E0
asset::zorevunersen_stk-001,Zorevunersen / STK-001,asset,Asset__Zorevunersen_STK-001,pipeline/asset;theme/e_i_balance,,Run Full Scout,E0
company::stoke_therapeutics_biogen,Stoke Therapeutics / Biogen,company,Company__Stoke_Therapeutics_Biogen,pipeline/company,,,
target::scn1a_nav1.1_expression_restoration,SCN1A / Nav1.1 expression restoration,target,Target__SCN1A_Nav1.1_expression_restoration,pipeline/target,,,
moa::aso_intended_to_increase_productive_scn1a_mrna_and_nav1.1_protein_expression,ASO intended to increase productive SCN1A mRNA and Nav1.1 protein expression,moa,MoA__ASO_intended_to_increase_productive_SCN1A_mRNA_and_Nav1.1_protein_expression,pipeline/moa,,,
modality::antisense_oligonucleotide,Antisense oligonucleotide,modality,Modality__Antisense_oligonucleotide,pipeline/modality,,,
indication::dravet_syndrome,Dravet syndrome,indication,Indication__Dravet_syndrome,pipeline/indication,,,
scorecard::zorevunersen_stk-001_20260623,Scorecard - Zorevunersen / STK-001,scorecard,Scorecard__Zorevunersen_STK-001__20260623,pipeline/scorecard,,Run Full Scout,E0
source::https_investor.stoketherapeutics.com_news-releases_news-release-details_a7bab995,Stoke Phase 3 EMPEROR timeline update,source,Source__Stoke_Phase_3_EMPEROR_timeline_update,pipeline/source;source/other,,,E0
source::https_www.stoketherapeutics.com_patients-families_clinical-studies,Stoke Clinical Studies,source,Source__Stoke_Clinical_Studies,pipeline/source;source/official_company,,,E0
asset::etx101,ETX101,asset,Asset__ETX101,pipeline/asset;theme/e_i_balance,,Run Full Scout,E0
company::encoded_therapeutics,Encoded Therapeutics,company,Company__Encoded_Therapeutics,pipeline/company,,,
target::scn1a_expression_regulation,SCN1A expression regulation,target,Target__SCN1A_expression_regulation,pipeline/target,,,
moa::aav9_gene_regulation_therapy_intended_to_increase_scn1a_expression,AAV9 gene regulation therapy intended to increase SCN1A expression,moa,MoA__AAV9_gene_regulation_therapy_intended_to_increase_SCN1A_expression,pipeline/moa,,,
modality::aav9_gene_therapy,AAV9 gene therapy,modality,Modality__AAV9_gene_therapy,pipeline/modality,,,
indication::scn1a-positive_dravet_syndrome,SCN1A-positive Dravet syndrome,indication,Indication__SCN1A-positive_Dravet_syndrome,pipeline/indication,,,
scorecard::etx101_20260623,Scorecard - ETX101,scorecard,Scorecard__ETX101__20260623,pipeline/scorecard,,Run Full Scout,E0
source::https_encoded.com_press-releases_encoded-therapeutics-presents-positive_27f71b38,Encoded ETX101 Phase 1/2 interim data,source,Source__Encoded_ETX101_Phase_1_2_interim_data,pipeline/source;source/other,,,E0
source::https_clinicaltrials.gov_study_nct05419492,ClinicalTrials.gov ETX101 ENDEAVOR,source,Source__ClinicalTrials.gov_ETX101_ENDEAVOR,pipeline/source;source/clinical_trial_registry,,,E0
asset::bexicaserin_lp352,Bexicaserin / LP352,asset,Asset__Bexicaserin_LP352,pipeline/asset;theme/e_i_balance,,Run Full Scout,E0
company::lundbeck_longboard_pharmaceuticals,Lundbeck / Longboard Pharmaceuticals,company,Company__Lundbeck_Longboard_Pharmaceuticals,pipeline/company,,,
target::5-ht2c_receptor,5-HT2C receptor,target,Target__5-HT2C_receptor,pipeline/target,,,
moa::highly_selective_5-ht2c_receptor_superagonist_for_seizure_reduction_in_dee,Highly selective 5-HT2C receptor superagonist for seizure reduction in DEE,moa,MoA__Highly_selective_5-HT2C_receptor_superagonist_for_seizure_reduction_in_DEE,pipeline/moa,,,
indication::developmental_and_epileptic_encephalopathies_including_dravet_syndrome_cc97e161,Developmental and epileptic encephalopathies including Dravet syndrome and Lennox-Gastaut syndrome,indication,Indication__Developmental_and_epileptic_encephalopathies_including_Dravet_syndrome_cc97e161,pipeline/indication,,,
scorecard::bexicaserin_lp352_20260623,Scorecard - Bexicaserin / LP352,scorecard,Scorecard__Bexicaserin_LP352__20260623,pipeline/scorecard,,Run Full Scout,E0
source::https_www.lundbeck.com_us_newsroom_2025_lundbeck-announces-positive-res_0c6bc5d2,Lundbeck PACIFIC OLE bexicaserin results,source,Source__Lundbeck_PACIFIC_OLE_bexicaserin_results,pipeline/source;source/other,,,E0
source::https_pmc.ncbi.nlm.nih.gov_articles_pmc12927688,Bexicaserin PACIFIC trial publication,source,Source__Bexicaserin_PACIFIC_trial_publication,pipeline/source;source/publication,,,E0
asset::bmb-101,BMB-101,asset,Asset__BMB-101,pipeline/asset;theme/e_i_balance,,Run Full Scout,E0
company::bright_minds_biosciences,Bright Minds Biosciences,company,Company__Bright_Minds_Biosciences,pipeline/company,,,
moa::highly_selective_5-ht2c_receptor_agonist_biased_agonist,Highly selective 5-HT2C receptor agonist / biased agonist,moa,MoA__Highly_selective_5-HT2C_receptor_agonist_biased_agonist,pipeline/moa,,,
indication::classic_absence_epilepsy_and_developmental_epileptic_encephalopathy,Classic absence epilepsy and developmental epileptic encephalopathy,indication,Indication__Classic_absence_epilepsy_and_developmental_epileptic_encephalopathy,pipeline/indication,,,
scorecard::bmb-101_20260623,Scorecard - BMB-101,scorecard,Scorecard__BMB-101__20260623,pipeline/scorecard,,Run Full Scout,E0
source::https_brightmindsbio.com_bright-minds-biosciences-initiates-the-breakth_9b2c7dc4,Bright Minds initiates Phase 2 BREAKTHROUGH study,source,Source__Bright_Minds_initiates_Phase_2_BREAKTHROUGH_study,pipeline/source;source/other,,,E0
source::https_clinicaltrials.gov_study_nct06401538,ClinicalTrials.gov BMB-101 in absence epilepsy and DEE,source,Source__ClinicalTrials.gov_BMB-101_in_absence_epilepsy_and_DEE,pipeline/source;source/clinical_trial_registry,,,E0
moa::selective_inhibition_of_overactive_kcnt1_potassium_ion_channel_caused_b_ecf51c22,Selective inhibition of overactive KCNT1 potassium ion channel caused by pathogenic gain-of-function variants,moa,MoA__Selective_inhibition_of_overactive_KCNT1_potassium_ion_channel_caused_b_ecf51c22,pipeline/moa,,,
modality::oral_small_molecule;_genetics-driven_precision_small_molecule_platform,Oral small molecule; genetics-driven precision small molecule platform,modality,Modality__Oral_small_molecule;_genetics-driven_precision_small_molecule_platform,pipeline/modality,,,
indication::kcnt1-related_epilepsy;_pediatric_developmental_and_epileptic_encephalo_b19f0030,KCNT1-related epilepsy; pediatric developmental and epileptic encephalopathy including EIMFS / EOEE phenotype in KYRON eligibility,indication,Indication__KCNT1-related_epilepsy;_pediatric_developmental_and_epileptic_encephalo_b19f0030,pipeline/indication,,,
competitor::servier_s230815_kandle_study,S230815 / KANDLE Study,competitor,Competitor__Servier__S230815_KANDLE_Study,pipeline/competitor,,,
competitor::atalanta_therapeutics_atl-201,ATL-201,competitor,Competitor__Atalanta_Therapeutics__ATL-201,pipeline/competitor,,,
competitor::generic_off-label_quinidine,Quinidine,competitor,Competitor__Generic_off-label__Quinidine,pipeline/competitor,,,
competitor::lundbeck_longboard_pharmaceuticals_bexicaserin_lp352,Bexicaserin / LP352,competitor,Competitor__Lundbeck_Longboard_Pharmaceuticals__Bexicaserin_LP352,pipeline/competitor,,,
competitor::ucb_fintepla_fenfluramine,FINTEPLA / fenfluramine,competitor,Competitor__UCB__FINTEPLA_fenfluramine,pipeline/competitor,,,
competitor::marinus_pharmaceuticals_immedica_ztalmy_ganaxolone,ZTALMY / ganaxolone,competitor,Competitor__Marinus_Pharmaceuticals_Immedica__ZTALMY_ganaxolone,pipeline/competitor,,,
source::https_actiobiosciences.com_programs,Actio Biosciences Programs,source,Source__Actio_Biosciences_Programs,pipeline/source;source/other,,,E4
source::https_actiobiosciences.com_actio-biosciences-announces-initiation-of-ky_0641e5f1,Actio KYRON Phase 1b/2 initiation release,source,Source__Actio_KYRON_Phase_1b_2_initiation_release,pipeline/source;source/official_company,,,E4
source::https_clinicaltrials.gov_study_nct07600736,ClinicalTrials.gov NCT07600736,source,Source__ClinicalTrials.gov_NCT07600736,pipeline/source;source/clinical_trial_registry,,,E4
source::https_actiobiosciences.com_wp-content_uploads_2026_01_2025-aes-abs1230-_55fb159b,ABS-1230 AES 2025 poster,source,Source__ABS-1230_AES_2025_poster,pipeline/source;source/publication,,,E4
source::https_actiobiosciences.com,Actio Biosciences homepage,source,Source__Actio_Biosciences_homepage,pipeline/source;source/official_company,,,E4
source::https_actiobiosciences.com_about,Actio Biosciences About,source,Source__Actio_Biosciences_About,pipeline/source;source/official_company,,,E4
source::https_actiobiosciences.com_approach,Actio Biosciences Approach,source,Source__Actio_Biosciences_Approach,pipeline/source;source/official_company,,,E4
source::https_actiobiosciences.com_actio-biosciences-secures-66-million-series-_03b68041,Actio Series B financing,source,Source__Actio_Series_B_financing,pipeline/source;source/news,,,E4
source::https_actiobiosciences.com_actio-biosciences-announces-55-million-serie_129c9bcd,Actio Series A financing,source,Source__Actio_Series_A_financing,pipeline/source;source/news,,,E4
source::https_clinicaltrials.gov_study_nct07156201,ClinicalTrials.gov NCT07156201,source,Source__ClinicalTrials.gov_NCT07156201,pipeline/source;source/clinical_trial_registry,,,E4
source::https_www.chop.edu_conditions-diseases_kcnt1-related-epilepsy,CHOP KCNT1-related epilepsy,source,Source__CHOP_KCNT1-related_epilepsy,pipeline/source;source/other,,,E4
source::https_www.ncbi.nlm.nih.gov_books_nbk525917,GeneReviews KCNT1-related epilepsy,source,Source__GeneReviews_KCNT1-related_epilepsy,pipeline/source;source/publication,,,E4
source::https_www.kcnt1epilepsy.org_kcnt1-research-publications,KCNT1 Epilepsy Foundation research page,source,Source__KCNT1_Epilepsy_Foundation_research_page,pipeline/source;source/other,,,E4
source::https_clinicaltrials.servier.com_trial_a-phase-ib-ii-first-in-human-mul_1e276b62,Servier S230815 KANDLE trial,source,Source__Servier_S230815_KANDLE_trial,pipeline/source;source/clinical_trial_registry,,,E4
source::https_www.atalantatx.com_atalanta-therapeutics-publishes-preclinical-da_0dd924c8,Atalanta ATL-201 preclinical data,source,Source__Atalanta_ATL-201_preclinical_data,pipeline/source;source/official_company,,,E4
source::https_www.lundbeck.com_us_newsroom_2025_lundbeck-to-present-new-data-on_23efaaab,Lundbeck bexicaserin Phase 3 program,source,Source__Lundbeck_bexicaserin_Phase_3_program,pipeline/source;source/news,,,E4
source::https_clinicaltrials.gov_study_nct06719141,ClinicalTrials.gov NCT06719141 bexicaserin,source,Source__ClinicalTrials.gov_NCT06719141_bexicaserin,pipeline/source;source/clinical_trial_registry,,,E4
source::https_www.ucb-usa.com_sustainability_affordability_fintepla-pricing-info,FINTEPLA pricing information,source,Source__FINTEPLA_pricing_information,pipeline/source;source/market,,,E4
source::https_icer.org_wp-content_uploads_2025_10_icer_2025_launch-price-and-ac_890db01f,ICER 2025 Launch Price and Access Report,source,Source__ICER_2025_Launch_Price_and_Access_Report,pipeline/source;source/market,,,E4
source::https_ir.marinuspharma.com_news_news-details_2022_marinus-pharmaceutica_63bf82ac,Marinus ZTALMY FDA approval,source,Source__Marinus_ZTALMY_FDA_approval,pipeline/source;source/regulatory,,,E4
source::https_www.ucb.com_newsroom_press-releases_article_us-fda-approves-finte_5547244f,FINTEPLA / fenfluramine source,source,Source__FINTEPLA_fenfluramine_source,pipeline/source;source/other,,,E4
source::https_actiotrials.com_abs-1230,https://actiotrials.com/abs-1230/,source,Source__https_actiotrials.com_abs-1230,pipeline/source;source/other,,,E4
source::https_clinicaltrials.gov_study_nct07227857,https://clinicaltrials.gov/study/NCT07227857,source,Source__https_clinicaltrials.gov_study_NCT07227857,pipeline/source;source/other,,,E4
source::https_pubmed.ncbi.nlm.nih.gov_39871703,https://pubmed.ncbi.nlm.nih.gov/39871703/,source,Source__https_pubmed.ncbi.nlm.nih.gov_39871703,pipeline/source;source/other,,,E4
source::https_actiobiosciences.com_actio-biosciences-announces-preclinical-data_92a93b61,https://actiobiosciences.com/actio-biosciences-announces-preclinical-data-highlighting-ability-of-abs-1230-to-potently-and-selectively-inhibit-kcnt1-and-significantly-reduce-seizure-activity/,source,Source__https_actiobiosciences.com_actio-biosciences-announces-preclinical-data_92a93b61,pipeline/source;source/other,,,E4
source::https_actiobiosciences.com_actio-biosciences-announces-u-s-fda-clearanc_94ee63bc,https://actiobiosciences.com/actio-biosciences-announces-u-s-fda-clearance-of-investigational-new-drug-application-and-fast-track-designation-for-abs-1230-a-kcnt1-inhibitor-for-the-treatment-of-kcnt1-related-epilepsy/,source,Source__https_actiobiosciences.com_actio-biosciences-announces-u-s-fda-clearanc_94ee63bc,pipeline/source;source/other,,,E4
asset::wt-1-2.0,WT-1-2.0,asset,Asset__WT-1-2.0,pipeline/asset;theme/e_i_balance,,N/A,E0
company::hangzhou_vitan_pharmaceutical_technology_co_ltd,Hangzhou Vitan Pharmaceutical Technology Co Ltd,company,Company__Hangzhou_Vitan_Pharmaceutical_Technology_Co_Ltd,pipeline/company,,,
target::p2x3,P2X3,target,Target__P2X3,pipeline/target,,,
"moa::p2x3_antagonist_follow-on,_unverified_for_wt-1-2.0","P2X3 antagonist follow-on, unverified for WT-1-2.0",moa,"MoA__P2X3_antagonist_follow-on,_unverified_for_WT-1-2.0",pipeline/moa,,,
modality::sm,SM,modality,Modality__SM,pipeline/modality,,,
indication::pain,Pain,indication,Indication__Pain,pipeline/indication,,,
scorecard::wt-1-2.0_20260623,Scorecard - WT-1-2.0,scorecard,Scorecard__WT-1-2.0__20260623,pipeline/scorecard,,N/A,E0
source::http_www.westanpharma.com_default.aspx,Westan Pharma official site,source,Source__Westan_Pharma_official_site,pipeline/source;source/other,,,E0
"asset::fusion_protein_for_allergic_asthma,_multiple_sclerosis_and_transplant_rejection","Fusion Protein for Allergic Asthma, Multiple Sclerosis and Transplant Rejection",asset,"Asset__Fusion_Protein_for_Allergic_Asthma,_Multiple_Sclerosis_and_Transplant_Rejection",pipeline/asset;theme/neuroimmune,,Do not run Full Scout,E0
company::hanyang_university,Hanyang University,company,Company__Hanyang_University,pipeline/company,,,
target::t_cell,T cell,target,Target__T_cell,pipeline/target,,,
"moa::fusion_protein_immunomodulation,_details_unknown","Fusion protein immunomodulation, details unknown",moa,"MoA__Fusion_protein_immunomodulation,_details_unknown",pipeline/moa,,,
modality::fusion_protein,Fusion Protein,modality,Modality__Fusion_Protein,pipeline/modality,,,
indication::multiple_sclerosis;_allergic_asthma;_transplant_rejection,Multiple Sclerosis; allergic asthma; transplant rejection,indication,Indication__Multiple_Sclerosis;_allergic_asthma;_transplant_rejection,pipeline/indication,,,
cluster::손상_질환_면역조절,손상/질환 면역조절,cluster,Cluster__손상-질환_면역조절,skbp/cluster,,,
"scorecard::fusion_protein_for_allergic_asthma,_multiple_sclerosis_and_transplant_r_8375f6ea","Scorecard - Fusion Protein for Allergic Asthma, Multiple Sclerosis and Transplant Rejection",scorecard,"Scorecard__Fusion_Protein_for_Allergic_Asthma,_Multiple_Sclerosis_and_Transplant_Rejection__20260623",pipeline/scorecard,,Do not run Full Scout,E0
source::source_url_not_provided,Source URL not provided,source,Source__Source_URL_not_provided,pipeline/source;source/other,,,E0
asset::lead_compound,Lead compound,asset,Asset__Lead_compound,pipeline/asset;theme/neuroimmune,,Do not run Full Scout,E0
target::microglia,Microglia,target,Target__Microglia,pipeline/target,,,
moa::unknown_microglia_modulation,Unknown microglia modulation,moa,MoA__Unknown_microglia_modulation,pipeline/moa,,,
indication::parkinson's_disease,Parkinson's disease,indication,Indication__Parkinson's_disease,pipeline/indication,,,
scorecard::lead_compound_20260623,Scorecard - Lead compound,scorecard,Scorecard__Lead_compound__20260623,pipeline/scorecard,,Do not run Full Scout,E0
asset::cns_xdc,CNS XDC,asset,Asset__CNS_XDC,pipeline/asset;theme/unknown,,Do not run Full Scout,E0
company::harbour_biomed_(guangzhou)_co_ltd,Harbour BioMed (Guangzhou) Co Ltd,company,Company__Harbour_BioMed_(Guangzhou)_Co_Ltd,pipeline/company,,,
moa::undisclosed_antibody-drug_or_xdc_cns_platform_concept,Undisclosed antibody-drug or XDC CNS platform concept,moa,MoA__Undisclosed_antibody-drug_or_XDC_CNS_platform_concept,pipeline/moa,,,
modality::ab,Ab,modality,Modality__Ab,pipeline/modality,,,
indication::unspecified_central_nervous_system_disorders,Unspecified Central Nervous System Disorders,indication,Indication__Unspecified_Central_Nervous_System_Disorders,pipeline/indication,,,
theme::unknown,Unknown,theme,Theme__Unknown,skbp/theme,,,
cluster::unknown,Unknown,cluster,Cluster__Unknown,skbp/cluster,,,
scorecard::cns_xdc_20260623,Scorecard - CNS XDC,scorecard,Scorecard__CNS_XDC__20260623,pipeline/scorecard,,Do not run Full Scout,E0
source::https_www.harbourbiomed.com,Harbour BioMed official website,source,Source__Harbour_BioMed_official_website,pipeline/source;source/other,,,E0
asset::next-generation_biologics,Next-Generation Biologics,asset,Asset__Next-Generation_Biologics,pipeline/asset;theme/unknown,,Do not run Full Scout,E0
moa::undisclosed_bispecific_multispecific_antibody_approach,Undisclosed bispecific/multispecific antibody approach,moa,MoA__Undisclosed_bispecific_multispecific_antibody_approach,pipeline/moa,,,
modality::bispecific_multi-specific_antibodies,Bispecific/Multi-specific Antibodies,modality,Modality__Bispecific_Multi-specific_Antibodies,pipeline/modality,,,
scorecard::next-generation_biologics_20260623,Scorecard - Next-Generation Biologics,scorecard,Scorecard__Next-Generation_Biologics__20260623,pipeline/scorecard,,Do not run Full Scout,E0
asset::hb-02,HB-02,asset,Asset__HB-02,pipeline/asset;theme/neuroimmune,,Run Full Scout,E0
company::healthbiome_inc,HealthBiome Inc,company,Company__HealthBiome_Inc,pipeline/company,,,
target::gut_microbiome,Gut microbiome,target,Target__Gut_microbiome,pipeline/target,,,
moa::live_biotherapeutic_product_targeting_gut-brain_microbiome_axis,Live biotherapeutic product targeting gut-brain/microbiome axis,moa,MoA__Live_biotherapeutic_product_targeting_gut-brain_microbiome_axis,pipeline/moa,,,
modality::lbp,LBP,modality,Modality__LBP,pipeline/modality,,,
indication::alzheimer's_disease;_dementia,Alzheimer's Disease; Dementia,indication,Indication__Alzheimer's_Disease;_Dementia,pipeline/indication,,,
scorecard::hb-02_20260623,Scorecard - HB-02,scorecard,Scorecard__HB-02__20260623,pipeline/scorecard,,Run Full Scout,E0
source::https_healthbiome.co.kr,HealthBiome official site,source,Source__HealthBiome_official_site,pipeline/source;source/other,,,E0
source::https_synapse.patsnap.com_drug_3877c8e8f53a4437bc903307d8cec6a0,Synapse HB-02,source,Source__Synapse_HB-02,pipeline/source;source/other,,,E0
asset::hb-03,HB-03,asset,Asset__HB-03,pipeline/asset;theme/neuroimmune,,Do not run Full Scout,E0
"moa::live_biotherapeutic_product,_details_unknown","Live biotherapeutic product, details unknown",moa,"MoA__Live_biotherapeutic_product,_details_unknown",pipeline/moa,,,
indication::neurodegenerative_diseases,Neurodegenerative diseases,indication,Indication__Neurodegenerative_diseases,pipeline/indication,,,
scorecard::hb-03_20260623,Scorecard - HB-03,scorecard,Scorecard__HB-03__20260623,pipeline/scorecard,,Do not run Full Scout,E0
asset::hb-05,HB-05,asset,Asset__HB-05,pipeline/asset;theme/neuroimmune,,Do not run Full Scout,E0
indication::cognitive_disorders,Cognitive Disorders,indication,Indication__Cognitive_Disorders,pipeline/indication,,,
scorecard::hb-05_20260623,Scorecard - HB-05,scorecard,Scorecard__HB-05__20260623,pipeline/scorecard,,Do not run Full Scout,E0
asset::hzr-061,HZR-061,asset,Asset__HZR-061,pipeline/asset;theme/neuroimmune,,Do not run Full Scout,E0
company::healzen_therapeutics_co_ltd,HealZen Therapeutics Co Ltd,company,Company__HealZen_Therapeutics_Co_Ltd,pipeline/company,,,
target::stat3,STAT3,target,Target__STAT3,pipeline/target,,,
moa::targeted_protein_degradation_of_stat3,Targeted protein degradation of STAT3,moa,MoA__Targeted_protein_degradation_of_STAT3,pipeline/moa,,,
modality::tpd,TPD,modality,Modality__TPD,pipeline/modality,,,
indication::multiple_sclerosis,Multiple sclerosis,indication,Indication__Multiple_sclerosis,pipeline/indication,,,
scorecard::hzr-061_20260623,Scorecard - HZR-061,scorecard,Scorecard__HZR-061__20260623,pipeline/scorecard,,Do not run Full Scout,E0
source::https_www.healzentx.com,HealZen official site,source,Source__HealZen_official_site,pipeline/source;source/other,,,E0
asset::glycoprotein_29-modified_deferoxamine,glycoprotein 29-modified deferoxamine,asset,Asset__glycoprotein_29-modified_deferoxamine,pipeline/asset;theme/neuroimmune,,Run Full Scout,E0
company::hebei_normal_university,Hebei Normal University,company,Company__Hebei_Normal_University,pipeline/company,,,
target::brain_iron_overload,Brain iron overload,target,Target__Brain_iron_overload,pipeline/target,,,
moa::bbb-targeted_deferoxamine_nanoparticle_to_remove_excess_brain_iron,BBB-targeted deferoxamine nanoparticle to remove excess brain iron,moa,MoA__BBB-targeted_deferoxamine_nanoparticle_to_remove_excess_brain_iron,pipeline/moa,,,
modality::nanoparticle,Nanoparticle,modality,Modality__Nanoparticle,pipeline/modality,,,
cluster::cns_손상_면역반응,CNS 손상 면역반응,cluster,Cluster__CNS_손상_면역반응,skbp/cluster,,,
scorecard::glycoprotein_29-modified_deferoxamine_20260623,Scorecard - glycoprotein 29-modified deferoxamine,scorecard,Scorecard__glycoprotein_29-modified_deferoxamine__20260623,pipeline/scorecard,,Run Full Scout,E0
source::https_en.hbnu.edu.cn_main.htm,Hebei Normal University official site,source,Source__Hebei_Normal_University_official_site,pipeline/source;source/other,,,E0
asset::hec20002,HEC20002,asset,Asset__HEC20002,pipeline/asset;theme/e_i_balance,,Do not run Full Scout,E0
company::hec_pharm,HEC Pharm,company,Company__HEC_Pharm,pipeline/company,,,
target::mao-b,MAO-B,target,Target__MAO-B,pipeline/target,,,
moa::mao-b_inhibitor,MAO-B inhibitor,moa,MoA__MAO-B_inhibitor,pipeline/moa,,,
scorecard::hec20002_20260623,Scorecard - HEC20002,scorecard,Scorecard__HEC20002__20260623,pipeline/scorecard,,Do not run Full Scout,E0
source::https_www.hecpharm.com_en,HEC Pharm official site,source,Source__HEC_Pharm_official_site,pipeline/source;source/other,,,E0
asset::hb018,HB018,asset,Asset__HB018,pipeline/asset;theme/no_theme,,N/A,E0
company::hefei_huafang_pharmaceutical_sciences_and_technology,Hefei Huafang Pharmaceutical Sciences and Technology,company,Company__Hefei_Huafang_Pharmaceutical_Sciences_and_Technology,pipeline/company,,,
moa::unknown,Unknown,moa,MoA__Unknown,pipeline/moa,,,
indication::schizophrenia,Schizophrenia,indication,Indication__Schizophrenia,pipeline/indication,,,
theme::no_theme,No Theme,theme,Theme__No_Theme,skbp/theme,,,
cluster::no_mapped_skbp_cluster,No mapped SKBP cluster,cluster,Cluster__No_mapped_SKBP_cluster,skbp/cluster,,,
scorecard::hb018_20260623,Scorecard - HB018,scorecard,Scorecard__HB018__20260623,pipeline/scorecard,,N/A,E0
asset::cxjm-66_injection,CXJM-66 Injection,asset,Asset__CXJM-66_Injection,pipeline/asset;theme/e_i_balance,,Run Full Scout,E0
company::humanwell_healthcare_group,Humanwell Healthcare Group,company,Company__Humanwell_Healthcare_Group,pipeline/company,,,
target::vgscs,VGSCs,target,Target__VGSCs,pipeline/target,,,
moa::voltage-gated_sodium_channel_modulation_for_surgical_anesthesia_and_pos_17f2679a,Voltage-gated sodium channel modulation for surgical anesthesia and postoperative pain management,moa,MoA__Voltage-gated_sodium_channel_modulation_for_surgical_anesthesia_and_pos_17f2679a,pipeline/moa,,,
indication::acute_pain;_surgical_anesthesia_and_postoperative_pain_management,Acute pain; surgical anesthesia and postoperative pain management,indication,Indication__Acute_pain;_surgical_anesthesia_and_postoperative_pain_management,pipeline/indication,,,
scorecard::cxjm-66_injection_20260623,Scorecard - CXJM-66 Injection,scorecard,Scorecard__CXJM-66_Injection__20260623,pipeline/scorecard,,Run Full Scout,E0
source::https_en.humanwell.com.cn,Humanwell official site,source,Source__Humanwell_official_site,pipeline/source;source/other,,,E0
source::https_en.likang-pharma.com_news_213.html,Yichang Renfu CXJM-66 clinical trial approval,source,Source__Yichang_Renfu_CXJM-66_clinical_trial_approval,pipeline/source;source/regulatory,,,E0
source::https_synapse.patsnap.com_drug_09e0b67b6d02474ea75e89ed532a7df5,Synapse CXJM-66,source,Source__Synapse_CXJM-66,pipeline/source;source/clinical_trial_registry,,,E0
asset::gxc-303,GXC-303,asset,Asset__GXC-303,pipeline/asset;theme/others,7,Run Full Scout,E0
company::genixcure,GenixCure,company,Company__GenixCure,pipeline/company,,,
target::stmn2_tdp-43–stmn2_axis,STMN2 / TDP-43–STMN2 axis,target,Target__STMN2_TDP-43–STMN2_axis,pipeline/target,,,
moa::stmn2_발현_회복을_통해_motor-neuron_axonal_maintenance_regeneration을_촉진하려는_유전자_47910c81,STMN2 발현 회복을 통해 motor-neuron axonal maintenance/regeneration을 촉진하려는 유전자치료 접근; 정확한 cargo 설계는 비공개,moa,MoA__STMN2_발현_회복을_통해_motor-neuron_axonal_maintenance_regeneration을_촉진하려는_유전자_47910c81,pipeline/moa,,,
modality::aav-based_gene_therapy;_care_insightminer-engineered_cns_neuron-targete_40de3825,"AAV-based gene therapy; CARE/InsightMiner-engineered CNS/neuron-targeted capsid family, exact GXC-303 capsid/version unconfirmed",modality,Modality__AAV-based_gene_therapy;_CARE_InsightMiner-engineered_CNS_neuron-targete_40de3825,pipeline/modality,,,
"indication::als,_likely_tdp-43_stmn2-deficient_sporadic_als;_exact_biomarker-select_f3022790","ALS, likely TDP-43/STMN2-deficient sporadic ALS; exact biomarker-selected population not disclosed",indication,"Indication__ALS,_likely_TDP-43_STMN2-deficient_sporadic_ALS;_exact_biomarker-select_f3022790",pipeline/indication,,,
cluster::n_a,N/A,cluster,Cluster__N-A,skbp/cluster,,,
scorecard::gxc-303_20260713,Scorecard - GXC-303,scorecard,Scorecard__GXC-303__20260713,pipeline/scorecard,11,Deprioritize,E4
competitor::quralis_qrl-201,QRL-201,competitor,Competitor__QurAlis__QRL-201,pipeline/competitor,,,
competitor::celosia_therapeutics_ctx1000,CTx1000,competitor,Competitor__Celosia_Therapeutics__CTx1000,pipeline/competitor,,,
competitor::uniqure_amt-162,AMT-162,competitor,Competitor__uniQure__AMT-162,pipeline/competitor,,,
competitor::biogen_ionis_qalsody_(tofersen),Qalsody (tofersen),competitor,Competitor__Biogen_Ionis__Qalsody_(tofersen),pipeline/competitor,,,
competitor::ionis_otsuka_ulefnersen_(ion363),Ulefnersen (ION363),competitor,Competitor__Ionis_Otsuka__Ulefnersen_(ION363),pipeline/competitor,,,
source::s1,S1,source,Source__S1,pipeline/source;source/other,,,E4
source::s2,S2,source,Source__S2,pipeline/source;source/other,,,E4
source::s3,S3,source,Source__S3,pipeline/source;source/other,,,E4
source::s4,S4,source,Source__S4,pipeline/source;source/other,,,E4
source::s13,S13,source,Source__S13,pipeline/source;source/other,,,E4
source::https_www.genix-cure.com_company_pipeline.php,GenixCure Pipeline,source,Source__GenixCure_Pipeline,pipeline/source;source/official_company_pipeline,,,E4
source::https_dailypharm.com_user_news_2900,"루게릭병 표적옵션 등장…제약사들, 질환 원인 정조준",source,"Source__루게릭병_표적옵션_등장…제약사들,_질환_원인_정조준",pipeline/source;source/reputable_biotech_news,,,E4
source::https_www.genix-cure.com_bbs_mode=view&num=44&so_table=news,GenixCure BIO USA 2025 partnering update,source,Source__GenixCure_BIO_USA_2025_partnering_update,pipeline/source;source/official_company_news,,,E4
source::https_postbi.jbnu.ac.kr_bbs_postbi_4612_388799_artclview.do,제닉스큐어 AAV 플랫폼 인터뷰,source,Source__제닉스큐어_AAV_플랫폼_인터뷰,pipeline/source;source/company_interview,,,E4
source::https_www.science.org_doi_10.1126_science.abq5622,Mechanism of STMN2 cryptic splice-polyadenylation and its correction,source,Source__Mechanism_of_STMN2_cryptic_splice-polyadenylation_and_its_correction,pipeline/source;source/peer_reviewed_publication,,,E4
source::https_pubmed.ncbi.nlm.nih.gov_40392845,Stathmin-2 enhances motor axon regeneration,source,Source__Stathmin-2_enhances_motor_axon_regeneration,pipeline/source;source/peer_reviewed_publication,,,E4
source::https_www.quralis.com_news_quralis-demonstrates-effects-on-disease-prog_4b6f7426,QRL-201 ANQUR Phase 1/2 interim update,source,Source__QRL-201_ANQUR_Phase_1_2_interim_update,pipeline/source;source/official_competitor_news,,,E4
source::https_clinicaltrials.gov_study_nct07401121,NCT07401121 — CTx1000 KOANEWA,source,Source__NCT07401121_—_CTx1000_KOANEWA,pipeline/source;source/clinical_trial_registry,,,E4
source::https_www.fda.gov_drugs_news-events-human-drugs_fda-approves-treatment-_b9f55f97,FDA approval of Qalsody for SOD1-ALS,source,Source__FDA_approval_of_Qalsody_for_SOD1-ALS,pipeline/source;source/regulatory_source,,,E4
source::https_ir.ionis.com_news-releases_news-release-details_ionis-reports-fir_68d904c2,Ionis Q1 2026 pipeline update,source,Source__Ionis_Q1_2026_pipeline_update,pipeline/source;source/official_competitor_update,,,E4
source::https_www.uniqure.com_programs-pipeline_als-sod1,uniQure AMT-162 ALS program,source,Source__uniQure_AMT-162_ALS_program,pipeline/source;source/official_competitor_pipeline,,,E4
source::https_doi.org_10.1016_j.neuroscience.2025.03.026,Evaluation of AAV transduction efficiency via multiple delivery routes,source,Source__Evaluation_of_AAV_transduction_efficiency_via_multiple_delivery_routes,pipeline/source;source/peer_reviewed_publication,,,E4
source::https_pharm.edaily.co.kr_news_read_newsid=01626886638852512,GenixCure recombinant AAV platform interview,source,Source__GenixCure_recombinant_AAV_platform_interview,pipeline/source;source/reputable_biotech_news,,,E4
asset::aon-pp23,AON-PP23,asset,Asset__AON-PP23,pipeline/asset;theme/protein_homeostasis,6,Run Full Scout,E0
"company::astrion_co.,_ltd","Astrion Co., Ltd.",company,"Company__Astrion_Co.,_Ltd",pipeline/company,,,
target::α-synuclein_oligomer_aggregates,α-synuclein oligomer aggregates,target,Target__α-synuclein_oligomer_aggregates,pipeline/target,,,
moa::direct_degradation_of_α-synuclein_oligomers_via_pnac-screened_small_molecules,Direct degradation of α-synuclein oligomers via PNAC-screened small molecules,moa,MoA__Direct_degradation_of_α-synuclein_oligomers_via_PNAC-screened_small_molecules,pipeline/moa,,,
theme::protein_homeostasis,Protein Homeostasis,theme,Theme__Protein_Homeostasis,skbp/theme,,,
scorecard::aon-pp23_20260819,Scorecard - AON-PP23,scorecard,Scorecard__AON-PP23__20260819,pipeline/scorecard,6,Run Full Scout,E0
source::https_www.astrion.co.kr_en_board_board.php_bo_table=press&idx=16,Astrion press release — AON-PP23,source,Source__Astrion_press_release_—_AON-PP23,pipeline/source;source/other,,,E0
source::https_www.astrion.co.kr_en_m31.php,Astrion pipeline,source,Source__Astrion_pipeline,pipeline/source;source/official_company_pipeline,,,E0
source::https_www.astrion.co.kr_en_m43.php,Astrion R&D/publications,source,Source__Astrion_R&D_publications,pipeline/source;source/official_company_rnd,,,E0
asset::ast-029,AST-029,asset,Asset__AST-029,pipeline/asset;theme/unknown,2,Do not run Full Scout,E0
company::astrogen,Astrogen,company,Company__Astrogen,pipeline/company,,,
target::unknown,Unknown,target,Target__Unknown,pipeline/target,,,
scorecard::ast-029_20260806,Scorecard - AST-029,scorecard,Scorecard__AST-029__20260806,pipeline/scorecard,2,Do not run Full Scout,E0
source::https_www.astrogen.co.kr_subpages_rnd_pipeline.html,Astrogen official pipeline,source,Source__Astrogen_official_pipeline,pipeline/source;source/other,,,E0
source::https_synapse.patsnap.com_drug_8838d6bb4948449aabaec2570f5d747c,Synapse — AST-029,source,Source__Synapse_—_AST-029,pipeline/source;source/pipeline_database,,,E0
asset::ast-030,AST-030,asset,Asset__AST-030,pipeline/asset;theme/unknown,2,Do not run Full Scout,E0
indication::parkinson's_disease;_pulmonary_fibrosis,Parkinson's disease; pulmonary fibrosis,indication,Indication__Parkinson's_disease;_pulmonary_fibrosis,pipeline/indication,,,
scorecard::ast-030_20260806,Scorecard - AST-030,scorecard,Scorecard__AST-030__20260806,pipeline/scorecard,2,Do not run Full Scout,E0
source::https_synapse.patsnap.com_drug_b00cbe607d104b6c8a5e7a7db02340af,Synapse — AST-030,source,Source__Synapse_—_AST-030,pipeline/source;source/pipeline_database,,,E0
asset::ast-008,AST-008,asset,Asset__AST-008,pipeline/asset;theme/unknown,2,Do not run Full Scout,E0
indication::myoclonic_epilepsy,Myoclonic epilepsy,indication,Indication__Myoclonic_epilepsy,pipeline/indication,,,
scorecard::ast-008_20260806,Scorecard - AST-008,scorecard,Scorecard__AST-008__20260806,pipeline/scorecard,2,Do not run Full Scout,E0
source::https_synapse.patsnap.com_drug_238695669a684fd7b605ca5413f69ed8,Synapse — AST-008 (Astrogen),source,Source__Synapse_—_AST-008_(Astrogen),pipeline/source;source/other,,,E0
asset::ast-004,AST-004,asset,Asset__AST-004,pipeline/asset;theme/unknown,1,Do not run Full Scout,E0
indication::rett_syndrome,Rett syndrome,indication,Indication__Rett_syndrome,pipeline/indication,,,
scorecard::ast-004_20260806,Scorecard - AST-004,scorecard,Scorecard__AST-004__20260806,pipeline/scorecard,1,Do not run Full Scout,E0
source::https_astrogen.co.kr_eng_subpages_news_press.html_board_id=board_bpds_e_4a33502b,Astrogen 2026 pipeline update,source,Source__Astrogen_2026_pipeline_update,pipeline/source;source/official_company_press_release,,,E0
asset::ast-031,AST-031,asset,Asset__AST-031,pipeline/asset;theme/others,2,Do not run Full Scout,E0
company::astrogen_inc,Astrogen Inc.,company,Company__Astrogen_Inc,pipeline/company,,,
moa::selective_norepinephrine_reuptake_inhibitor,Selective norepinephrine reuptake inhibitor,moa,MoA__Selective_norepinephrine_reuptake_inhibitor,pipeline/moa,,,
indication::attention-deficit_hyperactivity_disorder,Attention-deficit/hyperactivity disorder,indication,Indication__Attention-deficit_hyperactivity_disorder,pipeline/indication,,,
scorecard::ast-031_20260806,Scorecard - AST-031,scorecard,Scorecard__AST-031__20260806,pipeline/scorecard,2,Do not run Full Scout,E0
asset::labthera-003,LABthera-003,asset,Asset__LABthera-003,pipeline/asset;theme/unknown,0,Do not run Full Scout,E0
"company::atogen_co.,_ltd","AtoGen Co., Ltd.",company,"Company__AtoGen_Co.,_Ltd",pipeline/company,,,
modality::other,Other,modality,Modality__Other,pipeline/modality,,,
indication::depressive_disorder,Depressive disorder,indication,Indication__Depressive_disorder,pipeline/indication,,,
scorecard::labthera-003_20260806,Scorecard - LABthera-003,scorecard,Scorecard__LABthera-003__20260806,pipeline/scorecard,0,Do not run Full Scout,E0
source::https_synapse.patsnap.com_drug_11e6b00e21ed424dab356aedd22d4302,Synapse — LABthera-003,source,Source__Synapse_—_LABthera-003,pipeline/source;source/other,,,E0
source::https_atogen.kr_en_research_pipeline_overview,AtoGen official pipeline,source,Source__AtoGen_official_pipeline,pipeline/source;source/official_company_pipeline,,,E0
asset::aul003,AUL003,asset,Asset__AUL003,pipeline/asset;theme/others,6,Do not run Full Scout,E0
"company::aulbio_co.,_ltd","AULBIO Co., Ltd.",company,"Company__AULBIO_Co.,_Ltd",pipeline/company,,,
target::acetylcholinesterase_(ache),Acetylcholinesterase (AChE),target,Target__Acetylcholinesterase_(AChE),pipeline/target,,,
moa::long-acting_donepezil_acetylcholinesterase_inhibition,Long-acting donepezil acetylcholinesterase inhibition,moa,MoA__Long-acting_donepezil_acetylcholinesterase_inhibition,pipeline/moa,,,
indication::alzheimer's_disease,Alzheimer's disease,indication,Indication__Alzheimer's_disease,pipeline/indication,,,
scorecard::aul003_20260806,Scorecard - AUL003,scorecard,Scorecard__AUL003__20260806,pipeline/scorecard,6,Do not run Full Scout,E0
source::https_www.biospectator.com_news_view_21266,BioSpectator — AUL003 IND submission,source,Source__BioSpectator_—_AUL003_IND_submission,pipeline/source;source/other,,,E0
source::https_www.nia.nih.gov_health_alzheimers-treatment_how-alzheimers-disease-treated,NIA — Alzheimer's treatment,source,Source__NIA_—_Alzheimer's_treatment,pipeline/source;source/government_medical_source,,,E0
asset::as-401,AS-401,asset,Asset__AS-401,pipeline/asset;theme/unknown,0,Do not run Full Scout,E0
"company::autophagy_science_co.,_ltd","Autophagy Science Co., Ltd.",company,"Company__Autophagy_Science_Co.,_Ltd",pipeline/company,,,
scorecard::as-401_20260806,Scorecard - AS-401,scorecard,Scorecard__AS-401__20260806,pipeline/scorecard,0,Do not run Full Scout,E0
source::https_synapse.patsnap.com_drug_7c6b684bb82a4c1f818605485eedb5e2,Synapse — AS-401,source,Source__Synapse_—_AS-401,pipeline/source;source/other,,,E0
source::https_synapse.patsnap.com_organization_8194253b2084b7bb78130c4a8fe991eb,Synapse — Autophagy Science,source,Source__Synapse_—_Autophagy_Science,pipeline/source;source/pipeline_database,,,E0
asset::ce223br17_parkinson's_disease_research_program,CE223BR17 / Parkinson's Disease Research Program,asset,Asset__CE223BR17_Parkinson's_Disease_Research_Program,pipeline/asset;theme/others,10,Watch,E3
company::corestemchemon_inc,CorestemChemon Inc.,company,Company__CorestemChemon_Inc,pipeline/company,,,
target::dopaminergic_neuronal_loss_and_damaged_neural_microenvironment;_no_sing_c0e844e7,Dopaminergic neuronal loss and damaged neural microenvironment; no single molecular target disclosed,target,Target__Dopaminergic_neuronal_loss_and_damaged_neural_microenvironment;_no_sing_c0e844e7,pipeline/target,,,
moa::transplantation_of_ipsc-_or_esc-derived_neural_stem_cells_and_astrocyte_3984d2f8,Transplantation of iPSC- or ESC-derived neural stem cells and astrocytes to modulate the neural microenvironment and support regeneration and functional recovery of dopaminergic neurons.,moa,MoA__Transplantation_of_iPSC-_or_ESC-derived_neural_stem_cells_and_astrocyte_3984d2f8,pipeline/moa,,,
modality::cell_therapy,Cell therapy,modality,Modality__Cell_therapy,pipeline/modality,,,
indication::parkinson's_disease_and_broadly_described_degenerative_neurological_disease,Parkinson's disease and broadly described degenerative neurological disease,indication,Indication__Parkinson's_disease_and_broadly_described_degenerative_neurological_disease,pipeline/indication,,,
scorecard::ce223br17_parkinson's_disease_research_program_20260806,Scorecard - CE223BR17 / Parkinson's Disease Research Program,scorecard,Scorecard__CE223BR17_Parkinson's_Disease_Research_Program__20260806,pipeline/scorecard,10,Watch,E3
competitor::sumitomo_pharma_racthera_amchepry_raguneprocel,AMCHEPRY / raguneprocel,competitor,Competitor__Sumitomo_Pharma_RACTHERA__AMCHEPRY_raguneprocel,pipeline/competitor,,,
competitor::bluerock_therapeutics_bayer_bemdaneprocel_brt-da01,Bemdaneprocel / BRT-DA01,competitor,Competitor__BlueRock_Therapeutics_Bayer__Bemdaneprocel_BRT-DA01,pipeline/competitor,,,
competitor::aspen_neuroscience_sasineprocel_anpd001,Sasineprocel / ANPD001,competitor,Competitor__Aspen_Neuroscience__Sasineprocel_ANPD001,pipeline/competitor,,,
competitor::s.biomedics_ted-a9_a9-dpc,TED-A9 / A9-DPC,competitor,Competitor__S.Biomedics__TED-A9_A9-DPC,pipeline/competitor,,,
competitor::unixell_biotechnology_ux-da003,UX-DA003,competitor,Competitor__UniXell_Biotechnology__UX-DA003,pipeline/competitor,,,
competitor::iregene_therapeutics_nouvneu001,NouvNeu001,competitor,Competitor__iRegene_Therapeutics__NouvNeu001,pipeline/competitor,,,
source::https_kind.krx.co.kr_external_2026_05_15_001965_20260515004351_11013.htm,CorestemChemon 2026 First-Quarter Report,source,Source__CorestemChemon_2026_First-Quarter_Report,pipeline/source;source/other,,,E3
source::https_www.corestemchemon.com_eng_rd_pipeline.html,CorestemChemon Pipeline,source,Source__CorestemChemon_Pipeline,pipeline/source;source/official_company,,,E3
source::https_www.corestemchemon.com_eng_main_main.html,CorestemChemon Official Website,source,Source__CorestemChemon_Official_Website,pipeline/source;source/official_company,,,E3
source::https_kind.krx.co.kr_external_2026_03_19_001673_20260319006857_11011.htm,CorestemChemon 2025 Business Report,source,Source__CorestemChemon_2025_Business_Report,pipeline/source;source/regulatory_disclosure,,,E3
source::https_corestemchemon.com_eng_pr_media.html_bmain=view&search=%26page%3d2&uid=75,CorestemChemon Pipeline Development News,source,Source__CorestemChemon_Pipeline_Development_News,pipeline/source;source/official_company_press_release,,,E3
source::https_www.hinews.co.kr_news_articleview.html_idxno=23506,Corestem and Hanyang University Parkinson Cell-Therapy Technology Transfer,source,Source__Corestem_and_Hanyang_University_Parkinson_Cell-Therapy_Technology_Transfer,pipeline/source;source/biotechnology_news,,,E3
source::https_patents.google.com_patent_wo2021145467a1_ko,WO2021145467A1 — Differentiation Method Using Disassembled 3D Organoids,source,Source__WO2021145467A1_—_Differentiation_Method_Using_Disassembled_3D_Organoids,pipeline/source;source/patent,,,E3
source::https_pubmed.ncbi.nlm.nih.gov_34052305,Neural Stem Cells Derived from Human Midbrain Organoids as a Stable Source for Treating Parkinson's Disease,source,Source__Neural_Stem_Cells_Derived_from_Human_Midbrain_Organoids_as_a_Stable_Sou_4b2131f4,pipeline/source;source/peer_reviewed_publication,,,E3
source::https_pmc.ncbi.nlm.nih.gov_articles_pmc11954835,Preparation of Human Astrocytes with Potent Therapeutic Functions Using Ventral Midbrain Patterning,source,Source__Preparation_of_Human_Astrocytes_with_Potent_Therapeutic_Functions_Using_21b79e05,pipeline/source;source/peer_reviewed_publication,,,E3
source::https_www.sumitomo-pharma.com_news_20260306.html,Japan Approval of AMCHEPRY,source,Source__Japan_Approval_of_AMCHEPRY,pipeline/source;source/official_company_regulatory_release,,,E3
source::https_www.bayer.com_media_en-us_first-parkinsons-disease-patient-treate_c497dc9b,First Patient Treated in Bemdaneprocel Phase 3,source,Source__First_Patient_Treated_in_Bemdaneprocel_Phase_3,pipeline/source;source/official_company_press_release,,,E3
source::https_aspenneuroscience.com_aspen-neuroscience-announces-positive-12-mo_787641c4,Sasineprocel ASPIRO 12-Month Data,source,Source__Sasineprocel_ASPIRO_12-Month_Data,pipeline/source;source/official_company_press_release,,,E3
source::https_www.catalent.com_catalent-news_catalent-and-s-biomedics-announce-_fbb37290,Catalent and S.Biomedics TED-A9 Partnership,source,Source__Catalent_and_S.Biomedics_TED-A9_Partnership,pipeline/source;source/official_company_press_release,,,E3
source::https_unixell.com_en_companynews_info.aspx_itemid=316,FDA IND Clearance for UX-DA003,source,Source__FDA_IND_Clearance_for_UX-DA003,pipeline/source;source/official_company_press_release,,,E3
source::https_clinicaltrials.gov_study_nct07102342,NouvNeu001 Phase 1/2 Clinical Study,source,Source__NouvNeu001_Phase_1_2_Clinical_Study,pipeline/source;source/clinical_registry,,,E3
source::https_www.parkinson.org_understanding-parkinsons_statistics,Parkinson's Foundation Statistics,source,Source__Parkinson's_Foundation_Statistics,pipeline/source;source/epidemiology,,,E3
source::https_www.japantimes.co.jp_news_2026_05_13_japan_science-health_ips-par_78d45d6a,AMCHEPRY Reimbursement Price,source,Source__AMCHEPRY_Reimbursement_Price,pipeline/source;source/pricing_news,,,E3
asset::adel-y04,ADEL-Y04,asset,Asset__ADEL-Y04,pipeline/asset;theme/others,7,Run Full Scout,E0
company::adel,ADEL,company,Company__ADEL,pipeline/company,,,
target::apoe4,ApoE4,target,Target__ApoE4,pipeline/target,,,
"moa::apoe4-selective_antibody_intended_to_reduce_tau_pathology,_inflammation_aa8a32f4","ApoE4-selective antibody intended to reduce tau pathology, inflammation and synaptic dysfunction",moa,"MoA__ApoE4-selective_antibody_intended_to_reduce_tau_pathology,_inflammation_aa8a32f4",pipeline/moa,,,
modality::antibody,Antibody,modality,Modality__Antibody,pipeline/modality,,,
indication::alzheimer's_disease;_metabolic_disease_also_listed,Alzheimer's disease; metabolic disease also listed,indication,Indication__Alzheimer's_disease;_metabolic_disease_also_listed,pipeline/indication,,,
scorecard::adel-y04_20260806,Scorecard - ADEL-Y04,scorecard,Scorecard__ADEL-Y04__20260806,pipeline/scorecard,7,Run Full Scout,E0
source::https_adelpharm.com_en_adel-y04,ADEL-Y04 pipeline,source,Source__ADEL-Y04_pipeline,pipeline/source;source/other,,,E0
source::https_pmc.ncbi.nlm.nih.gov_articles_pmc11713033,ApoE4 antibody mouse study,source,Source__ApoE4_antibody_mouse_study,pipeline/source;source/peer_reviewed_publication_abstract,,,E0
source::https_www.biospectator.com_news_view_29005,ADEL-Y04 2026 R&D project,source,Source__ADEL-Y04_2026_R&D_project,pipeline/source;source/reputable_biotech_news,,,E0
"asset::alzheimer's_disease_therapy,_beijing_youngen_biotechnology","Alzheimer's disease therapy, Beijing Youngen Biotechnology",asset,"Asset__Alzheimer's_disease_therapy,_Beijing_Youngen_Biotechnology",pipeline/asset;theme/unknown,0,Verify asset identity,E0
company::beijing_hotgen_biotech,Beijing Hotgen Biotech,company,Company__Beijing_Hotgen_Biotech,pipeline/company,,,
modality::unknown,Unknown,modality,Modality__Unknown,pipeline/modality,,,
indication::unknown,Unknown,indication,Indication__Unknown,pipeline/indication,,,
"scorecard::alzheimer's_disease_therapy,_beijing_youngen_biotechnology_20260806","Scorecard - Alzheimer's disease therapy, Beijing Youngen Biotechnology",scorecard,"Scorecard__Alzheimer's_disease_therapy,_Beijing_Youngen_Biotechnology__20260806",pipeline/scorecard,0,Verify asset identity,E0
source::https_www.youngenbiomed.com,Youngen overview,source,Source__Youngen_overview,pipeline/source;source/other,,,E0
source::https_www.youngenbiomed.com_youngen-biotechnology-patent-for-small-nucl_873092a8,Youngen APP siRNA patent announcement,source,Source__Youngen_APP_siRNA_patent_announcement,pipeline/source;source/other,,,E0
source::https_flcube.com_p=58620,Hotgen AA001 report,source,Source__Hotgen_AA001_report,pipeline/source;source/industry_news,,,E0
asset::alzheimer's_disease,Alzheimer's Disease,asset,Asset__Alzheimer's_Disease,pipeline/asset;theme/unknown,0,Verify asset identity,E0
"company::beijing_youngen_biotechnology_co.,_ltd","Beijing Youngen Biotechnology Co., Ltd.",company,"Company__Beijing_Youngen_Biotechnology_Co.,_Ltd",pipeline/company,,,
scorecard::alzheimer's_disease_20260806,Scorecard - Alzheimer's Disease,scorecard,Scorecard__Alzheimer's_Disease__20260806,pipeline/scorecard,0,Verify asset identity,E0
asset::drug_to_inhibit_tau_for_alzheimer's_disease,Drug to Inhibit Tau for Alzheimer's Disease,asset,Asset__Drug_to_Inhibit_Tau_for_Alzheimer's_Disease,pipeline/asset;theme/unknown,0,Verify asset identity,E0
company::hyper_corp_inc,Hyper Corp Inc,company,Company__Hyper_Corp_Inc,pipeline/company,,,
scorecard::drug_to_inhibit_tau_for_alzheimer's_disease_20260806,Scorecard - Drug to Inhibit Tau for Alzheimer's Disease,scorecard,Scorecard__Drug_to_Inhibit_Tau_for_Alzheimer's_Disease__20260806,pipeline/scorecard,0,Verify asset identity,E0
asset::hbw-015,HBW-015,asset,Asset__HBW-015,pipeline/asset;theme/others,4,Do not run Full Scout,E0
company::hyperway_pharmaceutical,Hyperway Pharmaceutical,company,Company__Hyperway_Pharmaceutical,pipeline/company,,,
moa::inhibitor_of_an_undisclosed_pain-sensing_pathway,Inhibitor of an undisclosed pain-sensing pathway,moa,MoA__Inhibitor_of_an_undisclosed_pain-sensing_pathway,pipeline/moa,,,
indication::analgesia;_efficacy_reported_in_a_cci_neuropathic-pain_model,Analgesia; efficacy reported in a CCI neuropathic-pain model,indication,Indication__Analgesia;_efficacy_reported_in_a_CCI_neuropathic-pain_model,pipeline/indication,,,
scorecard::hbw-015_20260806,Scorecard - HBW-015,scorecard,Scorecard__HBW-015__20260806,pipeline/scorecard,4,Do not run Full Scout,E0
source::https_www.tianfulifesciencepark.com_news_detail_id=2667,HBW-015-15 R&D report,source,Source__HBW-015-15_R&D_report,pipeline/source;source/other,,,E0
source::https_synapse.patsnap.com_drug_33fb9f9fba8f4d5cb534113ca25760aa,HBW-015 drug record,source,Source__HBW-015_drug_record,pipeline/source;source/drug_database,,,E0
source::https_en.hyperwaypharma.com_yanfa.html,Hyperway current pipeline,source,Source__Hyperway_current_pipeline,pipeline/source;source/official_company_pipeline,,,E0
asset::ilm02,ILM02,asset,Asset__ILM02,pipeline/asset;theme/neuroimmune,2,Do not run Full Scout,E0
target::tau_aggregates_and_tam_receptors,Tau aggregates and TAM receptors,target,Target__Tau_aggregates_and_TAM_receptors,pipeline/target,,,
moa::gaia-tau_fusion_protein_for_tam-mediated_phagocytosis_with_reduced_inflammation,GAIA-tau fusion protein for TAM-mediated phagocytosis with reduced inflammation,moa,MoA__GAIA-tau_fusion_protein_for_TAM-mediated_phagocytosis_with_reduced_inflammation,pipeline/moa,,,
indication::tauopathies,Tauopathies,indication,Indication__Tauopathies,pipeline/indication,,,
scorecard::ilm02_20260806,Scorecard - ILM02,scorecard,Scorecard__ILM02__20260806,pipeline/scorecard,2,Do not run Full Scout,E0
source::https_illimistx.com_kr_sub_platform%26pipeline_platform.php,Illimis GAIA pipeline,source,Source__Illimis_GAIA_pipeline,pipeline/source;source/other,,,E0
source::https_synapse.patsnap.com_drug_6e51d0532bd744e1a3694db8fa72e39e,ILM-02 record,source,Source__ILM-02_record,pipeline/source;source/drug_database,,,E0
asset::ilm21,ILM21,asset,Asset__ILM21,pipeline/asset;theme/neuroimmune,4,Do not run Full Scout,E0
scorecard::ilm21_20260806,Scorecard - ILM21,scorecard,Scorecard__ILM21__20260806,pipeline/scorecard,4,Do not run Full Scout,E0
asset::ilm01,ILM01,asset,Asset__ILM01,pipeline/asset;theme/neuroimmune,7,Run Full Scout,E0
target::amyloid-beta_aggregates_and_tam_receptors,Amyloid-beta aggregates and TAM receptors,target,Target__Amyloid-beta_aggregates_and_TAM_receptors,pipeline/target,,,
moa::gaia-aβ_fusion_protein_for_tam-mediated_amyloid_phagocytosis_with_reduc_dca873e5,GAIA-Aβ fusion protein for TAM-mediated amyloid phagocytosis with reduced inflammatory signaling,moa,MoA__GAIA-Aβ_fusion_protein_for_TAM-mediated_amyloid_phagocytosis_with_reduc_dca873e5,pipeline/moa,,,
scorecard::ilm01_20260806,Scorecard - ILM01,scorecard,Scorecard__ILM01__20260806,pipeline/scorecard,7,Run Full Scout,E0
source::https_www.koreabiomed.com_news_articleview.html_idxno=29100,ILM01 ARIA-free therapy interview,source,Source__ILM01_ARIA-free_therapy_interview,pipeline/source;source/reputable_biotech_interview,,,E0
source::https_m.biospectator.com_view_news_view.php_varatcid=25729,Illimis Series B,source,Source__Illimis_Series_B,pipeline/source;source/reputable_biotech_news,,,E0
asset::neurodegenerative_diseases_lilly,Neurodegenerative Diseases Lilly,asset,Asset__Neurodegenerative_Diseases_Lilly,pipeline/asset;theme/unknown,0,Verify asset identity,E0
"company::illimis_therapeutics,_inc","Illimis Therapeutics, Inc.",company,"Company__Illimis_Therapeutics,_Inc",pipeline/company,,,
scorecard::neurodegenerative_diseases_lilly_20260806,Scorecard - Neurodegenerative Diseases Lilly,scorecard,Scorecard__Neurodegenerative_Diseases_Lilly__20260806,pipeline/scorecard,0,Verify asset identity,E0
source::https_www.illimistx.com_en_sub_investor%26media_news.php_bid=16&idx=282_4499f524,Illimis financing and Lilly research collaboration announcement,source,Source__Illimis_financing_and_Lilly_research_collaboration_announcement,pipeline/source;source/other,,,E0
asset::lnk01006,LNK01006,asset,Asset__LNK01006,pipeline/asset;theme/neuroimmune,6,Run Full Scout,E0
company::lynk_pharmaceuticals,Lynk Pharmaceuticals,company,Company__Lynk_Pharmaceuticals,pipeline/company,,,
target::tyk2_jh2_pseudokinase_domain,TYK2 JH2 pseudokinase domain,target,Target__TYK2_JH2_pseudokinase_domain,pipeline/target,,,
moa::brain-penetrant_selective_allosteric_tyk2_inhibitor_modulating_type_i_i_ac24d75a,Brain-penetrant selective allosteric TYK2 inhibitor modulating type I IFN and IL-12/23 signaling,moa,MoA__Brain-penetrant_selective_allosteric_TYK2_inhibitor_modulating_type_I_I_ac24d75a,pipeline/moa,,,
indication::cns_inflammatory_diseases_including_multiple_sclerosis;_phase_1_in_heal_f5f066bd,CNS inflammatory diseases including multiple sclerosis; Phase 1 in healthy volunteers,indication,Indication__CNS_inflammatory_diseases_including_multiple_sclerosis;_Phase_1_in_heal_f5f066bd,pipeline/indication,,,
scorecard::lnk01006_20260806,Scorecard - LNK01006,scorecard,Scorecard__LNK01006__20260806,pipeline/scorecard,6,Run Full Scout,E0
source::https_www.prnewswire.com_news-releases_lynk-pharmaceuticals-announces-f_00d362e4,Lynk announcement of FDA IND approval for LNK01006,source,Source__Lynk_announcement_of_FDA_IND_approval_for_LNK01006,pipeline/source;source/other,,,E0
source::https_www.formation.bio_press_formation-bio-doses-first-participant-in-_0a942c6c,BLKR201 first participant,source,Source__BLKR201_first_participant,pipeline/source;source/official_partner_press_release,,,E0
"company::adel,_inc","ADEL, Inc.",company,"Company__ADEL,_Inc",pipeline/company,,,
target::apolipoprotein_e4_(apoe4),Apolipoprotein E4 (ApoE4),target,Target__Apolipoprotein_E4_(ApoE4),pipeline/target,,,
"moa::apoe4-selective_antibody_intended_to_reduce_apoe4-linked_tau_pathology,_8db3dfc7","ApoE4-selective antibody intended to reduce ApoE4-linked tau pathology, synapse loss and cognitive impairment",moa,"MoA__ApoE4-selective_antibody_intended_to_reduce_ApoE4-linked_tau_pathology,_8db3dfc7",pipeline/moa,,,
source::https_adelpharm.com_en_pipeline,ADEL official pipeline status,source,Source__ADEL_official_pipeline_status,pipeline/source;source/other,,,E0
source::https_alz-journals.onlinelibrary.wiley.com_doi_10.1002_alz.088537,ApoE4 antibody ameliorates cognitive impairments and synapse loss in ApoE4/Tau-P301S mice,source,Source__ApoE4_antibody_ameliorates_cognitive_impairments_and_synapse_loss_in_Ap_1da93d77,pipeline/source;source/peer_reviewed_conference_abstract,,,E0
"company::beijing_hotgen_biotech_co.,_ltd","Beijing Hotgen Biotech Co., Ltd.",company,"Company__Beijing_Hotgen_Biotech_Co.,_Ltd",pipeline/company,,,
source::https_www.hotgen.com.cn_detail_683.html,Hotgen announcement on AA001 IND approval,source,Source__Hotgen_announcement_on_AA001_IND_approval,pipeline/source;source/official_company_news,,,E0
"company::hyperway_pharmaceutical_co.,_ltd","Hyperway Pharmaceutical Co., Ltd.",company,"Company__Hyperway_Pharmaceutical_Co.,_Ltd",pipeline/company,,,
target::undisclosed_nociceptive_ion_channel,Undisclosed nociceptive ion channel,target,Target__Undisclosed_nociceptive_ion_channel,pipeline/target,,,
moa::inhibitor_of_an_undisclosed_nociceptive_ion_channel,Inhibitor of an undisclosed nociceptive ion channel,moa,MoA__Inhibitor_of_an_undisclosed_nociceptive_ion_channel,pipeline/moa,,,
indication::pain;_efficacy_tested_in_acute_and_cci_neuropathic_pain_models,Pain; efficacy tested in acute and CCI neuropathic pain models,indication,Indication__Pain;_efficacy_tested_in_acute_and_CCI_neuropathic_pain_models,pipeline/indication,,,
source::https_www.tianfulifesciencepark.com_news_detail_id=2657,BioTianFu report on Hyperway analgesic HBW-015-15,source,Source__BioTianFu_report_on_Hyperway_analgesic_HBW-015-15,pipeline/source;source/other,,,E0
target::tau,TAU,target,Target__TAU,pipeline/target,,,
moa::gaia_fusion_protein_intended_to_couple_tau_binding_with_tam-receptor-me_7dc283ce,GAIA fusion protein intended to couple tau binding with TAM-receptor-mediated anti-inflammatory phagocytosis,moa,MoA__GAIA_fusion_protein_intended_to_couple_tau_binding_with_TAM-receptor-me_7dc283ce,pipeline/moa,,,
target::myelin_debris,Myelin debris,target,Target__Myelin_debris,pipeline/target,,,
moa::gaia_tam-receptor-mediated_anti-inflammatory_phagocytic_clearance_of_my_6fd23047,GAIA/TAM-receptor-mediated anti-inflammatory phagocytic clearance of myelin debris,moa,MoA__GAIA_TAM-receptor-mediated_anti-inflammatory_phagocytic_clearance_of_my_6fd23047,pipeline/moa,,,
target::amyloid_beta_(aβ)_and_tam_receptors,Amyloid beta (Aβ) and TAM receptors,target,Target__Amyloid_beta_(Aβ)_and_TAM_receptors,pipeline/target,,,
moa::gaia_fusion_protein_couples_aβ_binding_to_tam-receptor-mediated_phagocy_e6f770ab,GAIA fusion protein couples Aβ binding to TAM-receptor-mediated phagocytosis with anti-inflammatory signaling,moa,MoA__GAIA_fusion_protein_couples_Aβ_binding_to_TAM-receptor-mediated_phagocy_e6f770ab,pipeline/moa,,,
source::https_alz-journals.onlinelibrary.wiley.com_doi_10.1002_alz.072368,Anti-inflammatory clearance of amyloid beta by a chimeric Gas6 fusion protein,source,Source__Anti-inflammatory_clearance_of_amyloid_beta_by_a_chimeric_Gas6_fusion_protein,pipeline/source;source/peer_reviewed_conference_abstract,,,E0
asset::lnk01006_(blkr201),LNK01006 (BLKR201),asset,Asset__LNK01006_(BLKR201),pipeline/asset;theme/neuroimmune,6,Run Full Scout,E0
target::tyk2_jh2_domain,TYK2 JH2 domain,target,Target__TYK2_JH2_domain,pipeline/target,,,
moa::selective_cns-penetrant_allosteric_tyk2_inhibition_of_il-12_il-23_and_r_bb0ba684,Selective CNS-penetrant allosteric TYK2 inhibition of IL-12/IL-23 and related inflammatory signaling,moa,MoA__Selective_CNS-penetrant_allosteric_TYK2_inhibition_of_IL-12_IL-23_and_r_bb0ba684,pipeline/moa,,,
indication::multiple_sclerosis;_broader_cns_neuroinflammatory_diseases,Multiple sclerosis; broader CNS neuroinflammatory diseases,indication,Indication__Multiple_sclerosis;_broader_CNS_neuroinflammatory_diseases,pipeline/indication,,,
scorecard::lnk01006_(blkr201)_20260806,Scorecard - LNK01006 (BLKR201),scorecard,Scorecard__LNK01006_(BLKR201)__20260806,pipeline/scorecard,6,Run Full Scout,E0
source::https_www.prnewswire.com_news-releases_lynk-pharmaceuticals-partner-for_db7c7ef2,Lynk announcement of first participant dosed in BLKR201 Phase 1,source,Source__Lynk_announcement_of_first_participant_dosed_in_BLKR201_Phase_1,pipeline/source;source/official_company_press_release,,,E0
asset::3bt-1_(trpml1_agonist_program;_pre-candidate_3bt-1-115),3BT-1 (TRPML1 agonist program; pre-candidate 3BT-1-115),asset,Asset__3BT-1_(TRPML1_agonist_program;_pre-candidate_3BT-1-115),pipeline/asset;theme/e_i_balance,17,Shortlist,E3
company::threebrooks_therapeutics,Threebrooks Therapeutics,company,Company__Threebrooks_Therapeutics,pipeline/company,,,
target::trpml1_(mcoln1),TRPML1 (MCOLN1),target,Target__TRPML1_(MCOLN1),pipeline/target,,,
moa::small-molecule_trpml1_agonism_to_trigger_lysosomal_ca2+_release_and_enh_41716d8e,"Small-molecule TRPML1 agonism to trigger lysosomal Ca2+ release and enhance autophagy-lysosome function, intracellular aggregate/mitochondrial clearance, and downstream neuroinflammation reduction",moa,MoA__Small-molecule_TRPML1_agonism_to_trigger_lysosomal_Ca2+_release_and_enh_41716d8e,pipeline/moa,,,
indication::early_alzheimer's_disease;_parkinson's_disease_expansion_supported_by_c_56c9e561,Early Alzheimer's disease; Parkinson's disease expansion supported by company preclinical data,indication,Indication__Early_Alzheimer's_disease;_Parkinson's_disease_expansion_supported_by_c_56c9e561,pipeline/indication,,,
scorecard::3bt-1_(trpml1_agonist_program;_pre-candidate_3bt-1-115)_20260807,Scorecard - 3BT-1 (TRPML1 agonist program; pre-candidate 3BT-1-115),scorecard,Scorecard__3BT-1_(TRPML1_agonist_program;_pre-candidate_3BT-1-115)__20260807,pipeline/scorecard,17,Shortlist,E3
competitor::lysoway_therapeutics_lw-1017,LW-1017,competitor,Competitor__Lysoway_Therapeutics__LW-1017,pipeline/competitor,,,
competitor::casma_therapeutics_csm-101,CSM-101,competitor,Competitor__Casma_Therapeutics__CSM-101,pipeline/competitor,,,
competitor::libra_therapeutics_lbr-2950,LBR-2950,competitor,Competitor__Libra_Therapeutics__LBR-2950,pipeline/competitor,,,
competitor::nine_square_therapeutics_nine_square_trpml1_program,Nine Square TRPML1 program,competitor,Competitor__Nine_Square_Therapeutics__Nine_Square_TRPML1_program,pipeline/competitor,,,
competitor::samsara_therapeutics_sam001,SAM001,competitor,Competitor__Samsara_Therapeutics__SAM001,pipeline/competitor,,,
source::threebrooks_therapeutics_investor_relations_2026,Threebrooks Therapeutics Investor Relations 2026,source,Source__Threebrooks_Therapeutics_Investor_Relations_2026,pipeline/source;source/other,,,E3
source::https_www.threebrooks.net_myboard_st_news1,Threebrooks Therapeutics media page,source,Source__Threebrooks_Therapeutics_media_page,pipeline/source;source/official_company,,,E3
source::https_www.lifescienceweek.com_m_eng_about_search_ex_view.asp_midx=2102,Korea Life Science Week 2026 exhibitor profile — Threebrooks Therapeutics,source,Source__Korea_Life_Science_Week_2026_exhibitor_profile_—_Threebrooks_Therapeutics,pipeline/source;source/industry_event_profile,,,E3
source::https_magazine.hankyung.com_business_article_202607217243b,Threebrooks Therapeutics joins JLABS global incubator network,source,Source__Threebrooks_Therapeutics_joins_JLABS_global_incubator_network,pipeline/source;source/reputable_biotech_news,,,E3
source::https_pmc.ncbi.nlm.nih.gov_articles_pmc10112969,TRPML1 reactivation rescues the endosomal-autophagic-lysosomal system in ApoE4 human cortical neurons,source,Source__TRPML1_reactivation_rescues_the_endosomal-autophagic-lysosomal_system_i_b3c8ec41,pipeline/source;source/peer_reviewed_publication,,,E3
source::https_pmc.ncbi.nlm.nih.gov_articles_pmc9296810,Activated Endolysosomal Cation Channel TRPML1 Facilitates Maturation of alpha-Synuclein-Containing Autophagosomes,source,Source__Activated_Endolysosomal_Cation_Channel_TRPML1_Facilitates_Maturation_of_cb00e9af,pipeline/source;source/peer_reviewed_publication,,,E3
source::https_www.sciencedirect.com_science_article_pii_s022352342600396x,"Targeting lysosomal dysfunction with small-molecule TRPML1 ligands: Therapeutic opportunities in lysosomal storage disorders, neurodegeneration and beyond",source,Source__Targeting_lysosomal_dysfunction_with_small-molecule_TRPML1_ligands_Ther_d1a30e48,pipeline/source;source/peer_reviewed_review,,,E3
source::https_www.lysoway.com_companynews_lysoway-therapeutics-announces-phase-_69d531f1,Lysoway announces Phase I dosing of LW-1017,source,Source__Lysoway_announces_Phase_I_dosing_of_LW-1017,pipeline/source;source/official_competitor,,,E3
source::https_www.casmatx.com_2026_03_10_casma-therapeutics-receives-mjff-suppo_dafb0b52,Casma receives MJFF support for CSM-101,source,Source__Casma_receives_MJFF_support_for_CSM-101,pipeline/source;source/official_competitor,,,E3
source::https_www.linkedin.com_posts_libra-therapeutics_neurodegenerativediseas_d4943476,Libra Therapeutics update on LBR-2950,source,Source__Libra_Therapeutics_update_on_LBR-2950,pipeline/source;source/official_competitor_social,,,E3
source::https_ninesquaretx.com_programs,Nine Square Therapeutics — Programs and Pipeline,source,Source__Nine_Square_Therapeutics_—_Programs_and_Pipeline,pipeline/source;source/official_competitor,,,E3
source::https_samsaratherapeutics.com,Samsara Therapeutics pipeline,source,Source__Samsara_Therapeutics_pipeline,pipeline/source;source/official_competitor,,,E3
source::https_www.leqembi.com_en_patient-support-program,LEQEMBI patient support — current list prices,source,Source__LEQEMBI_patient_support_—_current_list_prices,pipeline/source;source/official_product,,,E3
source::https_content.govdelivery.com_accounts_usfda_bulletins_4205a72,FDA notable approval — Leqembi at-home starting dose,source,Source__FDA_notable_approval_—_Leqembi_at-home_starting_dose,pipeline/source;source/regulatory,,,E3
source::https_pmc.ncbi.nlm.nih.gov_articles_pmc10682565,Estimating prevalence of early symptomatic Alzheimer's disease in the United States,source,Source__Estimating_prevalence_of_early_symptomatic_Alzheimer's_disease_in_the_U_65d8288f,pipeline/source;source/peer_reviewed_publication,,,E3
source::https_www.fda.gov_drugs_drug-trials-snapshots_drug-trials-snapshots-leqembi,FDA Drug Trials Snapshot: LEQEMBI,source,Source__FDA_Drug_Trials_Snapshot_LEQEMBI,pipeline/source;source/regulatory,,,E3
asset::cpb-101,CPB-101,asset,Asset__CPB-101,pipeline/asset;theme/unknown,4,Do not run Full Scout,E0
"company::cellapeutics_bio_co.,_ltd","Cellapeutics Bio Co., Ltd.",company,"Company__Cellapeutics_Bio_Co.,_Ltd",pipeline/company,,,
moa::cell_replacement_neuroregenerative_glial-cell_therapy,Cell replacement / neuroregenerative glial-cell therapy,moa,MoA__Cell_replacement_neuroregenerative_glial-cell_therapy,pipeline/moa,,,
indication::parkinson_disease;_spinal_cord_injury;_peripheral_nerve_injury,Parkinson disease; spinal cord injury; peripheral nerve injury,indication,Indication__Parkinson_disease;_spinal_cord_injury;_peripheral_nerve_injury,pipeline/indication,,,
scorecard::cpb-101_20260807,Scorecard - CPB-101,scorecard,Scorecard__CPB-101__20260807,pipeline/scorecard,4,Do not run Full Scout,E0
source::https_synapse.patsnap.com_organization_5b3c14b36d7ee321bb9537272e8c260b,Cellapeutics Bio pipeline snapshot,source,Source__Cellapeutics_Bio_pipeline_snapshot,pipeline/source;source/other,,,E0
source::https_pharm.edaily.co.kr_news_read_mediacodeno=257&newsid=01758086632530312,Pharm Edaily CEO interview on CPB101,source,Source__Pharm_Edaily_CEO_interview_on_CPB101,pipeline/source;source/reputable_biotech_news,,,E0
asset::cpb-105,CPB-105,asset,Asset__CPB-105,pipeline/asset;theme/unknown,2,Do not run Full Scout,E0
indication::alzheimer_disease,Alzheimer disease,indication,Indication__Alzheimer_disease,pipeline/indication,,,
scorecard::cpb-105_20260807,Scorecard - CPB-105,scorecard,Scorecard__CPB-105__20260807,pipeline/scorecard,2,Do not run Full Scout,E0
asset::cpb-106,CPB-106,asset,Asset__CPB-106,pipeline/asset;theme/unknown,2,Do not run Full Scout,E0
indication::parkinson_disease,Parkinson disease,indication,Indication__Parkinson_disease,pipeline/indication,,,
scorecard::cpb-106_20260807,Scorecard - CPB-106,scorecard,Scorecard__CPB-106__20260807,pipeline/scorecard,2,Do not run Full Scout,E0
asset::cpb103,CPB103,asset,Asset__CPB103,pipeline/asset;theme/unknown,0,Verify asset identity,E0
company::cellapeuticsbio,CellapeuticsBio,company,Company__CellapeuticsBio,pipeline/company,,,
scorecard::cpb103_20260807,Scorecard - CPB103,scorecard,Scorecard__CPB103__20260807,pipeline/scorecard,0,Verify asset identity,E0
asset::cpb102,CPB102,asset,Asset__CPB102,pipeline/asset;theme/unknown,0,Verify asset identity,E0
scorecard::cpb102_20260807,Scorecard - CPB102,scorecard,Scorecard__CPB102__20260807,pipeline/scorecard,0,Verify asset identity,E0
asset::clz-2002,CLZ-2002,asset,Asset__CLZ-2002,pipeline/asset;theme/unknown,1,Do not run Full Scout,E0
"company::cellatoz_therapeutics,_inc","Cellatoz Therapeutics, Inc.",company,"Company__Cellatoz_Therapeutics,_Inc",pipeline/company,,,
indication::charcot-marie-tooth_disease_type_1,Charcot-Marie-Tooth disease type 1,indication,Indication__Charcot-Marie-Tooth_disease_type_1,pipeline/indication,,,
scorecard::clz-2002_20260807,Scorecard - CLZ-2002,scorecard,Scorecard__CLZ-2002__20260807,pipeline/scorecard,1,Do not run Full Scout,E0
source::https_synapse.patsnap.com_drug_4532916bb5014b93b06a2f2320c8fa93,CLZ-2002 overview and NCT05947578,source,Source__CLZ-2002_overview_and_NCT05947578,pipeline/source;source/other,,,E0
asset::clz003,CLZ003,asset,Asset__CLZ003,pipeline/asset;theme/others,1,Do not run Full Scout,E0
"company::celliaz_co.,_ltd","Celliaz Co., Ltd.",company,"Company__Celliaz_Co.,_Ltd",pipeline/company,,,
target::prox1,PROX1,target,Target__PROX1,pipeline/target,,,
moa::neutralization_of_harmful_prox1_homeoprotein_to_restore_retinal_regeneration,Neutralization of harmful PROX1/homeoprotein to restore retinal regeneration,moa,MoA__Neutralization_of_harmful_PROX1_homeoprotein_to_restore_retinal_regeneration,pipeline/moa,,,
indication::dry-type_age-related_macular_degeneration,Dry-type age-related macular degeneration,indication,Indication__Dry-type_age-related_macular_degeneration,pipeline/indication,,,
scorecard::clz003_20260807,Scorecard - CLZ003,scorecard,Scorecard__CLZ003__20260807,pipeline/scorecard,1,Do not run Full Scout,E0
source::https_celliaz.com_rd-pipelines,Celliaz R&D Pipeline,source,Source__Celliaz_R&D_Pipeline,pipeline/source;source/other,,,E0
asset::cbm-951,CBM-951,asset,Asset__CBM-951,pipeline/asset;theme/unknown,2,Do not run Full Scout,E0
company::cellionbiomed_inc,CellionBioMed Inc,company,Company__CellionBioMed_Inc,pipeline/company,,,
scorecard::cbm-951_20260807,Scorecard - CBM-951,scorecard,Scorecard__CBM-951__20260807,pipeline/scorecard,2,Do not run Full Scout,E0
source::https_synapse.patsnap.com_drug_cfc95c5d168e4f27a0521a310805b8fc,CBM-951 overview,source,Source__CBM-951_overview,pipeline/source;source/other,,,E0
asset::cv-06,CV-06,asset,Asset__CV-06,pipeline/asset;theme/others,8,Run Full Scout,E0
"company::cellivery_therapeutics,_inc","Cellivery Therapeutics, Inc.",company,"Company__Cellivery_Therapeutics,_Inc",pipeline/company,,,
target::parkin_(prkn_park2),Parkin (PRKN/PARK2),target,Target__Parkin_(PRKN_PARK2),pipeline/target,,,
moa::intracellular_delivery_replacement_of_cell-permeable_parkin_to_suppress_8570f881,Intracellular delivery/replacement of cell-permeable Parkin to suppress damaged mitochondria and pathological α-synuclein,moa,MoA__Intracellular_delivery_replacement_of_cell-permeable_Parkin_to_suppress_8570f881,pipeline/moa,,,
scorecard::cv-06_20260807,Scorecard - CV-06,scorecard,Scorecard__CV-06__20260807,pipeline/scorecard,8,Run Full Scout,E0
source::https_synapse.patsnap.com_drug_14a75c28387e43a581709313cb13f52e,CV-06 overview,source,Source__CV-06_overview,pipeline/source;source/other,,,E0
source::https_delta.larvol.com_products_productid=d49fdf13-4bea-4829-9946-1125f8cb1e56,"LARVOL CV-06 / Cellivery, Ildong",source,"Source__LARVOL_CV-06_Cellivery,_Ildong",pipeline/source;source/biotech_intelligence_news_aggregation,,,E0
asset::cv-14,CV-14,asset,Asset__CV-14,pipeline/asset;theme/others,2,Do not run Full Scout,E0
target::fxn,FXN,target,Target__FXN,pipeline/target,,,
moa::frataxin_replacement,Frataxin replacement,moa,MoA__Frataxin_replacement,pipeline/moa,,,
indication::friedreich_ataxia,Friedreich ataxia,indication,Indication__Friedreich_ataxia,pipeline/indication,,,
scorecard::cv-14_20260807,Scorecard - CV-14,scorecard,Scorecard__CV-14__20260807,pipeline/scorecard,2,Do not run Full Scout,E0
source::https_data.pharmacodia.com_drugs_details_22122625900035563139,CV-14 / CP-FXN overview,source,Source__CV-14_CP-FXN_overview,pipeline/source;source/other,,,E0
asset::cv-17,CV-17,asset,Asset__CV-17,pipeline/asset;theme/unknown,2,Do not run Full Scout,E0
moa::aso_rna_interference;_specific_target_undisclosed,ASO / RNA interference; specific target undisclosed,moa,MoA__ASO_RNA_interference;_specific_target_undisclosed,pipeline/moa,,,
modality::rna_therapy,RNA therapy,modality,Modality__RNA_therapy,pipeline/modality,,,
indication::neurodegenerative_diseases_(unspecified),Neurodegenerative diseases (unspecified),indication,Indication__Neurodegenerative_diseases_(unspecified),pipeline/indication,,,
scorecard::cv-17_20260807,Scorecard - CV-17,scorecard,Scorecard__CV-17__20260807,pipeline/scorecard,2,Do not run Full Scout,E0
source::https_synapse.patsnap.com_drug_602e117b02008a6730e1f915194b899e,CV-17 overview,source,Source__CV-17_overview,pipeline/source;source/other,,,E0
source::https_data.pharmacodia.com_drugs_details_22122625900035563141,CV-17 / CP-ASO overview,source,Source__CV-17_CP-ASO_overview,pipeline/source;source/biotech_database,,,E0
asset::yc-5_injection,YC-5 Injection,asset,Asset__YC-5_Injection,pipeline/asset;theme/unknown,4,Do not run Full Scout,E0
company::cellprotek_pharmaceutical,Cellprotek Pharmaceutical,company,Company__Cellprotek_Pharmaceutical,pipeline/company,,,
moa::multi-mechanistic_neuroprotection;_possible_negative_regulation_of_nmda_8b2a1f7e,Multi-mechanistic neuroprotection; possible negative regulation of NMDA/non-NMDA receptors,moa,MoA__Multi-mechanistic_neuroprotection;_possible_negative_regulation_of_NMDA_8b2a1f7e,pipeline/moa,,,
indication::epileptic_seizures_convulsions,Epileptic seizures / convulsions,indication,Indication__Epileptic_seizures_convulsions,pipeline/indication,,,
scorecard::yc-5_injection_20260807,Scorecard - YC-5 Injection,scorecard,Scorecard__YC-5_Injection__20260807,pipeline/scorecard,4,Do not run Full Scout,E0
source::https_patents.google.com_patent_cn101683348b_en,CN101683348B YC-5 neuroprotection patent,source,Source__CN101683348B_YC-5_neuroprotection_patent,pipeline/source;source/other,,,E0
source::https_www.cellprotek.com_science-and-medicine_rd-pipeline,Cellprotek R&D pipeline,source,Source__Cellprotek_R&D_pipeline,pipeline/source;source/other,,,E0
asset::yc-6,YC-6,asset,Asset__YC-6,pipeline/asset;theme/unknown,6,Do not run Full Scout,E0
"moa::multi-pathway_cytoprotection_including_anti-inflammatory,_calcium_acido_6a148d1c","Multi-pathway cytoprotection including anti-inflammatory, calcium/acidosis control, hemoglobin clearance and oxidative-stress modulation",moa,"MoA__Multi-pathway_cytoprotection_including_anti-inflammatory,_calcium_acido_6a148d1c",pipeline/moa,,,
indication::acute_ischemic_stroke_malignant_cerebral_infarction;_intracerebral_hemorrhage,Acute ischemic stroke / malignant cerebral infarction; intracerebral hemorrhage,indication,Indication__Acute_ischemic_stroke_malignant_cerebral_infarction;_intracerebral_hemorrhage,pipeline/indication,,,
scorecard::yc-6_20260807,Scorecard - YC-6,scorecard,Scorecard__YC-6__20260807,pipeline/scorecard,6,Do not run Full Scout,E0
asset::neurological_disorder_research_program,Neurological Disorder Research Program,asset,Asset__Neurological_Disorder_Research_Program,pipeline/asset;theme/unknown,0,Verify asset identity,E0
company::celltium,CELLTIUM,company,Company__CELLTIUM,pipeline/company,,,
scorecard::neurological_disorder_research_program_20260807,Scorecard - Neurological Disorder Research Program,scorecard,Scorecard__Neurological_Disorder_Research_Program__20260807,pipeline/scorecard,0,Verify asset identity,E0
source::https_www.celltium.com_technology,CELLTIUM Technology & Pipeline,source,Source__CELLTIUM_Technology_&_Pipeline,pipeline/source;source/other,,,E0
asset::lc-pc01,LC-PC01,asset,Asset__LC-PC01,pipeline/asset;theme/unknown,2,Do not run Full Scout,E0
"company::celltrion,_inc","Celltrion, Inc.",company,"Company__Celltrion,_Inc",pipeline/company,,,
scorecard::lc-pc01_20260807,Scorecard - LC-PC01,scorecard,Scorecard__LC-PC01__20260807,pipeline/scorecard,2,Do not run Full Scout,E0
source::https_synapse.patsnap.com_drug_73755749f9254077ae1c4000b1a55508,LB-PC01 overview,source,Source__LB-PC01_overview,pipeline/source;source/other,,,E0
asset::vta-27,VTA-27,asset,Asset__VTA-27,pipeline/asset;theme/neuroimmune,13,Watch,E3
"company::vasthera_co.,_ltd","VASTHERA Co., Ltd.",company,"Company__VASTHERA_Co.,_Ltd",pipeline/company,,,
target::peroxiredoxin_(prx1_prx2)_functional_mimic;_downstream_astrocytic_stat3_03510b30,Peroxiredoxin (PRX1/PRX2) functional mimic; downstream astrocytic STAT3 redox signaling,target,Target__Peroxiredoxin_(PRX1_PRX2)_functional_mimic;_downstream_astrocytic_STAT3_03510b30,pipeline/target,,,
moa::prx-mimetic_protein_oxidation_modulation_lowers_intracellular_h2o2_and_1e109c14,PRX-mimetic protein oxidation modulation: lowers intracellular H2O2 and modulates STAT3 redox state to suppress reactive astrogliosis while protecting neurons,moa,MoA__PRX-mimetic_protein_oxidation_modulation_lowers_intracellular_H2O2_and_1e109c14,pipeline/moa,,,
indication::alzheimer's_disease;_company_deck_targets_mild-to-moderate_ad._parkinso_6a571b94,"Alzheimer's disease; company deck targets mild-to-moderate AD. Parkinson's disease is mentioned only as a potential expansion, not a confirmed VTA-27 program.",indication,Indication__Alzheimer's_disease;_company_deck_targets_mild-to-moderate_AD._Parkinso_6a571b94,pipeline/indication,,,
scorecard::vta-27_20260812,Scorecard - VTA-27,scorecard,Scorecard__VTA-27__20260812,pipeline/scorecard,14,Shortlist,E3
competitor::neurobiogen_kds2010,KDS2010,competitor,Competitor__NeuroBiogen__KDS2010,pipeline/competitor,,,
competitor::inmune_bio_xpro1595,XPro1595,competitor,Competitor__INmune_Bio__XPro1595,pipeline/competitor,,,
competitor::sanofi_(acquired_vigil_neuroscience)_vg-3927,VG-3927,competitor,Competitor__Sanofi_(acquired_Vigil_Neuroscience)__VG-3927,pipeline/competitor,,,
competitor::alector_al002,AL002,competitor,Competitor__Alector__AL002,pipeline/competitor,,,
"source::vasthera_vta-27_program_cd_(aug_2026),_user-uploaded_confidential_deck","VASTHERA VTA-27 Program CD (Aug 2026), user-uploaded confidential deck",source,"Source__VASTHERA_VTA-27_Program_CD_(Aug_2026),_user-uploaded_confidential_deck",pipeline/source;source/other,,,E3
source::https_www.vasthera.com_technology_pipeline.php,Evidence source,source,Source__Evidence_source,pipeline/source;source/official_company,,,E3
source::https_www.vasthera.com_technology_platform.php,Evidence source,source,Source__Evidence_source,pipeline/source;source/official_company,,,E3
source::https_www.vasthera.com_investors_news.php_code=news&idx=124&ptype=view,Evidence source,source,Source__Evidence_source,pipeline/source;source/official_company_news,,,E3
source::https_link.springer.com_article_10.15252_emmm.201809665,Evidence source,source,Source__Evidence_source,pipeline/source;source/peer_reviewed_publication,,,E3
source::https_www.nature.com_articles_s41593-020-00735-y,"Chun et al. 2020, Severe reactive astrocytes precipitate pathological hallmarks of Alzheimer's disease via H2O2 production",source,"Source__Chun_et_al._2020,_Severe_reactive_astrocytes_precipitate_pathological_h_52cccc03",pipeline/source;source/peer_reviewed_publication,,,E3
source::https_clinicaltrials.gov_study_nct07027072,ClinicalTrials.gov NCT07027072 — KDS2010 Phase 2a AD,source,Source__ClinicalTrials.gov_NCT07027072_—_KDS2010_Phase_2a_AD,pipeline/source;source/clinical_registry,,,E3
source::https_pmc.ncbi.nlm.nih.gov_articles_pmc6426469,"Jo et al. 2019, Newly developed reversible MAO-B inhibitor KDS2010 in Alzheimer's disease",source,"Source__Jo_et_al._2019,_Newly_developed_reversible_MAO-B_inhibitor_KDS2010_in_A_6c30ad04",pipeline/source;source/peer_reviewed_publication,,,E3
source::https_clinicaltrials.gov_study_nct05318976,ClinicalTrials.gov NCT05318976 — XPro1595 MINDFuL Phase 2,source,Source__ClinicalTrials.gov_NCT05318976_—_XPro1595_MINDFuL_Phase_2,pipeline/source;source/clinical_registry,,,E3
source::https_clinicaltrials.gov_study_nct06343636,ClinicalTrials.gov NCT06343636 — VG-3927 Phase 1,source,Source__ClinicalTrials.gov_NCT06343636_—_VG-3927_Phase_1,pipeline/source;source/clinical_registry,,,E3
source::https_www.sanofi.com_assets_dotcom_pressreleases_2025_2025-05-21-23-15-_0405b7c9,Evidence source,source,Source__Evidence_source,pipeline/source;source/official_company_news,,,E3
source::https_www.nature.com_articles_s41591-026-04273-1,Evidence source,source,Source__Evidence_source,pipeline/source;source/peer_reviewed_publication,,,E3
source::https_www.accessdata.fda.gov_drugsatfda_docs_appletter_2025_761269orig1_f401d03a,FDA Leqembi supplemental approval letter (2025),source,Source__FDA_Leqembi_supplemental_approval_letter_(2025),pipeline/source;source/regulatory,,,E3
source::https_www.alz.org_getmedia_c05f7ba4-9aea-4cb0-8898-5e8bff3f0930_executi_c4e57aef,Alzheimer's Association 2025 Facts and Figures Executive Summary,source,Source__Alzheimer's_Association_2025_Facts_and_Figures_Executive_Summary,pipeline/source;source/epidemiology,,,E3
source::https_psnet.ahrq.gov_issue_detection-rates-mild-cognitive-impairment-pr_e5d2ab5c,AHRQ PSNet summary of US MCI/dementia detection rates,source,Source__AHRQ_PSNet_summary_of_US_MCI_dementia_detection_rates,pipeline/source;source/epidemiology,,,E3
source::https_us.eisai.com_-_media_files_useisairedesign_eisaiincpricelist.pdf_acffa182,"Eisai Inc. Product Price List effective July 13, 2026",source,"Source__Eisai_Inc._Product_Price_List_effective_July_13,_2026",pipeline/source;source/manufacturer_price_list,,,E3
asset::cu71,CU71,asset,Asset__CU71,pipeline/asset;theme/others,8,Run Full Scout,E0
"company::curacle_co.,_ltd","Curacle Co., Ltd.",company,"Company__Curacle_Co.,_Ltd",pipeline/company,,,
target::bbb_dysfunction_neurovascular_instability,BBB dysfunction / neurovascular instability,target,Target__BBB_dysfunction_neurovascular_instability,pipeline/target,,,
moa::bbb_stabilization_with_reduced_neuroinflammation_and_vascular_leakage,BBB stabilization with reduced neuroinflammation and vascular leakage,moa,MoA__BBB_stabilization_with_reduced_neuroinflammation_and_vascular_leakage,pipeline/moa,,,
scorecard::cu71_20260819,Scorecard - CU71,scorecard,Scorecard__CU71__20260819,pipeline/scorecard,8,Run Full Scout,E0
source::https_www.curacle.com_bbs_content.php_co_id=pipeline&tab_id=cu71,Curacle pipeline — CU71,source,Source__Curacle_pipeline_—_CU71,pipeline/source;source/other,,,E0
source::https_pmc.ncbi.nlm.nih.gov_articles_pmc12742527,Alzheimer's & Dementia — CU71 5XFAD study,source,Source__Alzheimer's_&_Dementia_—_CU71_5XFAD_study,pipeline/source;source/peer_reviewed_conference_abstract,,,E0
asset::kine-501b,KINE-501B,asset,Asset__KINE-501B,pipeline/asset;theme/unknown,1,Do not run Full Scout,E0
company::kine_sciences,Kine Sciences,company,Company__Kine_Sciences,pipeline/company,,,
target::microglia_(target_cell);_molecular_target_unknown,Microglia (target cell); molecular target Unknown,target,Target__Microglia_(target_cell);_molecular_target_Unknown,pipeline/target,,,
modality::peptide,Peptide,modality,Modality__Peptide,pipeline/modality,,,
indication::frontotemporal_dementia_(ftd),Frontotemporal Dementia (FTD),indication,Indication__Frontotemporal_Dementia_(FTD),pipeline/indication,,,
scorecard::kine-501b_20260818,Scorecard - KINE-501B,scorecard,Scorecard__KINE-501B__20260818,pipeline/scorecard,1,Do not run Full Scout,E0
source::https_www.kinesciences.com_m31.php,Kine Sciences Pipeline,source,Source__Kine_Sciences_Pipeline,pipeline/source;source/other,,,E0
source::https_synapse.patsnap.com_drug_fa379a83484c4982992f41e41835858a,Synapse: KINE-501B,source,Source__Synapse_KINE-501B,pipeline/source;source/biopharma_database,,,E0
asset::kine-501c,KINE-501C,asset,Asset__KINE-501C,pipeline/asset;theme/unknown,1,Do not run Full Scout,E0
indication::lewy_body_dementia_(lbd),Lewy Body Dementia (LBD),indication,Indication__Lewy_Body_Dementia_(LBD),pipeline/indication,,,
scorecard::kine-501c_20260818,Scorecard - KINE-501C,scorecard,Scorecard__KINE-501C__20260818,pipeline/scorecard,1,Do not run Full Scout,E0
source::https_synapse.patsnap.com_drug_bcc0e499d38b45db9154b737b344da60,Synapse: KINE-501C,source,Source__Synapse_KINE-501C,pipeline/source;source/biopharma_database,,,E0
asset::kine-501d,KINE-501D,asset,Asset__KINE-501D,pipeline/asset;theme/unknown,2,Do not run Full Scout,E0
scorecard::kine-501d_20260818,Scorecard - KINE-501D,scorecard,Scorecard__KINE-501D__20260818,pipeline/scorecard,2,Do not run Full Scout,E0
source::https_synapse.patsnap.com_drug_e51eb88adc764dca8d419916642ec2d1,Synapse: KINE-501D,source,Source__Synapse_KINE-501D,pipeline/source;source/biopharma_database,,,E0
asset::kine-501e,KINE-501E,asset,Asset__KINE-501E,pipeline/asset;theme/unknown,2,Do not run Full Scout,E0
scorecard::kine-501e_20260818,Scorecard - KINE-501E,scorecard,Scorecard__KINE-501E__20260818,pipeline/scorecard,2,Do not run Full Scout,E0
source::https_synapse.patsnap.com_drug_7673acce77814a54b56af0c67e6eb23a,Synapse: KINE-501E,source,Source__Synapse_KINE-501E,pipeline/source;source/biopharma_database,,,E0
asset::kp-101,KP-101,asset,Asset__KP-101,pipeline/asset;theme/unknown,0,Do not run Full Scout,E0
company::korea_pharma_co_ltd,Korea Pharma Co Ltd,company,Company__Korea_Pharma_Co_Ltd,pipeline/company,,,
indication::major_depressive_disorder,major depressive disorder,indication,Indication__major_depressive_disorder,pipeline/indication,,,
scorecard::kp-101_20260818,Scorecard - KP-101,scorecard,Scorecard__KP-101__20260818,pipeline/scorecard,0,Do not run Full Scout,E0
source::https_koreapharma.co.kr_eng_sub_research_result.php,Korea Pharma Research Results,source,Source__Korea_Pharma_Research_Results,pipeline/source;source/other,,,E0
asset::kp-102,KP-102,asset,Asset__KP-102,pipeline/asset;theme/unknown,2,Do not run Full Scout,E0
indication::alzheimer's_dementia,Alzheimer's dementia,indication,Indication__Alzheimer's_dementia,pipeline/indication,,,
scorecard::kp-102_20260818,Scorecard - KP-102,scorecard,Scorecard__KP-102__20260818,pipeline/scorecard,2,Do not run Full Scout,E0
asset::1st-104,1ST-104,asset,Asset__1ST-104,pipeline/asset;theme/neuroimmune,12,Watch,E3
"company::1st_biotherapeutics,_inc","1ST Biotherapeutics, Inc.",company,"Company__1ST_Biotherapeutics,_Inc",pipeline/company,,,
target::lrrk2_c-abl,LRRK2 / c-Abl,target,Target__LRRK2_c-Abl,pipeline/target,,,
moa::dual_lrrk2_c-abl_kinase_inhibition_with_prab10_and_pcrkl_suppression_an_0c7d3ba3,Dual LRRK2/c-Abl kinase inhibition with pRab10 and pCrkL suppression and relative pS935 preservation; c-Abl Type II co-crystal confirmed.,moa,MoA__Dual_LRRK2_c-Abl_kinase_inhibition_with_pRab10_and_pCrkL_suppression_an_0c7d3ba3,pipeline/moa,,,
scorecard::1st-104_20260818,Scorecard - 1ST-104,scorecard,Scorecard__1ST-104__20260818,pipeline/scorecard,12,Watch,E3
competitor::neuron23_neu-411,NEU-411,competitor,Competitor__Neuron23__NEU-411,pipeline/competitor,,,
competitor::denali_therapeutics_biogen_biib122_dnl151,BIIB122 / DNL151,competitor,Competitor__Denali_Therapeutics_Biogen__BIIB122_DNL151,pipeline/competitor,,,
competitor::brenig_therapeutics_bt-267,BT-267,competitor,Competitor__Brenig_Therapeutics__BT-267,pipeline/competitor,,,
competitor::finsnobio_type_ii_lrrk2_program,Type II LRRK2 program,competitor,Competitor__FinsnoBio__Type_II_LRRK2_program,pipeline/competitor,,,
competitor::arvinas_arv-102,ARV-102,competitor,Competitor__Arvinas__ARV-102,pipeline/competitor,,,
competitor::ionis_biogen_biib094,BIIB094,competitor,Competitor__Ionis_Biogen__BIIB094,pipeline/competitor,,,
competitor::sparc_vodobatinib,Vodobatinib,competitor,Competitor__SPARC__Vodobatinib,pipeline/competitor,,,
source::https_www.1stbio.com_rd-pipeline,1ST Biotherapeutics current R&D pipeline,source,Source__1ST_Biotherapeutics_current_R&D_pipeline,pipeline/source;source/other,,,E0
source::https_www.1stbio.com_wp-content_uploads_2025_04_1st-biotherapeutics-joi_5551b584,1ST Biotherapeutics Joins The Michael J. Fox Foundation LITE Program,source,Source__1ST_Biotherapeutics_Joins_The_Michael_J._Fox_Foundation_LITE_Program,pipeline/source;source/company_press_release,,,E3
source::[104]_current_progress_and_key_findings_ncdp.pdf,[104] Current Progress and Key Findings_NCDP.pdf,source,Source__[104]_Current_Progress_and_Key_Findings_NCDP.pdf,pipeline/source;source/user_uploaded_file,,,E3
source::https_www.1stbio.com_wp-content_uploads_2026_01_1stbio_series_d_completed.pdf,1STBIO Series D Financing Announcement,source,Source__1STBIO_Series_D_Financing_Announcement,pipeline/source;source/company_press_release,,,E3
source::https_pubmed.ncbi.nlm.nih.gov_15541309,Mutations in LRRK2 cause autosomal-dominant parkinsonism with pleomorphic pathology,source,Source__Mutations_in_LRRK2_cause_autosomal-dominant_parkinsonism_with_pleomorph_eba53ca5,pipeline/source;source/peer_reviewed,,,E3
source::https_clinicaltrials.gov_study_nct06680830,NEU-411 Phase 2 NEULARK - NCT06680830,source,Source__NEU-411_Phase_2_NEULARK_-_NCT06680830,pipeline/source;source/clinical_registry,,,E3
source::https_investors.biogen.com_news-releases_news-release-details_biogen-an_e14318e9,BIIB122 Phase 2b LUMA Update,source,Source__BIIB122_Phase_2b_LUMA_Update,pipeline/source;source/company_press_release,,,E3
source::https_www.brenigther.com,Brenig Therapeutics BT-267 Pipeline,source,Source__Brenig_Therapeutics_BT-267_Pipeline,pipeline/source;source/official_company,,,E3
source::https_ir.arvinas.com_news-releases_news-release-details_arvinas-announc_c587222b,Arvinas ARV-102 Phase 1 Parkinson's Disease Data,source,Source__Arvinas_ARV-102_Phase_1_Parkinson's_Disease_Data,pipeline/source;source/company_press_release,,,E3
source::https_clinicaltrials.gov_study_nct03976349,BIIB094 REASON Phase 1 - NCT03976349,source,Source__BIIB094_REASON_Phase_1_-_NCT03976349,pipeline/source;source/clinical_registry,,,E3
source::https_www.nature.com_articles_s41591-026-04262-4,LRRK2-targeting antisense oligonucleotide in Parkinson's disease,source,Source__LRRK2-targeting_antisense_oligonucleotide_in_Parkinson's_disease,pipeline/source;source/peer_reviewed,,,E3
source::https_www.finsnobio.com_pipeline,FinsnoBio LRRK2 Type II Pipeline,source,Source__FinsnoBio_LRRK2_Type_II_Pipeline,pipeline/source;source/official_company,,,E3
source::https_pubmed.ncbi.nlm.nih.gov_24412932,c-Abl phosphorylates alpha-synuclein and regulates its degradation,source,Source__c-Abl_phosphorylates_alpha-synuclein_and_regulates_its_degradation,pipeline/source;source/peer_reviewed,,,E3
source::https_pubmed.ncbi.nlm.nih.gov_27474410,Phos-tag analysis of Rab10 phosphorylation by LRRK2,source,Source__Phos-tag_analysis_of_Rab10_phosphorylation_by_LRRK2,pipeline/source;source/peer_reviewed,,,E3
source::https_pubmed.ncbi.nlm.nih.gov_40465731,Type II kinase inhibitors that target Parkinson's disease-associated LRRK2,source,Source__Type_II_kinase_inhibitors_that_target_Parkinson's_disease-associated_LRRK2,pipeline/source;source/peer_reviewed,,,E3
source::https_www.nature.com_articles_s41531-026-01275-1,Evaluation of c-Abl inhibitor vodobatinib in early Parkinson's disease,source,Source__Evaluation_of_c-Abl_inhibitor_vodobatinib_in_early_Parkinson's_disease,pipeline/source;source/peer_reviewed,,,E3
source::https_www.parkinson.org_understanding-parkinsons_statistics_prevalence-incidence,Parkinson's Foundation Prevalence and Incidence,source,Source__Parkinson's_Foundation_Prevalence_and_Incidence,pipeline/source;source/patient_foundation,,,E3
source::https_clinicaltrials.gov_study_nct06602193,BIIB122 Phase 2a BEACON - NCT06602193,source,Source__BIIB122_Phase_2a_BEACON_-_NCT06602193,pipeline/source;source/clinical_registry,,,E3
asset::ast-001_(speragen),AST-001 (Speragen),asset,Asset__AST-001_(Speragen),pipeline/asset;theme/e_i_balance,10,Deprioritize,E4
"company::astrogen,_inc","Astrogen, inc.",company,"Company__Astrogen,_inc",pipeline/company,,,
target::sk_(small-conductance_ca2+-activated_k+)_channels_kca2,SK (small-conductance Ca2+-activated K+) channels / KCa2,target,Target__SK_(small-conductance_Ca2+-activated_K+)_channels_KCa2,pipeline/target,,,
moa::l-serine-based_modulation_inhibition_of_sk-channel_current_in_vta_dopam_005ccbca,"L-serine-based modulation/inhibition of SK-channel current in VTA dopamine neurons, restoring dopamine-neuron firing and proposed E/I balance",moa,MoA__L-serine-based_modulation_inhibition_of_SK-channel_current_in_VTA_dopam_005ccbca,pipeline/moa,,,
"indication::pediatric_autism_spectrum_disorder_core_symptoms,_including_social_comm_31934ef0","Pediatric autism spectrum disorder core symptoms, including social communication/social interaction",indication,"Indication__Pediatric_autism_spectrum_disorder_core_symptoms,_including_social_comm_31934ef0",pipeline/indication,,,
scorecard::ast-001_(speragen)_20260819,Scorecard - AST-001 (Speragen),scorecard,Scorecard__AST-001_(Speragen)__20260819,pipeline/scorecard,10,Deprioritize,E4
competitor::multiple_academic_industry_programs;_prior_neurochlore_servier_phase_3_e7ae7456,Bumetanide,competitor,Competitor__Multiple_academic_industry_programs;_prior_Neurochlore_Servier_Phase_3__Bumetanide,pipeline/competitor,,,
competitor::holland_bloorview_kids_rehabilitation_hospital_prior_seaside_program_ar_45e56246,Arbaclofen (STX209),competitor,Competitor__Holland_Bloorview_Kids_Rehabilitation_Hospital_prior_Seaside_program__Arbaclofen_(STX209),pipeline/competitor,,,
competitor::maplight_therapeutics_ml-004,ML-004,competitor,Competitor__MapLight_Therapeutics__ML-004,pipeline/competitor,,,
competitor::neurotech_international_fenix_innovation_group_nti164,NTI164,competitor,Competitor__Neurotech_International_Fenix_Innovation_Group__NTI164,pipeline/competitor,,,
source::https_astrogen.co.kr_eng_subpages_about_overview.html,Astrogen About Us — Overview,source,Source__Astrogen_About_Us_—_Overview,pipeline/source;source/other,,,E4
source::https_astrogen.co.kr_eng_subpages_rnd_pipeline.html,Astrogen Development Pipelines,source,Source__Astrogen_Development_Pipelines,pipeline/source;source/official_company,,,E4
source::https_astrogen.co.kr_contents_03_irpr_sub01.html_board_id=board_notice&_db4221c1,Astrogen notice — Speragen (AST-001) MFDS product approval application,source,Source__Astrogen_notice_—_Speragen_(AST-001)_MFDS_product_approval_application,pipeline/source;source/official_company,,,E4
source::https_www.astrogen.co.kr_eng_subpages_news_press.html_board_id=board_bp_10bba0f9,Astrogen June 2026 press release — Speragen awaiting MFDS result,source,Source__Astrogen_June_2026_press_release_—_Speragen_awaiting_MFDS_result,pipeline/source;source/official_company,,,E4
source::https_clinicaltrials.gov_study_nct06333964,ClinicalTrials.gov NCT06333964 — AST-001 Phase 3,source,Source__ClinicalTrials.gov_NCT06333964_—_AST-001_Phase_3,pipeline/source;source/clinical_registry,,,E4
source::https_pubmed.ncbi.nlm.nih.gov_39425256,AST-001 versus placebo for social communication in children with ASD,source,Source__AST-001_versus_placebo_for_social_communication_in_children_with_ASD,pipeline/source;source/peer_reviewed_publication,,,E4
source::https_www.mdpi.com_2227-9059_11_12_3283,AST-001 Improves Social Deficits and Restores Dopamine Neuron Activity in a Mouse Model of Autism,source,Source__AST-001_Improves_Social_Deficits_and_Restores_Dopamine_Neuron_Activity_369b54f8,pipeline/source;source/peer_reviewed_publication,,,E4
source::https_www.frontiersin.org_journals_pharmacology_articles_10.3389_fphar._7743bbe4,Population PK/PD model guided weight-tiered dose of AST-001 in pediatric ASD,source,Source__Population_PK_PD_model_guided_weight-tiered_dose_of_AST-001_in_pediatric_ASD,pipeline/source;source/peer_reviewed_publication,,,E4
source::https_pubmed.ncbi.nlm.nih.gov_42305848,52-week multicenter long-term follow-up of AST-001 in children with ASD,source,Source__52-week_multicenter_long-term_follow-up_of_AST-001_in_children_with_ASD,pipeline/source;source/peer_reviewed_publication,,,E4
source::https_www.astrogen.co.kr_eng_subpages_news_press.html_board_id=board_bp_682e0d48,Astrogen-Cigalah exclusive MENA partnership for AST-001,source,Source__Astrogen-Cigalah_exclusive_MENA_partnership_for_AST-001,pipeline/source;source/official_company_press_release,,,E4
source::https_pubmed.ncbi.nlm.nih.gov_42127326,"Drug development in autism spectrum disorder: genetic heterogeneity, failed trials, and stratified pharmacotherapy",source,"Source__Drug_development_in_autism_spectrum_disorder_genetic_heterogeneity,_fai_de899a76",pipeline/source;source/peer_reviewed_review,,,E4
source::https_pubmed.ncbi.nlm.nih.gov_37794745,Bumetanide oral solution in ASD — two randomized Phase III studies,source,Source__Bumetanide_oral_solution_in_ASD_—_two_randomized_Phase_III_studies,pipeline/source;source/peer_reviewed_publication,,,E4
source::https_clinicaltrials.gov_study_nct03887676,ClinicalTrials.gov NCT03887676 — Arbaclofen in ASD,source,Source__ClinicalTrials.gov_NCT03887676_—_Arbaclofen_in_ASD,pipeline/source;source/clinical_registry,,,E4
source::https_ir.maplightrx.com_news-releases_news-release-details_maplight-ann_4e295e86,MapLight Phase 2 IRIS topline results for ML-004 in ASD,source,Source__MapLight_Phase_2_IRIS_topline_results_for_ML-004_in_ASD,pipeline/source;source/official_company_press_release,,,E4
source::https_pubmed.ncbi.nlm.nih.gov_42561512,NTI164 Harmony Phase II/III ASD randomized trial,source,Source__NTI164_Harmony_Phase_II_III_ASD_randomized_trial,pipeline/source;source/peer_reviewed_publication,,,E4
source::https_clinicaltrials.gov_study_nct07257939,ClinicalTrials.gov NCT07257939 — NTI164 Phase III HarmonyPlus,source,Source__ClinicalTrials.gov_NCT07257939_—_NTI164_Phase_III_HarmonyPlus,pipeline/source;source/clinical_registry,,,E4
source::ast001_gp_proposal.pptx,AST001_GP_Proposal.pptx,source,Source__AST001_GP_Proposal.pptx,pipeline/source;source/user_uploaded_file,,,E4
asset::nm301,NM301,asset,Asset__NM301,pipeline/asset;theme/others,9,Run Full Scout,E0
company::helixmith,Helixmith,company,Company__Helixmith,pipeline/company,,,
target::hgf_c-met_signaling,HGF / c-MET signaling,target,Target__HGF_c-MET_signaling,pipeline/target,,,
"moa::aav9-mediated_expression_of_hgf_isoforms_for_neuroprotection,_axonal_re_c494c166","AAV9-mediated expression of HGF isoforms for neuroprotection, axonal repair and inflammatory modulation",moa,"MoA__AAV9-mediated_expression_of_HGF_isoforms_for_neuroprotection,_axonal_re_c494c166",pipeline/moa,,,
modality::gene_therapy,Gene therapy,modality,Modality__Gene_therapy,pipeline/modality,,,
indication::amyotrophic_lateral_sclerosis,Amyotrophic lateral sclerosis,indication,Indication__Amyotrophic_lateral_sclerosis,pipeline/indication,,,
scorecard::nm301_20260820,Scorecard - NM301,scorecard,Scorecard__NM301__20260820,pipeline/scorecard,9,Run Full Scout,E0
source::https_zdnet.co.kr_view_no=20230227171605,Helixmith NM301 ALS gene-therapy report,source,Source__Helixmith_NM301_ALS_gene-therapy_report,pipeline/source;source/other,,,E0
source::https_stockanalysis.com_quote_kosdaq_084990_company,Helixmith company profile / pipeline summary,source,Source__Helixmith_company_profile_pipeline_summary,pipeline/source;source/company_profile_database,,,E0
source::https_www.nature.com_articles_s41434-023-00383-4,Intrathecal rAAV-HGF study in ALS models,source,Source__Intrathecal_rAAV-HGF_study_in_ALS_models,pipeline/source;source/peer_reviewed_publication,,,E0
asset::ar1001,AR1001,asset,Asset__AR1001,pipeline/asset;theme/others,9,Run Full Scout,E0
company::aribio,AriBio,company,Company__AriBio,pipeline/company,,,
target::pde5,PDE5,target,Target__PDE5,pipeline/target,,,
moa::pde5_inhibition_with_cgmp-pathway_modulation_and_downstream_neuroprotec_a27d492f,PDE5 inhibition with cGMP-pathway modulation and downstream neuroprotective/autophagy effects,moa,MoA__PDE5_inhibition_with_cGMP-pathway_modulation_and_downstream_neuroprotec_a27d492f,pipeline/moa,,,
indication::early_alzheimer's_disease,Early Alzheimer's disease,indication,Indication__Early_Alzheimer's_disease,pipeline/indication,,,
scorecard::ar1001_20260820,Scorecard - AR1001,scorecard,Scorecard__AR1001__20260820,pipeline/scorecard,9,Run Full Scout,E0
source::https_clinicaltrials.gov_study_nct05531526,POLARIS-AD Phase 3 registry,source,Source__POLARIS-AD_Phase_3_registry,pipeline/source;source/other,,,E0
source::https_www.fujirebio.com_en_news-events_aribio-co-ltd-and-fujirebio-diag_a76a18b2,AriBio-Fujirebio POLARIS-AD milestone,source,Source__AriBio-Fujirebio_POLARIS-AD_milestone,pipeline/source;source/partner_official_release,,,E0
source::https_pmc.ncbi.nlm.nih.gov_articles_pmc11713056,AR1001 PDE5 target-engagement/mechanistic study,source,Source__AR1001_PDE5_target-engagement_mechanistic_study,pipeline/source;source/peer_reviewed_publication,,,E0
source::https_pmc.ncbi.nlm.nih.gov_articles_pmc12501329,AR1001 Phase 2 clinical results,source,Source__AR1001_Phase_2_clinical_results,pipeline/source;source/peer_reviewed_publication,,,E0
source::https_www.einpresswire.com_article_930926568_aribio-completes-treatment_46cdf868,AR1001 Phase 3 treatment-phase completion update,source,Source__AR1001_Phase_3_treatment-phase_completion_update,pipeline/source;source/company_release_syndication,,,E0
asset::gv1001,GV1001,asset,Asset__GV1001,pipeline/asset;theme/neuroimmune,9,Run Full Scout,E0
company::gemvax_&_kael,GemVax & KAEL,company,Company__GemVax_&_KAEL,pipeline/company,,,
target::htert-derived_peptide;_pleiotropic_glial_signaling,hTERT-derived peptide; pleiotropic glial signaling,target,Target__hTERT-derived_peptide;_pleiotropic_glial_signaling,pipeline/target,,,
"moa::modulation_of_microglial_migration_phagocytosis,_amyloid_handling_and_n_e8bf572c","Modulation of microglial migration/phagocytosis, amyloid handling and neuroinflammatory pathways",moa,"MoA__Modulation_of_microglial_migration_phagocytosis,_amyloid_handling_and_n_e8bf572c",pipeline/moa,,,
scorecard::gv1001_20260820,Scorecard - GV1001,scorecard,Scorecard__GV1001__20260820,pipeline/scorecard,9,Run Full Scout,E0
source::https_www.gemvax.com_sub_pipeline.php,GemVax current pipeline,source,Source__GemVax_current_pipeline,pipeline/source;source/other,,,E0
source::https_clinicaltrials.gov_study_nct05189210,GV1001 Phase 2 AD registry,source,Source__GV1001_Phase_2_AD_registry,pipeline/source;source/clinical_trial_registry,,,E0
source::https_gemvax.com_bbs_board.php_bo_table=releases_en&wr_id=8,GemVax GV1001 preclinical mechanism release,source,Source__GemVax_GV1001_preclinical_mechanism_release,pipeline/source;source/official_company_release,,,E0
source::https_zdnet.co.kr_view_no=20251107215446,GV1001 Phase 2 CSR outcome report,source,Source__GV1001_Phase_2_CSR_outcome_report,pipeline/source;source/reputable_biotech_news,,,E0
asset::1st-103,1ST-103,asset,Asset__1ST-103,pipeline/asset;theme/neuroimmune,7,Run Full Scout,E0
company::1st_biotherapeutics_d&d_pharmatech,1ST Biotherapeutics / D&D Pharmatech,company,Company__1ST_Biotherapeutics_D&D_Pharmatech,pipeline/company,,,
target::ripk2,RIPK2,target,Target__RIPK2,pipeline/target,,,
moa::selective_brain-penetrant_ripk2_inhibition_to_reduce_neuroinflammation_4c8ebe1b,Selective brain-penetrant RIPK2 inhibition to reduce neuroinflammation and neuronal injury,moa,MoA__Selective_brain-penetrant_RIPK2_inhibition_to_reduce_neuroinflammation_4c8ebe1b,pipeline/moa,,,
indication::parkinson's_disease;_alzheimer's_disease,Parkinson's disease; Alzheimer's disease,indication,Indication__Parkinson's_disease;_Alzheimer's_disease,pipeline/indication,,,
scorecard::1st-103_20260820,Scorecard - 1ST-103,scorecard,Scorecard__1ST-103__20260820,pipeline/scorecard,7,Run Full Scout,E0
source::https_www.edaily.co.kr_news_read_mediacodeno=257&newsid=02735526645349864,NLY02 (1ST-103) program report,source,Source__NLY02_(1ST-103)_program_report,pipeline/source;source/reputable_business_news,,,E0
source::https_www.hankyung.com_article_202603063094i,NLY02 2026 program update,source,Source__NLY02_2026_program_update,pipeline/source;source/reputable_biotech_news,,,E0
source::https_www.ddpharmatech.com_board_board.php_bo_table=press&idx=57,NLY02 Parkinson model efficacy update,source,Source__NLY02_Parkinson_model_efficacy_update,pipeline/source;source/co_developer_official_release,,,E0
asset::pf1802,PF1802,asset,Asset__PF1802,pipeline/asset;theme/others,9,Run Full Scout,E0
company::immunoforge,ImmunoForge,company,Company__ImmunoForge,pipeline/company,,,
target::glp-1r_and_igf-1r,GLP-1R and IGF-1R,target,Target__GLP-1R_and_IGF-1R,pipeline/target,,,
moa::dual-ligand_fc-fusion_agonism_of_glp-1r_igf-1r_signaling,Dual-ligand Fc-fusion agonism of GLP-1R/IGF-1R signaling,moa,MoA__Dual-ligand_Fc-fusion_agonism_of_GLP-1R_IGF-1R_signaling,pipeline/moa,,,
scorecard::pf1802_20260820,Scorecard - PF1802,scorecard,Scorecard__PF1802__20260820,pipeline/scorecard,9,Run Full Scout,E0
source::https_www.immunoforge.com_en_m21.php_slide=1,ImmunoForge PF1802 pipeline,source,Source__ImmunoForge_PF1802_pipeline,pipeline/source;source/other,,,E0
source::https_www.immunoforge.com_m22.php,ImmunoForge ongoing PF1802 project listing,source,Source__ImmunoForge_ongoing_PF1802_project_listing,pipeline/source;source/official_company_project_page,,,E0
source::https_patents.justia.com_patent_20250289861,PF1802 patent application,source,Source__PF1802_patent_application,pipeline/source;source/patent,,,E0
asset::cp-108,CP-108,asset,Asset__CP-108,pipeline/asset;theme/unknown,2,Do not run Full Scout,E0
company::bukwang_pharmaceutical_contera_pharma,Bukwang Pharmaceutical / Contera Pharma,company,Company__Bukwang_Pharmaceutical_Contera_Pharma,pipeline/company,,,
scorecard::cp-108_20260820,Scorecard - CP-108,scorecard,Scorecard__CP-108__20260820,pipeline/scorecard,2,Do not run Full Scout,E0
source::https_www.ceoscoredaily.com_page_view_2026031616221966120,Bukwang/Contera CP-108 development pause report,source,Source__Bukwang_Contera_CP-108_development_pause_report,pipeline/source;source/other,,,E0
asset::bmd-002,BMD-002,asset,Asset__BMD-002,pipeline/asset;theme/unknown,5,Run Full Scout,E0
company::biorchestra,BIORCHESTRA,company,Company__BIORCHESTRA,pipeline/company,,,
moa::aso_rna_interference_delivered_with_bdds;_molecular_target_undisclosed,ASO/RNA interference delivered with BDDS; molecular target undisclosed,moa,MoA__ASO_RNA_interference_delivered_with_BDDS;_molecular_target_undisclosed,pipeline/moa,,,
indication::epilepsy;_drug-resistant_epilepsy_including_lgs_dravet_positioning,Epilepsy; drug-resistant epilepsy including LGS/Dravet positioning,indication,Indication__Epilepsy;_drug-resistant_epilepsy_including_LGS_Dravet_positioning,pipeline/indication,,,
scorecard::bmd-002_20260820,Scorecard - BMD-002,scorecard,Scorecard__BMD-002__20260820,pipeline/scorecard,5,Run Full Scout,E0
source::https_synapse.patsnap.com_organization_fad77fee67d0c59de233cd979ab252f5,BIORCHESTRA pipeline snapshot,source,Source__BIORCHESTRA_pipeline_snapshot,pipeline/source;source/other,,,E0
source::https_www.linkedin.com_posts_david-c-oxley_epilepsy-jpm25-lennoxgastaut_9901b023,BMD-002 epilepsy preclinical update,source,Source__BMD-002_epilepsy_preclinical_update,pipeline/source;source/company_representative_public_update,,,E0
source::https_oligonucleotides-cns.com_sponsor_biorchestra,BIORCHESTRA CNS partnering profile,source,Source__BIORCHESTRA_CNS_partnering_profile,pipeline/source;source/industry_conference_profile,,,E0
target::stmn2,STMN2,target,Target__STMN2,pipeline/target,,,
moa::aav-mediated_restoration_of_stmn2_to_support_axonal_regeneration,AAV-mediated restoration of STMN2 to support axonal regeneration,moa,MoA__AAV-mediated_restoration_of_STMN2_to_support_axonal_regeneration,pipeline/moa,,,
scorecard::gxc-303_20260820,Scorecard - GXC-303,scorecard,Scorecard__GXC-303__20260820,pipeline/scorecard,7,Run Full Scout,E0
source::https_www.genix-cure.com,GenixCure current pipeline,source,Source__GenixCure_current_pipeline,pipeline/source;source/other,,,E0
source::https_v.daum.net_v_20240912143101214,GXC-303 ALS program report,source,Source__GXC-303_ALS_program_report,pipeline/source;source/reputable_biotech_news,,,E0
asset::oc514,OC514,asset,Asset__OC514,pipeline/asset;theme/unknown,3,Do not run Full Scout,E0
company::oncocross,Oncocross,company,Company__Oncocross,pipeline/company,,,
moa::undisclosed_drug-drug_combination_mechanism,Undisclosed drug-drug combination mechanism,moa,MoA__Undisclosed_drug-drug_combination_mechanism,pipeline/moa,,,
indication::sarcopenia;_amyotrophic_lateral_sclerosis;_muscular_dystrophy,Sarcopenia; amyotrophic lateral sclerosis; muscular dystrophy,indication,Indication__Sarcopenia;_amyotrophic_lateral_sclerosis;_muscular_dystrophy,pipeline/indication,,,
scorecard::oc514_20260820,Scorecard - OC514,scorecard,Scorecard__OC514__20260820,pipeline/scorecard,3,Do not run Full Scout,E0
source::https_synapse.patsnap.com_drug_f188cf3357124d1bb39f81ea058fca83,OC514 current drug profile,source,Source__OC514_current_drug_profile,pipeline/source;source/other,,,E0
source::https_www.oncocross.com_en_history,Oncocross corporate history,source,Source__Oncocross_corporate_history,pipeline/source;source/official_company_page,,,E0
asset::mdh-014,MDH-014,asset,Asset__MDH-014,pipeline/asset;theme/protein_homeostasis,5,Do not run Full Scout,E0
company::md_healthcare,MD Healthcare,company,Company__MD_Healthcare,pipeline/company,,,
target::proteostasis_ampk-associated_organelle_homeostasis,Proteostasis / AMPK-associated organelle homeostasis,target,Target__Proteostasis_AMPK-associated_organelle_homeostasis,pipeline/target,,,
moa::microbial_extracellular_vesicle-mediated_restoration_of_proteostasis_an_e18a9187,Microbial extracellular vesicle-mediated restoration of proteostasis and mitochondrial/lysosomal homeostasis,moa,MoA__Microbial_extracellular_vesicle-mediated_restoration_of_proteostasis_an_e18a9187,pipeline/moa,,,
scorecard::mdh-014_20260820,Scorecard - MDH-014,scorecard,Scorecard__MDH-014__20260820,pipeline/scorecard,5,Do not run Full Scout,E0
source::https_www.yakup.com_news_index.html_cat=all&mode=view&nid=301187,MDH-014 Australia IND report,source,Source__MDH-014_Australia_IND_report,pipeline/source;source/other,,,E0
source::https_www.edaily.co.kr_news_read_mediacodeno=257&newsid=04241046639058168,MDH-014 clinical-entry report,source,Source__MDH-014_clinical-entry_report,pipeline/source;source/reputable_business_news,,,E0
asset::go-102,GO-102,asset,Asset__GO-102,pipeline/asset;theme/others,8,Run Full Scout,E0
company::generoath,Generoath,company,Company__Generoath,pipeline/company,,,
target::aimp2_pathway_via_aimp2-dx2,AIMP2 pathway via AIMP2-DX2,target,Target__AIMP2_pathway_via_AIMP2-DX2,pipeline/target,,,
moa::intrathecal_scaav_expression_of_aimp2-dx2_to_antagonize_pro-apoptotic_a_5bd57d9c,Intrathecal scAAV expression of AIMP2-DX2 to antagonize pro-apoptotic AIMP2/TNF signaling,moa,MoA__Intrathecal_scAAV_expression_of_AIMP2-DX2_to_antagonize_pro-apoptotic_A_5bd57d9c,pipeline/moa,,,
scorecard::go-102_20260820,Scorecard - GO-102,scorecard,Scorecard__GO-102__20260820,pipeline/scorecard,8,Run Full Scout,E0
source::https_www.generoath.com_m22.php,Generoath GO-102 pipeline,source,Source__Generoath_GO-102_pipeline,pipeline/source;source/other,,,E0
source::https_patents.google.com_patent_ep4221759a1_en,GO-102 / AIMP2-DX2 patent,source,Source__GO-102_AIMP2-DX2_patent,pipeline/source;source/patent,,,E0
asset::ng201,NG201,asset,Asset__NG201,pipeline/asset;theme/unknown,2,Do not run Full Scout,E0
company::neuracle_genetics_(now_elisigen),Neuracle Genetics (now Elisigen),company,Company__Neuracle_Genetics_(now_Elisigen),pipeline/company,,,
indication::neuropathic_pain,Neuropathic pain,indication,Indication__Neuropathic_pain,pipeline/indication,,,
scorecard::ng201_20260820,Scorecard - NG201,scorecard,Scorecard__NG201__20260820,pipeline/scorecard,2,Do not run Full Scout,E0
source::https_informaconnect.com_bio-europe-lead-retrieval_agenda_4,Neuracle Genetics NG201 partnering profile,source,Source__Neuracle_Genetics_NG201_partnering_profile,pipeline/source;source/other,,,E0
source::https_www.elisigen.com_en_pipeline,Elisigen current pipeline,source,Source__Elisigen_current_pipeline,pipeline/source;source/official_company_pipeline,,,E0
source::https_www.biospectator.com_news_view_27341,Neuracle Genetics to Elisigen rename report,source,Source__Neuracle_Genetics_to_Elisigen_rename_report,pipeline/source;source/reputable_biotech_news,,,E0
asset::vrn04-2,VRN04-2,asset,Asset__VRN04-2,pipeline/asset;theme/neuroimmune,5,Run Full Scout,E0
company::voronoi_anvia_therapeutics,Voronoi / Anvia Therapeutics,company,Company__Voronoi_Anvia_Therapeutics,pipeline/company,,,
target::ripk1,RIPK1,target,Target__RIPK1,pipeline/target,,,
moa::brain-penetrant_ripk1_inhibition_to_suppress_neuroinflammation_and_necroptosis,Brain-penetrant RIPK1 inhibition to suppress neuroinflammation and necroptosis,moa,MoA__Brain-penetrant_RIPK1_inhibition_to_suppress_neuroinflammation_and_necroptosis,pipeline/moa,,,
indication::multiple_sclerosis;_amyotrophic_lateral_sclerosis,Multiple sclerosis; amyotrophic lateral sclerosis,indication,Indication__Multiple_sclerosis;_amyotrophic_lateral_sclerosis,pipeline/indication,,,
scorecard::vrn04-2_20260820,Scorecard - VRN04-2,scorecard,Scorecard__VRN04-2__20260820,pipeline/scorecard,5,Run Full Scout,E0
source::https_voronoi.io_en_pipeline.html,Voronoi current pipeline,source,Source__Voronoi_current_pipeline,pipeline/source;source/other,,,E0
source::https_stockanalysis.com_quote_kosdaq_310210_company,Voronoi company profile including VRN04-2,source,Source__Voronoi_company_profile_including_VRN04-2,pipeline/source;source/company_profile_database,,,E0
source::https_www.awakeplus.co.kr_data_view_20250918900276,VRN04 asset transfer report,source,Source__VRN04_asset_transfer_report,pipeline/source;source/reputable_biotech_news,,,E0
source::https_pmc.ncbi.nlm.nih.gov_articles_pmc9372423,Clinical target engagement of CNS-penetrant RIPK1 inhibitor,source,Source__Clinical_target_engagement_of_CNS-penetrant_RIPK1_inhibitor,pipeline/source;source/peer_reviewed_publication,,,E0
asset::meloxicam,Meloxicam,asset,Asset__Meloxicam,pipeline/asset;theme/unknown,0,Verify asset identity,E0
company::animuscure,AniMusCure,company,Company__AniMusCure,pipeline/company,,,
indication::sarcopenia_research_association;_pipeline_linkage_unverified,Sarcopenia research association; pipeline linkage unverified,indication,Indication__Sarcopenia_research_association;_pipeline_linkage_unverified,pipeline/indication,,,
scorecard::meloxicam_20260820,Scorecard - Meloxicam,scorecard,Scorecard__Meloxicam__20260820,pipeline/scorecard,0,Verify asset identity,E0
source::https_www.animuscure.com_pipelines-en,AniMusCure current pipeline,source,Source__AniMusCure_current_pipeline,pipeline/source;source/other,,,E0
source::https_pubmed.ncbi.nlm.nih.gov_42587039,Meloxicam sarcopenia study with AniMusCure affiliation,source,Source__Meloxicam_sarcopenia_study_with_AniMusCure_affiliation,pipeline/source;source/peer_reviewed_publication,,,E0
company::reyon_pharmaceutical,Reyon Pharmaceutical,company,Company__Reyon_Pharmaceutical,pipeline/company,,,
source::https_www.marketscreener.com_news_reyon-pharmaceutical-co-ltd-reports-e_fe9edcc0,Reyon Pharmaceutical 2025 company/earnings profile,source,Source__Reyon_Pharmaceutical_2025_company_earnings_profile,pipeline/source;source/other,,,E0
source::https_www.reyonpharm.co.kr_en_product_productlist.do,Reyon Pharmaceutical product listing,source,Source__Reyon_Pharmaceutical_product_listing,pipeline/source;source/official_company_product_page,,,E0
asset::zcs1,ZCS1,asset,Asset__ZCS1,pipeline/asset;theme/protein_homeostasis,9,Run Full Scout,E0
company::zincure,Zincure,company,Company__Zincure,pipeline/company,,,
target::v-atpase_lysosomal_acidification_axis,v-ATPase / lysosomal acidification axis,target,Target__v-ATPase_lysosomal_acidification_axis,pipeline/target,,,
moa::peptide-driven_lysosome_activation_and_autophagic_clearance_of_toxic_pr_84ba0852,Peptide-driven lysosome activation and autophagic clearance of toxic protein aggregates,moa,MoA__Peptide-driven_lysosome_activation_and_autophagic_clearance_of_toxic_pr_84ba0852,pipeline/moa,,,
scorecard::zcs1_20260820,Scorecard - ZCS1,scorecard,Scorecard__ZCS1__20260820,pipeline/scorecard,9,Run Full Scout,E0
source::https_www.zincure.com,Zincure current pipeline,source,Source__Zincure_current_pipeline,pipeline/source;source/other,,,E0
source::https_www.zincure.com_en_amyotrophic-lateral-sclerosis,Zincure ALS program page,source,Source__Zincure_ALS_program_page,pipeline/source;source/official_company_technical_page,,,E0
source::https_www.nature.com_articles_d43747-025-00051-z,Nature Biopharma Dealmakers AUTOTAC article,source,Source__Nature_Biopharma_Dealmakers_AUTOTAC_article,pipeline/source;source/other,,,E0
source::https_m.biospectator.com_view_news_view.php_varatcid=29170,ZCS1 2026 preclinical project selection report,source,Source__ZCS1_2026_preclinical_project_selection_report,pipeline/source;source/reputable_biotech_news,,,E0
asset::bsc-3301,BSC-3301,asset,Asset__BSC-3301,pipeline/asset;theme/neuroimmune,5,Run Full Scout,E0
company::bisichem,BiSiChem,company,Company__BiSiChem,pipeline/company,,,
moa::ripk1_kinase_inhibition_to_suppress_neuroinflammation_and_programmed_cell_death,RIPK1 kinase inhibition to suppress neuroinflammation and programmed cell death,moa,MoA__RIPK1_kinase_inhibition_to_suppress_neuroinflammation_and_programmed_cell_death,pipeline/moa,,,
indication::dry_age-related_macular_degeneration;_wet_age-related_macular_degenerat_47b657a5,Dry age-related macular degeneration; wet age-related macular degeneration; Alzheimer's disease,indication,Indication__Dry_age-related_macular_degeneration;_wet_age-related_macular_degenerat_47b657a5,pipeline/indication,,,
scorecard::bsc-3301_20260820,Scorecard - BSC-3301,scorecard,Scorecard__BSC-3301__20260820,pipeline/scorecard,5,Run Full Scout,E0
source::https_synapse.zhihuiya.com_drug_d8ab8e06d2e34992aba307aaf032e5b2,BSC-3301 current profile,source,Source__BSC-3301_current_profile,pipeline/source;source/other,,,E0
source::https_www.hankyung.com_article_202403086495i,BiSiChem BSC-3301 report,source,Source__BiSiChem_BSC-3301_report,pipeline/source;source/reputable_biotech_news,,,E0
source::https_pmc.ncbi.nlm.nih.gov_articles_pmc8917516,RIPK1 inhibition and MS neuroinflammation study,source,Source__RIPK1_inhibition_and_MS_neuroinflammation_study,pipeline/source;source/peer_reviewed_publication,,,E0
asset::ndc-011,NDC-011,asset,Asset__NDC-011,pipeline/asset;theme/others,9,Run Full Scout,E0
company::dr._noah_biotech,Dr. Noah Biotech,company,Company__Dr._Noah_Biotech,pipeline/company,,,
target::multi-target_combination;_pi3k-linked_neuroprotection,Multi-target combination; PI3K-linked neuroprotection,target,Target__Multi-target_combination;_PI3K-linked_neuroprotection,pipeline/target,,,
moa::combination_therapy_producing_pi3k-dependent_neuronal_protection_and_al_425783b0,Combination therapy producing PI3K-dependent neuronal protection and ALS phenotype improvement,moa,MoA__Combination_therapy_producing_PI3K-dependent_neuronal_protection_and_AL_425783b0,pipeline/moa,,,
scorecard::ndc-011_20260820,Scorecard - NDC-011,scorecard,Scorecard__NDC-011__20260820,pipeline/scorecard,9,Run Full Scout,E0
source::https_www.drnoahbiotech.com_en_sub_pipeline.php,Dr. Noah NDC-011 pipeline,source,Source__Dr._Noah_NDC-011_pipeline,pipeline/source;source/other,,,E0
source::https_pr.taosnews.com_article_drnoah-biotechs-ai-driven-als-medicine-re_7fbd4be1,NDC-011 FDA IND clearance release,source,Source__NDC-011_FDA_IND_clearance_release,pipeline/source;source/company_release_syndication,,,E0
source::https_pmc.ncbi.nlm.nih.gov_articles_pmc10684847,NDC-011 combination mechanistic study,source,Source__NDC-011_combination_mechanistic_study,pipeline/source;source/peer_reviewed_publication,,,E0
source::https_alsnewstoday.com_news_phase-1-testing-ndc-011-dual-combination-al_c85f55a0,NDC-011 ALS preclinical/IND report,source,Source__NDC-011_ALS_preclinical_IND_report,pipeline/source;source/disease_news,,,E0
asset::dg-als-t1,DG-ALS-T1,asset,Asset__DG-ALS-T1,pipeline/asset;theme/unknown,1,Do not run Full Scout,E0
company::deargen,Deargen,company,Company__Deargen,pipeline/company,,,
indication::nervous_system_diseases;_specific_indication_unconfirmed,Nervous system diseases; specific indication unconfirmed,indication,Indication__Nervous_system_diseases;_specific_indication_unconfirmed,pipeline/indication,,,
scorecard::dg-als-t1_20260820,Scorecard - DG-ALS-T1,scorecard,Scorecard__DG-ALS-T1__20260820,pipeline/scorecard,1,Do not run Full Scout,E0
source::https_synapse.patsnap.com_drug_da0a312c0e4b4386b57e1bed0f7c5a17,DG-ALS-T1 current drug profile,source,Source__DG-ALS-T1_current_drug_profile,pipeline/source;source/other,,,E0
source::https_www.preqin.com_data_profile_asset_deargen-inc-_469138,Deargen company/program profile,source,Source__Deargen_company_program_profile,pipeline/source;source/company_database,,,E0
asset::bey4101a,BEY4101A,asset,Asset__BEY4101A,pipeline/asset;theme/unknown,2,Do not run Full Scout,E0
company::beyondbio,BeyondBio,company,Company__BeyondBio,pipeline/company,,,
scorecard::bey4101a_20260820,Scorecard - BEY4101A,scorecard,Scorecard__BEY4101A__20260820,pipeline/scorecard,2,Do not run Full Scout,E0
source::https_www.beyondbio.co.kr_eng_sub_sub3_01.php,BeyondBio current pipeline,source,Source__BeyondBio_current_pipeline,pipeline/source;source/other,,,E0
source::https_synapse.patsnap.com_organization_2a5ca156d4cdacea745e83fd4df13640,Synapse BeyondBio pipeline profile,source,Source__Synapse_BeyondBio_pipeline_profile,pipeline/source;source/industry_database,,,E0
asset::sjp1801,SJP1801,asset,Asset__SJP1801,pipeline/asset;theme/unknown,2,Do not run Full Scout,E0
company::samjin_pharmaceutical,Samjin Pharmaceutical,company,Company__Samjin_Pharmaceutical,pipeline/company,,,
indication::dementia;_parkinson's_disease,Dementia; Parkinson's disease,indication,Indication__Dementia;_Parkinson's_disease,pipeline/indication,,,
scorecard::sjp1801_20260820,Scorecard - SJP1801,scorecard,Scorecard__SJP1801__20260820,pipeline/scorecard,2,Do not run Full Scout,E0
source::https_kind.krx.co.kr_external_2025_03_13_002010_20250313004581_11011.htm,Samjin Pharmaceutical KRX filing,source,Source__Samjin_Pharmaceutical_KRX_filing,pipeline/source;source/other,,,E0
asset::as-s701_as-701,AS-S701 / AS-701,asset,Asset__AS-S701_AS-701,pipeline/asset;theme/protein_homeostasis,4,Do not run Full Scout,E0
company::amyloid_solution,Amyloid Solution,company,Company__Amyloid_Solution,pipeline/company,,,
target::aβ_app_and_tau_aggregates,Aβ/APP and tau aggregates,target,Target__Aβ_APP_and_tau_aggregates,pipeline/target,,,
moa::aβ_disaggregation_aggregate-directed_mechanism,Aβ disaggregation / aggregate-directed mechanism,moa,MoA__Aβ_disaggregation_aggregate-directed_mechanism,pipeline/moa,,,
scorecard::as-s701_as-701_20260820,Scorecard - AS-S701 / AS-701,scorecard,Scorecard__AS-S701_AS-701__20260820,pipeline/scorecard,4,Do not run Full Scout,E0
source::https_bioagora.khidi.or.kr_mps_startupcompany_view_menuid=menu00300&use_fff7b831,KHIDI BioAgora Amyloid Solution profile,source,Source__KHIDI_BioAgora_Amyloid_Solution_profile,pipeline/source;source/other,,,E0
source::https_synapse.zhihuiya.com_drug_c0f1b272885049559150beb07e3ef128,Synapse AS-701 profile,source,Source__Synapse_AS-701_profile,pipeline/source;source/industry_database,,,E0
asset::as-m801,AS-M801,asset,Asset__AS-M801,pipeline/asset;theme/neuroimmune,4,Do not run Full Scout,E0
target::tlr2,TLR2,target,Target__TLR2,pipeline/target,,,
moa::tlr2_antagonistic_antibody;_microglial_phagocytosis_modulation,TLR2 antagonistic antibody; microglial phagocytosis modulation,moa,MoA__TLR2_antagonistic_antibody;_microglial_phagocytosis_modulation,pipeline/moa,,,
indication::alzheimer's_disease;_parkinson's_disease,Alzheimer's disease; Parkinson's disease,indication,Indication__Alzheimer's_disease;_Parkinson's_disease,pipeline/indication,,,
scorecard::as-m801_20260820,Scorecard - AS-M801,scorecard,Scorecard__AS-M801__20260820,pipeline/scorecard,4,Do not run Full Scout,E0
source::https_m.biospectator.com_view_news_view.php_varatcid=16199,BioSpectator AS-M801 article,source,Source__BioSpectator_AS-M801_article,pipeline/source;source/reputable_biotech_news,,,E0
asset::ar1002,AR1002,asset,Asset__AR1002,pipeline/asset;theme/unknown,0,Verify asset identity,E0
scorecard::ar1002_20260820,Scorecard - AR1002,scorecard,Scorecard__AR1002__20260820,pipeline/scorecard,0,Verify asset identity,E0
asset::1st-103_(nly02),1ST-103 (NLY02),asset,Asset__1ST-103_(NLY02),pipeline/asset;theme/neuroimmune,7,Run Full Scout,E0
company::1st_biotherapeutics,1ST Biotherapeutics,company,Company__1ST_Biotherapeutics,pipeline/company,,,
moa::ripk2_inhibitor,RIPK2 inhibitor,moa,MoA__RIPK2_inhibitor,pipeline/moa,,,
indication::parkinson's_disease;_alzheimer's_disease;_multiple_sclerosis_neuroinfla_dc2a50e6,Parkinson's disease; Alzheimer's disease; Multiple sclerosis / neuroinflammatory disease,indication,Indication__Parkinson's_disease;_Alzheimer's_disease;_Multiple_sclerosis_neuroinfla_dc2a50e6,pipeline/indication,,,
scorecard::1st-103_(nly02)_20260820,Scorecard - 1ST-103 (NLY02),scorecard,Scorecard__1ST-103_(NLY02)__20260820,pipeline/scorecard,7,Run Full Scout,E0
source::https_kind.krx.co.kr_external_dst_irreference_18082_%5b%eb%94%94%ec%95%_c66f44d5,D&D Pharmatech 2026 IR,source,Source__D&D_Pharmatech_2026_IR,pipeline/source;source/regulatory_filing,,,E0
asset::acl-513_(ckd-513),ACL-513 (CKD-513),asset,Asset__ACL-513_(CKD-513),pipeline/asset;theme/unknown,2,Do not run Full Scout,E0
company::chong_kun_dang,Chong Kun Dang,company,Company__Chong_Kun_Dang,pipeline/company,,,
target::hdac6,HDAC6,target,Target__HDAC6,pipeline/target,,,
moa::hdac6_inhibitor,HDAC6 inhibitor,moa,MoA__HDAC6_inhibitor,pipeline/moa,,,
indication::neurological_disease,Neurological disease,indication,Indication__Neurological_disease,pipeline/indication,,,
scorecard::acl-513_(ckd-513)_20260820,Scorecard - ACL-513 (CKD-513),scorecard,Scorecard__ACL-513_(CKD-513)__20260820,pipeline/scorecard,2,Do not run Full Scout,E0
source::https_www.ckdpharm.com_en_research_project.do,Chong Kun Dang current R&D pipeline,source,Source__Chong_Kun_Dang_current_R&D_pipeline,pipeline/source;source/other,,,E0
asset::snr1611,SNR1611,asset,Asset__SNR1611,pipeline/asset;theme/others,5,Run Full Scout,E0
company::genuv,GENUV,company,Company__GENUV,pipeline/company,,,
target::mek1_2,MEK1/2,target,Target__MEK1_2,pipeline/target,,,
moa::mek1_2_inhibitor;_neuroprotective_neuroregenerative_program,MEK1/2 inhibitor; neuroprotective/neuroregenerative program,moa,MoA__MEK1_2_inhibitor;_neuroprotective_neuroregenerative_program,pipeline/moa,,,
indication::amyotrophic_lateral_sclerosis;_alzheimer's_disease,Amyotrophic lateral sclerosis; Alzheimer's disease,indication,Indication__Amyotrophic_lateral_sclerosis;_Alzheimer's_disease,pipeline/indication,,,
scorecard::snr1611_20260820,Scorecard - SNR1611,scorecard,Scorecard__SNR1611__20260820,pipeline/scorecard,5,Run Full Scout,E0
source::https_genuv.com_pipeline_pipeline-en,GENUV current pipeline,source,Source__GENUV_current_pipeline,pipeline/source;source/other,,,E0
source::https_genuv.com_tech_platform01-en,GENUV SNR platform page,source,Source__GENUV_SNR_platform_page,pipeline/source;source/official_company,,,E0
asset::as-301,AS-301,asset,Asset__AS-301,pipeline/asset;theme/unknown,4,Do not run Full Scout,E0
moa::tau_inhibitor,TAU inhibitor,moa,MoA__TAU_inhibitor,pipeline/moa,,,
scorecard::as-301_20260820,Scorecard - AS-301,scorecard,Scorecard__AS-301__20260820,pipeline/scorecard,4,Do not run Full Scout,E0
source::https_synapse.patsnap.com_drug_b5030398be0c470ea07ac49251fde808,Synapse AS-301 profile,source,Source__Synapse_AS-301_profile,pipeline/source;source/other,,,E0
asset::yhc2133,YHC2133,asset,Asset__YHC2133,pipeline/asset;theme/neuroimmune,3,Do not run Full Scout,E0
company::yuhan,Yuhan,company,Company__Yuhan,pipeline/company,,,
moa::immune-response_modulation_against_cns_disease-causing_factor,Immune-response modulation against CNS disease-causing factor,moa,MoA__Immune-response_modulation_against_CNS_disease-causing_factor,pipeline/moa,,,
scorecard::yhc2133_20260820,Scorecard - YHC2133,scorecard,Scorecard__YHC2133__20260820,pipeline/scorecard,3,Do not run Full Scout,E0
source::https_yuhan.co.kr_research_pipeline_top=y,Yuhan current R&D pipeline,source,Source__Yuhan_current_R&D_pipeline,pipeline/source;source/other,,,E0
source::https_kind.krx.co.kr_external_2024_06_28_001185_20240628002143_%ec%9c%a_36f8355b,Yuhan 2023-2024 sustainability report,source,Source__Yuhan_2023-2024_sustainability_report,pipeline/source;source/regulatory_filing,,,E0
"asset::intractable_brain_diseases_therapy,_dong-ast","intractable brain diseases therapy, Dong-AST",asset,"Asset__intractable_brain_diseases_therapy,_Dong-AST",pipeline/asset;theme/unknown,0,Verify asset identity,E0
company::dong-a_st,Dong-A ST,company,Company__Dong-A_ST,pipeline/company,,,
"scorecard::intractable_brain_diseases_therapy,_dong-ast_20260820","Scorecard - intractable brain diseases therapy, Dong-AST",scorecard,"Scorecard__intractable_brain_diseases_therapy,_Dong-AST__20260820",pipeline/scorecard,0,Verify asset identity,E0
source::https_www.asiae.co.kr_en_article_2025082209351631429,Dong-A ST/Gradient brain-disease collaboration report,source,Source__Dong-A_ST_Gradient_brain-disease_collaboration_report,pipeline/source;source/other,,,E0
asset::lb-p4,LB-P4,asset,Asset__LB-P4,pipeline/asset;theme/unknown,4,Do not run Full Scout,E0
company::liscure_biosciences,LISCure Biosciences,company,Company__LISCure_Biosciences,pipeline/company,,,
moa::microbiome_microbial-metabolite_based_cns_modulation,Microbiome/microbial-metabolite based CNS modulation,moa,MoA__Microbiome_microbial-metabolite_based_CNS_modulation,pipeline/moa,,,
scorecard::lb-p4_20260820,Scorecard - LB-P4,scorecard,Scorecard__LB-P4__20260820,pipeline/scorecard,4,Do not run Full Scout,E0
source::https_www.liscure.bio_kr,LISCure current website,source,Source__LISCure_current_website,pipeline/source;source/other,,,E0
source::https_www.liscure.bio_kr_board_board.php_bo_table=pr_kr&idx=22&pg=2,LISCure LB-P4 PR,source,Source__LISCure_LB-P4_PR,pipeline/source;source/official_company,,,E0
asset::srn-008,SRN-008,asset,Asset__SRN-008,pipeline/asset;theme/protein_homeostasis,7,Run Full Scout,E0
company::sirnagen_therapeutics,siRNAgen Therapeutics,company,Company__siRNAgen_Therapeutics,pipeline/company,,,
target::bace1;_mapt,BACE1; MAPT,target,Target__BACE1;_MAPT,pipeline/target,,,
moa::dual_rnai_knockdown_using_glut-samirna,Dual RNAi knockdown using Glut-SAMiRNA,moa,MoA__Dual_RNAi_knockdown_using_Glut-SAMiRNA,pipeline/moa,,,
scorecard::srn-008_20260820,Scorecard - SRN-008,scorecard,Scorecard__SRN-008__20260820,pipeline/scorecard,7,Run Full Scout,E0
source::https_patents.google.com_patent_wo2023230099a1_en,SRN-008 patent WO2023230099A1,source,Source__SRN-008_patent_WO2023230099A1,pipeline/source;source/other,,,E0
source::https_synapse.patsnap.com_drug_afca8d6ee9bdac05ac98a2d4015dca48,Synapse SRN-008 profile,source,Source__Synapse_SRN-008_profile,pipeline/source;source/industry_database,,,E0
asset::isu203,ISU203,asset,Asset__ISU203,pipeline/asset;theme/neuroimmune,8,Run Full Scout,E0
company::isu_abxis,ISU ABXIS,company,Company__ISU_ABXIS,pipeline/company,,,
target::acid_sphingomyelinase_(asm),Acid sphingomyelinase (ASM),target,Target__Acid_sphingomyelinase_(ASM),pipeline/target,,,
moa::anti-asm_monoclonal_antibody;_neuroinflammation_suppression_and_aβ_plaq_f45e0bc1,Anti-ASM monoclonal antibody; neuroinflammation suppression and Aβ plaque clearance,moa,MoA__Anti-ASM_monoclonal_antibody;_neuroinflammation_suppression_and_Aβ_plaq_f45e0bc1,pipeline/moa,,,
scorecard::isu203_20260820,Scorecard - ISU203,scorecard,Scorecard__ISU203__20260820,pipeline/scorecard,8,Run Full Scout,E0
source::https_www.abxis.com_kor_public_getprc1001view.do_idx=189,ISU ABXIS ISU203 company update,source,Source__ISU_ABXIS_ISU203_company_update,pipeline/source;source/other,,,E0
source::https_alz-journals.onlinelibrary.wiley.com_doi_abs_10.1002_alz.082288,Alzheimer's & Dementia ISU203 abstract,source,Source__Alzheimer's_&_Dementia_ISU203_abstract,pipeline/source;source/peer_reviewed,,,E0
source::https_kind.krx.co.kr_external_dst_irreference_17132_ir%20book_2q2025_is_3637e59f,ISU ABXIS 2Q2025 IR,source,Source__ISU_ABXIS_2Q2025_IR,pipeline/source;source/regulatory_filing,,,E0
company::kyungpook_national_university_isu_abxis,Kyungpook National University / ISU ABXIS,company,Company__Kyungpook_National_University_ISU_ABXIS,pipeline/company,,,
asset::ab-12_(iv),AB-12 (IV),asset,Asset__AB-12_(IV),pipeline/asset;theme/protein_homeostasis,8,Run Full Scout,E0
company::autotac_bio,AUTOTAC Bio,company,Company__AUTOTAC_Bio,pipeline/company,,,
target::tau_oligomers_aggregates,Tau oligomers/aggregates,target,Target__Tau_oligomers_aggregates,pipeline/target,,,
moa::autotac-mediated_tau_aggregate_degradation,AUTOTAC-mediated tau aggregate degradation,moa,MoA__AUTOTAC-mediated_tau_aggregate_degradation,pipeline/moa,,,
scorecard::ab-12_(iv)_20260820,Scorecard - AB-12 (IV),scorecard,Scorecard__AB-12_(IV)__20260820,pipeline/scorecard,8,Run Full Scout,E0
source::https_adisinsight.springer.com_drugs_800079209,AdisInsight AB-12 profile,source,Source__AdisInsight_AB-12_profile,pipeline/source;source/industry_database,,,E0
asset::alzheimer's_disease_vaccine_(padivax+),Alzheimer's disease vaccine (PADIVAX+),asset,Asset__Alzheimer's_disease_vaccine_(PADIVAX+),pipeline/asset;theme/protein_homeostasis,5,Do not run Full Scout,E0
company::eubiologics,EuBiologics,company,Company__EuBiologics,pipeline/company,,,
target::amyloid_and_tau_antigens,Amyloid and tau antigens,target,Target__Amyloid_and_tau_antigens,pipeline/target,,,
moa::active_immunization_against_amyloid_tau_antigens,Active immunization against amyloid/tau antigens,moa,MoA__Active_immunization_against_amyloid_tau_antigens,pipeline/moa,,,
scorecard::alzheimer's_disease_vaccine_(padivax+)_20260820,Scorecard - Alzheimer's disease vaccine (PADIVAX+),scorecard,Scorecard__Alzheimer's_disease_vaccine_(PADIVAX+)__20260820,pipeline/scorecard,5,Do not run Full Scout,E0
source::https_eubiologics.com_eng_sub2_2.php,EuBiologics current R&D page,source,Source__EuBiologics_current_R&D_page,pipeline/source;source/other,,,E0
source::https_www.linkedin.com_company_eubiologics_posts,EuBiologics company update on AD vaccine,source,Source__EuBiologics_company_update_on_AD_vaccine,pipeline/source;source/official_company_social,,,E0
source::https_synapse.patsnap.com_drug_7d3a7b2a6be74120a15fd606b640fe28,Synapse EuBiologics AD vaccine profile,source,Source__Synapse_EuBiologics_AD_vaccine_profile,pipeline/source;source/industry_database,,,E0
asset::nly02_(1st-103),NLY02 (1ST-103),asset,Asset__NLY02_(1ST-103),pipeline/asset;theme/neuroimmune,7,Run Full Scout,E0
scorecard::nly02_(1st-103)_20260820,Scorecard - NLY02 (1ST-103),scorecard,Scorecard__NLY02_(1ST-103)__20260820,pipeline/scorecard,7,Run Full Scout,E0
asset::atb-501,ATB-501,asset,Asset__ATB-501,pipeline/asset;theme/unknown,0,Verify asset identity,E0
company::autotelic_bio,Autotelic Bio,company,Company__Autotelic_Bio,pipeline/company,,,
scorecard::atb-501_20260820,Scorecard - ATB-501,scorecard,Scorecard__ATB-501__20260820,pipeline/scorecard,0,Verify asset identity,E0
source::https_www.autotelic.co.kr_en_sub_pipeline_pipeline.php,Autotelic Bio - Pipeline,source,Source__Autotelic_Bio_-_Pipeline,pipeline/source;source/other,,,E0
asset::aukontals,Aukontals,asset,Asset__Aukontals,pipeline/asset;theme/others,5,Run Full Scout,E0
company::auzone_biological_technology,Auzone Biological Technology,company,Company__Auzone_Biological_Technology,pipeline/company,,,
target::free_radicals,Free radicals,target,Target__Free_radicals,pipeline/target,,,
moa::free-radical_scavenger;_antioxidative_stress,Free-radical scavenger; antioxidative stress,moa,MoA__Free-radical_scavenger;_antioxidative_stress,pipeline/moa,,,
indication::amyotrophic_lateral_sclerosis_(als);_acute_ischemic_stroke;_early_sympt_a786f38d,Amyotrophic lateral sclerosis (ALS); acute ischemic stroke; early symptomatic Alzheimer's disease; autism spectrum disorder,indication,Indication__Amyotrophic_lateral_sclerosis_(ALS);_acute_ischemic_stroke;_early_sympt_a786f38d,pipeline/indication,,,
scorecard::aukontals_20260820,Scorecard - Aukontals,scorecard,Scorecard__Aukontals__20260820,pipeline/scorecard,5,Run Full Scout,E0
source::https_paragraphfour.com_wp-content_uploads_2023_07_njdc25cv3326a.pdf,"Auzone Answer and Counterclaims, NDA No. 219846 (U.S. District Court filing)",source,"Source__Auzone_Answer_and_Counterclaims,_NDA_No._219846_(U.S._District_Court_filing)",pipeline/source;source/other,,,E0
source::https_data.pharmacodia.com_drugs_details_1887768664359305240,Pharmacodia - Edaravone tablet (Shanghai Auzone Biological Technology),source,Source__Pharmacodia_-_Edaravone_tablet_(Shanghai_Auzone_Biological_Technology),pipeline/source;source/drug_intelligence_database,,,E0
source::https_delta.larvol.com_products_productid=aa7f0fb6-7553-49ae-95ea-7b173d956733,"LARVOL DELTA - Aukontals (edaravone oral) / Auzone Biological, Huadong Medicine",source,"Source__LARVOL_DELTA_-_Aukontals_(edaravone_oral)_Auzone_Biological,_Huadong_Medicine",pipeline/source;source/biopharma_intelligence_aggregator,,,E0
source::https_www.accessdata.fda.gov_drugsatfda_docs_label_2022_209176s012lbl.pdf,FDA Prescribing Information - RADICAVA / RADICAVA ORS (edaravone),source,Source__FDA_Prescribing_Information_-_RADICAVA_RADICAVA_ORS_(edaravone),pipeline/source;source/regulatory_label,,,E0
asset::acp-brain_disease_research_project,ACP-Brain Disease Research Project,asset,Asset__ACP-Brain_Disease_Research_Project,pipeline/asset;theme/unknown,0,Verify asset identity,E0
company::avixgen,Avixgen,company,Company__Avixgen,pipeline/company,,,
scorecard::acp-brain_disease_research_project_20260820,Scorecard - ACP-Brain Disease Research Project,scorecard,Scorecard__ACP-Brain_Disease_Research_Project__20260820,pipeline/scorecard,0,Verify asset identity,E0
source::https_avixgen.com_eng_sub_pipeline_index.php,Avixgen - Clinical and development status,source,Source__Avixgen_-_Clinical_and_development_status,pipeline/source;source/other,,,E0
source::https_avixgen.com_eng_sub_pipeline_product1_9.php,Avixgen - ACP platform,source,Source__Avixgen_-_ACP_platform,pipeline/source;source/official_company_platform_page,,,E0
asset::axn-1501,AXN-1501,asset,Asset__AXN-1501,pipeline/asset;theme/unknown,3,Do not run Full Scout,E0
company::axceso_biopharma,Axceso Biopharma,company,Company__Axceso_Biopharma,pipeline/company,,,
target::sirt1,SIRT1,target,Target__SIRT1,pipeline/target,,,
moa::sirt1_stimulant,SIRT1 stimulant,moa,MoA__SIRT1_stimulant,pipeline/moa,,,
scorecard::axn-1501_20260820,Scorecard - AXN-1501,scorecard,Scorecard__AXN-1501__20260820,pipeline/scorecard,3,Do not run Full Scout,E0
source::https_synapse.patsnap.com_organization_9e5e4b40b472ceabb19a88c37b5340f0,Synapse - Axceso Biopharma Co. Ltd. pipeline,source,Source__Synapse_-_Axceso_Biopharma_Co._Ltd._pipeline,pipeline/source;source/other,,,E0
source::https_synapse.patsnap.com_drug_237c58bbaef74d41827f938aad50a873,Synapse - AXN-1501,source,Source__Synapse_-_AXN-1501,pipeline/source;source/biopharma_intelligence_database,,,E0
asset::axn-1901,AXN-1901,asset,Asset__AXN-1901,pipeline/asset;theme/unknown,3,Do not run Full Scout,E0
scorecard::axn-1901_20260820,Scorecard - AXN-1901,scorecard,Scorecard__AXN-1901__20260820,pipeline/scorecard,3,Do not run Full Scout,E0
source::https_synapse.patsnap.com_drug_018ac73cccde49b297c26ece067c08df,Synapse - AXN-1901,source,Source__Synapse_-_AXN-1901,pipeline/source;source/biopharma_intelligence_database,,,E0
asset::azbe53206,AZBE53206,asset,Asset__AZBE53206,pipeline/asset;theme/unknown,0,Verify asset identity,E0
company::azothbio,AZothBio,company,Company__AZothBio,pipeline/company,,,
scorecard::azbe53206_20260820,Scorecard - AZBE53206,scorecard,Scorecard__AZBE53206__20260820,pipeline/scorecard,0,Verify asset identity,E0
source::https_synapse.patsnap.com_organization_8e13cd3c07e71715c6da726e023d66ee,Synapse - AZothBio Inc. pipeline,source,Source__Synapse_-_AZothBio_Inc._pipeline,pipeline/source;source/other,,,E0
company::vasthera,VASTHERA,company,Company__VASTHERA,pipeline/company,,,
target::peroxiredoxin_redox_homeostasis_astrocytic_stat3_signaling,Peroxiredoxin redox homeostasis / astrocytic STAT3 signaling,target,Target__Peroxiredoxin_redox_homeostasis_astrocytic_STAT3_signaling,pipeline/target,,,
moa::prx-mimetic_redox_modulation_that_suppresses_astrocytic_stat3_phosphory_09bab40c,PRX-mimetic redox modulation that suppresses astrocytic STAT3 phosphorylation/reactivation and is intended to protect neurons.,moa,MoA__PRX-mimetic_redox_modulation_that_suppresses_astrocytic_STAT3_phosphory_09bab40c,pipeline/moa,,,
indication::mild-to-moderate_alzheimer's_disease;_parkinson's_disease_is_only_a_pot_8b9f0f09,Mild-to-moderate Alzheimer's disease; Parkinson's disease is only a potential expansion concept.,indication,Indication__Mild-to-moderate_Alzheimer's_disease;_Parkinson's_disease_is_only_a_pot_8b9f0f09,pipeline/indication,,,
scorecard::vta-27_20260806,Scorecard - VTA-27,scorecard,Scorecard__VTA-27__20260806,pipeline/scorecard,13,Watch,E3
competitor::eisai_biogen_competitor_eisai_biogen_unknown_competitor,Competitor__Eisai_Biogen__Unknown_Competitor,competitor,Competitor__Eisai_Biogen__Unknown_Competitor,pipeline/competitor,,,
competitor::eli_lilly_competitor_eli_lilly_unknown_competitor,Competitor__Eli_Lilly__Unknown_Competitor,competitor,Competitor__Eli_Lilly__Unknown_Competitor,pipeline/competitor,,,
competitor::biogen_ionis_competitor_biogen_ionis_unknown_competitor,Competitor__Biogen_Ionis__Unknown_Competitor,competitor,Competitor__Biogen_Ionis__Unknown_Competitor,pipeline/competitor,,,
competitor::sanofi_former_vigil_neuroscience_competitor_sanofi_former_vigil_neurosc_2a43d758,Competitor__Sanofi_former_Vigil_Neuroscience__Unknown_Competitor,competitor,Competitor__Sanofi_former_Vigil_Neuroscience__Unknown_Competitor,pipeline/competitor,,,
competitor::ac_immune_competitor_ac_immune_unknown_competitor,Competitor__AC_Immune__Unknown_Competitor,competitor,Competitor__AC_Immune__Unknown_Competitor,pipeline/competitor,,,
competitor::alector_competitor_alector_unknown_competitor,Competitor__Alector__Unknown_Competitor,competitor,Competitor__Alector__Unknown_Competitor,pipeline/competitor,,,
source::evidence_source,Evidence source,source,Source__Evidence_source,pipeline/source;source/company_deck,,,E3
source::https_www.vasthera.com_about_about.php,Evidence source,source,Source__Evidence_source,pipeline/source;source/official_company,,,E3
source::https_pubmed.ncbi.nlm.nih.gov_41875826,Evidence source,source,Source__Evidence_source,pipeline/source;source/peer_reviewed_review,,,E3
source::https_clinicaltrials.gov_study_nct05399888,Evidence source,source,Source__Evidence_source,pipeline/source;source/clinical_registry,,,E3
source::https_ichgcp.net_ko_clinical-trials-registry_nct07688213,Evidence source,source,Source__Evidence_source,pipeline/source;source/clinical_registry_mirror,,,E3
source::https_clinicaltrials.gov_study_nct07463196,Evidence source,source,Source__Evidence_source,pipeline/source;source/clinical_registry,,,E3
source::https_clinicaltrials.gov_study_nct04592874,Evidence source,source,Source__Evidence_source,pipeline/source;source/clinical_registry,,,E3
source::https_www.alz.org_getmedia_ef8f48f9-ad36-48ea-87f9-b74034635c1e_alzheim_d436d756,Evidence source,source,Source__Evidence_source,pipeline/source;source/epidemiology_report,,,E3
source::https_www.precisionmedicineonline.com_business-news_eli-lilly-posts-str_888b9d4a,Evidence source,source,Source__Evidence_source,pipeline/source;source/market_news,,,E3
source::https_synapse.patsnap.com_drug_1e188d0bdf794df49d00edb2a1d03d3c,Evidence source,source,Source__Evidence_source,pipeline/source;source/commercial_database_profile,,,E3
source::target_relevance_evidence,target_relevance evidence,source,Source__target_relevance_evidence,pipeline/source;source/company_deck,,,E3
source::competitive_landscape_evidence,competitive_landscape evidence,source,Source__competitive_landscape_evidence,pipeline/source;source/company_deck,,,E3
source::moa_validity_evidence,moa_validity evidence,source,Source__moa_validity_evidence,pipeline/source;source/company_deck,,,E3
source::platform_attractiveness_evidence,platform_attractiveness evidence,source,Source__platform_attractiveness_evidence,pipeline/source;source/company_deck,,,E3
source::expansion_potential_evidence,expansion_potential evidence,source,Source__expansion_potential_evidence,pipeline/source;source/company_deck,,,E3
source::data_maturity_evidence,data_maturity evidence,source,Source__data_maturity_evidence,pipeline/source;source/company_deck,,,E3
source::marketability_evidence,marketability evidence,source,Source__marketability_evidence,pipeline/source;source/company_deck,,,E3
asset::ab-ad-002,AB-AD-002,asset,Asset__AB-AD-002,pipeline/asset;theme/unknown,0,Verify asset identity,E0
company::aliadbiopharma,Aliadbiopharma,company,Company__Aliadbiopharma,pipeline/company,,,
scorecard::ab-ad-002_20260819,Scorecard - AB-AD-002,scorecard,Scorecard__AB-AD-002__20260819,pipeline/scorecard,0,Verify asset identity,E0
asset::ab-asd-003,AB-ASD-003,asset,Asset__AB-ASD-003,pipeline/asset;theme/unknown,1,Do not run Full Scout,E0
"company::aliad_biopharma,_inc","Aliad Biopharma, Inc.",company,"Company__Aliad_Biopharma,_Inc",pipeline/company,,,
indication::autism_spectrum_disorder,Autism spectrum disorder,indication,Indication__Autism_spectrum_disorder,pipeline/indication,,,
scorecard::ab-asd-003_20260819,Scorecard - AB-ASD-003,scorecard,Scorecard__AB-ASD-003__20260819,pipeline/scorecard,1,Do not run Full Scout,E0
source::https_synapse.patsnap.com_drug_137f0d83ed1e4d5abbb58d228a6133e6,Synapse — AB-ASD-003,source,Source__Synapse_—_AB-ASD-003,pipeline/source;source/other,,,E0
source::https_www.aliadbiopharma.com_page_rs02,Aliad Biopharma — mTORC2 core technology,source,Source__Aliad_Biopharma_—_mTORC2_core_technology,pipeline/source;source/official_company_science,,,E0
asset::as-603,AS-603,asset,Asset__AS-603,pipeline/asset;theme/protein_homeostasis,9,Run Full Scout,E0
company::amyloid_solution_inc,Amyloid Solution Inc,company,Company__Amyloid_Solution_Inc,pipeline/company,,,
target::aβ_and_tau_aggregates,Aβ and tau aggregates,target,Target__Aβ_and_tau_aggregates,pipeline/target,,,
moa::direct_chemical_dissociation_clearance_of_aβ_and_tau_aggregates,Direct chemical dissociation/clearance of Aβ and tau aggregates,moa,MoA__Direct_chemical_dissociation_clearance_of_Aβ_and_tau_aggregates,pipeline/moa,,,
scorecard::as-603_20260819,Scorecard - AS-603,scorecard,Scorecard__AS-603__20260819,pipeline/scorecard,9,Run Full Scout,E0
source::https_clinicaltrials.gov_study_nct06786676,ClinicalTrials.gov — NCT06786676,source,Source__ClinicalTrials.gov_—_NCT06786676,pipeline/source;source/other,,,E0
source::https_pmc.ncbi.nlm.nih.gov_articles_pmc12740438,Alzheimer's & Dementia — AS-S603 AAIC 2025 abstract,source,Source__Alzheimer's_&_Dementia_—_AS-S603_AAIC_2025_abstract,pipeline/source;source/peer_reviewed_conference_abstract,,,E0
source::https_synapse.patsnap.com_drug_5898c8800e4142b6bdc035b718d6a7cc,Synapse — AS-603,source,Source__Synapse_—_AS-603,pipeline/source;source/drug_database,,,E0
asset::ckr-492,CKR-492,asset,Asset__CKR-492,pipeline/asset;theme/others,5,Run Full Scout,E0
company::ck_regeon_inc,CK Regeon Inc.,company,Company__CK_Regeon_Inc,pipeline/company,,,
target::cxxc5-dvl_ppi_wnt-β-catenin_pathway,CXXC5-Dvl PPI / Wnt-β-catenin pathway,target,Target__CXXC5-Dvl_PPI_Wnt-β-catenin_pathway,pipeline/target,,,
moa::cxxc5-dvl_ppi_inhibition_to_restore_wnt_β-catenin_signaling,CXXC5-Dvl PPI inhibition to restore Wnt/β-catenin signaling,moa,MoA__CXXC5-Dvl_PPI_inhibition_to_restore_Wnt_β-catenin_signaling,pipeline/moa,,,
scorecard::ckr-492_20260819,Scorecard - CKR-492,scorecard,Scorecard__CKR-492__20260819,pipeline/scorecard,5,Run Full Scout,E0
source::https_synapse.patsnap.com_organization_da31af23213025f08e00c752ce41a5b8,Synapse — CK Regeon pipeline,source,Source__Synapse_—_CK_Regeon_pipeline,pipeline/source;source/other,,,E0
source::https_ckregeon.com_ko_developing-items-ko,CK Regeon — Developing Items,source,Source__CK_Regeon_—_Developing_Items,pipeline/source;source/official_company_pipeline_science,,,E0
source::https_ckregeon.com_pressrelease_mod=document&uid=72,CK Regeon — Alzheimer patent/program update,source,Source__CK_Regeon_—_Alzheimer_patent_program_update,pipeline/source;source/official_company_press_release,,,E0
source::https_www.hkn24.com_news_articleview.html_idxno=346280,Health Korea News — CKR-492 pipeline,source,Source__Health_Korea_News_—_CKR-492_pipeline,pipeline/source;source/reputable_biotech_news,,,E0
asset::cpb2101,CPB2101,asset,Asset__CPB2101,pipeline/asset;theme/unknown,1,Do not run Full Scout,E0
"company::corepharm_bio_co.,_ltd","Corepharm Bio Co., Ltd.",company,"Company__Corepharm_Bio_Co.,_Ltd",pipeline/company,,,
"indication::pain;_non-narcotic_analgesic,_neuropathic_subtype_not_confirmed","Pain; non-narcotic analgesic, neuropathic subtype not confirmed",indication,"Indication__Pain;_non-narcotic_analgesic,_neuropathic_subtype_not_confirmed",pipeline/indication,,,
scorecard::cpb2101_20260819,Scorecard - CPB2101,scorecard,Scorecard__CPB2101__20260819,pipeline/scorecard,1,Do not run Full Scout,E0
source::https_www.corepharm.com_eng_product_pipeline.php,Corepharm Bio pipeline,source,Source__Corepharm_Bio_pipeline,pipeline/source;source/other,,,E0
source::https_synapse.patsnap.com_drug_0c00a1fab8214d978981ef3d50d834fd,Synapse — CPB2101,source,Source__Synapse_—_CPB2101,pipeline/source;source/drug_database,,,E0
asset::ctx-pd02_03,CTX-PD02/03,asset,Asset__CTX-PD02_03,pipeline/asset;theme/others,5,Do not run Full Scout,E0
company::ctx_inc,CTX Inc.,company,Company__CTX_Inc,pipeline/company,,,
moa::combinatorial_ipsc-based_cell_therapy_to_improve_transplanted-neuron_re_d86879c1,Combinatorial iPSC-based cell therapy to improve transplanted-neuron recovery and integration,moa,MoA__Combinatorial_iPSC-based_cell_therapy_to_improve_transplanted-neuron_re_d86879c1,pipeline/moa,,,
scorecard::ctx-pd02_03_20260819,Scorecard - CTX-PD02/03,scorecard,Scorecard__CTX-PD02_03__20260819,pipeline/scorecard,5,Do not run Full Scout,E0
source::https_cell-tx.com_en_sub_pipe_pipe.php,CTX pipeline — CTX-PD01,source,Source__CTX_pipeline_—_CTX-PD01,pipeline/source;source/other,,,E0
asset::ctx-pd01,CTX-PD01,asset,Asset__CTX-PD01,pipeline/asset;theme/others,4,Do not run Full Scout,E0
target::midbrain_dopaminergic_cell_replacement,Midbrain dopaminergic cell replacement,target,Target__Midbrain_dopaminergic_cell_replacement,pipeline/target,,,
moa::autologous_ipsc-derived_mdap_mdan_transplantation,Autologous iPSC-derived mDAP/mDAN transplantation,moa,MoA__Autologous_iPSC-derived_mDAP_mDAN_transplantation,pipeline/moa,,,
scorecard::ctx-pd01_20260819,Scorecard - CTX-PD01,scorecard,Scorecard__CTX-PD01__20260819,pipeline/scorecard,4,Do not run Full Scout,E0
source::https_www.cell-tx.com_en_sub_company_history.php,CTX company history,source,Source__CTX_company_history,pipeline/source;source/official_company_history,,,E0
asset::cur202,CUR202,asset,Asset__CUR202,pipeline/asset;theme/others,8,Run Full Scout,E0
company::curamys_inc,Curamys Inc.,company,Company__Curamys_Inc,pipeline/company,,,
target::motor-neuron_tissue_restoration_via_cell_fusion,Motor-neuron/tissue restoration via cell fusion,target,Target__Motor-neuron_tissue_restoration_via_cell_fusion,pipeline/target,,,
moa::therapeutic_cell_fusion_using_engineered_stem_cells_to_restore_diseased_dff3bf62,Therapeutic cell fusion using engineered stem cells to restore diseased cells and sustain protein expression,moa,MoA__Therapeutic_cell_fusion_using_engineered_stem_cells_to_restore_diseased_dff3bf62,pipeline/moa,,,
indication::amyotrophic_lateral_sclerosis_(lou_gehrig's_disease),Amyotrophic lateral sclerosis (Lou Gehrig's disease),indication,Indication__Amyotrophic_lateral_sclerosis_(Lou_Gehrig's_disease),pipeline/indication,,,
scorecard::cur202_20260819,Scorecard - CUR202,scorecard,Scorecard__CUR202__20260819,pipeline/scorecard,8,Run Full Scout,E0
source::https_www.curamys.com,Curamys official website,source,Source__Curamys_official_website,pipeline/source;source/other,,,E0
source::https_www.dongascience.com_ko_news_73348,Donga Science — CUR202,source,Source__Donga_Science_—_CUR202,pipeline/source;source/reputable_science_news,,,E0
asset::dm3159,DM3159,asset,Asset__DM3159,pipeline/asset;theme/others,6,Run Full Scout,E0
company::digmbio_inc,DigmBio Inc.,company,Company__DigmBio_Inc,pipeline/company,,,
target::tas1r3,TAS1R3,target,Target__TAS1R3,pipeline/target,,,
moa::tas1r3_agonism_activating_signaling_for_neuroprotection_and_functional_recovery,TAS1R3 agonism activating signaling for neuroprotection and functional recovery,moa,MoA__TAS1R3_agonism_activating_signaling_for_neuroprotection_and_functional_recovery,pipeline/moa,,,
scorecard::dm3159_20260819,Scorecard - DM3159,scorecard,Scorecard__DM3159__20260819,pipeline/scorecard,6,Run Full Scout,E0
source::https_digmbio.com_bbs_content.php_co_id=pipeline,DigmBio pipeline,source,Source__DigmBio_pipeline,pipeline/source;source/other,,,E0
source::https_m.biospectator.com_view_news_view.php_varatcid=29483,BioSpectator — DM3159 preclinical program,source,Source__BioSpectator_—_DM3159_preclinical_program,pipeline/source;source/reputable_biotech_news,,,E0
asset::dm3190,DM3190,asset,Asset__DM3190,pipeline/asset;theme/others,6,Run Full Scout,E0
target::tas2r_gpcr,TAS2R GPCR,target,Target__TAS2R_GPCR,pipeline/target,,,
moa::tas2r_gpcr_modulation_in_parkinson's_disease,TAS2R GPCR modulation in Parkinson's disease,moa,MoA__TAS2R_GPCR_modulation_in_Parkinson's_disease,pipeline/moa,,,
scorecard::dm3190_20260819,Scorecard - DM3190,scorecard,Scorecard__DM3190__20260819,pipeline/scorecard,6,Run Full Scout,E0
source::https_www.digmbio.co.kr_bbs_board.php_bo_table=online&wr_id=28,DigmBio press coverage — DM3190/TAS2R,source,Source__DigmBio_press_coverage_—_DM3190_TAS2R,pipeline/source;source/official_company_press_page,,,E0
source::https_m.biospectator.com_view_news_view.php_varatcid=27178,BioSpectator — TAS2R GPCR Parkinson program,source,Source__BioSpectator_—_TAS2R_GPCR_Parkinson_program,pipeline/source;source/reputable_biotech_news,,,E0
